id,dataset,label,subtype,subject,body,style,sender_type,difficulty,ner_organizations,ner_people,ner_locations,ner_job_titles,ner_dates,ner_urls
JOB-00001,job_search,rejection,other_candidates,Regarding your application,"Thank you for speaking with our team about the Customer Success Manager role. Unfortunately, we will not be progressing your application to the next stage.",human,hr,hard,,,,Customer Success Manager,,
JOB-00002,job_search,acceptance_progression,assessment,We'd like to move forward,Thank you for speaking with us. The team enjoyed learning about your experience and would like to continue the conversation. We would like to arrange the next interview with you.,automated,hiring_manager,adversarial,,,,,,
JOB-00003,job_search,application_notification,application_under_review,Application received — Frontend Developer,"Thank you for your interest in the Frontend Developer position at Pinecrest Media. We have received your application and our hiring team will review it. We will contact you if there is a suitable next step.

Best regards,
Daniel Wilson",human,recruiter,hard,Pinecrest Media,Daniel Wilson,,Frontend Developer,,
JOB-00004,job_search,acceptance_progression,offer,Assessment invitation,We would like to invite you to complete the next stage of our selection process. The assessment will help the team evaluate your skills for the Project Coordinator role.,automated,ats,medium,,,,Project Coordinator,,
JOB-00005,job_search,acceptance_progression,final_interview,Assessment invitation,We would like to invite you to complete the next stage of our selection process. The assessment will help the team evaluate your skills for the Content Strategist role.,semi_automated,ats,easy,,,,Content Strategist,,
JOB-00006,job_search,rejection,other_candidates,Update on your Operations Specialist application,"Thank you for applying for the Operations Specialist position at BluePeak Analytics. After careful consideration, we have decided not to move forward with your application at this time.",automated,hr,adversarial,BluePeak Analytics,,,Operations Specialist,,
JOB-00007,job_search,acceptance_progression,assessment,Next step in your application,"Hello Jamie,

We are pleased to let you know that your application has progressed to the next stage. Please provide your availability for an interview with the hiring team.

The interview team is based in London.

Best regards,
Jamie Andersson",automated,hiring_manager,easy,,Jamie Andersson,London,,,
JOB-00008,job_search,acceptance_progression,move_forward,Interview invitation — Product Manager,We have reviewed your application for the Product Manager position at Lighthouse Cloud and would like to invite you to the next stage of the process. Please use https://example.test/schedule to select a convenient time.,automated,company,hard,Lighthouse Cloud,,,Product Manager,,https://example.test/schedule
JOB-00009,job_search,rejection,generic_automated_rejection,Application outcome,The review for the Software Engineer position is now complete. We will be moving forward with another candidate. Thank you for your interest in Northstar Technologies.,automated,ats,hard,Northstar Technologies,,,Software Engineer,,
JOB-00010,job_search,rejection,post_application_review,Application outcome,The review for the Frontend Developer position is now complete. We will be moving forward with another candidate. Thank you for your interest in Atlas Software.,human,recruiter,medium,Atlas Software,,,Frontend Developer,,
JOB-00011,job_search,rejection,other_candidates,Recruitment update,"We were impressed by your background and appreciated the opportunity to learn more about you. At this stage, however, we have chosen to take the process in a different direction.

Best regards,
Casey Miller",automated,company,easy,,Casey Miller,,,,
JOB-00012,job_search,rejection,post_final_interview,Update on your Product Manager application,"Thank you for applying for the Product Manager position at Redwood Solutions. After careful consideration, we have decided not to move forward with your application at this time.",human,hiring_manager,hard,Redwood Solutions,,,Product Manager,,
JOB-00013,job_search,application_notification,application_submitted,Application received — Product Manager,Thank you for your interest in the Product Manager position at Summit Retail. We have received your application and our hiring team will review it. We will contact you if there is a suitable next step.,automated,hiring_manager,easy,Summit Retail,,,Product Manager,,
JOB-00014,job_search,rejection,generic_automated_rejection,Recruitment update,"We were impressed by your background and appreciated the opportunity to learn more about you. At this stage, however, we have chosen to take the process in a different direction.",automated,company,adversarial,,,,,,
JOB-00015,job_search,rejection,generic_automated_rejection,Update on your Business Analyst application,"Thank you for applying for the Business Analyst position at Oakridge Financial. After careful consideration, we have decided not to move forward with your application at this time.",semi_automated,ats,medium,Oakridge Financial,,,Business Analyst,,
JOB-00016,job_search,rejection,post_application_review,Recruitment update,"We were impressed by your background and appreciated the opportunity to learn more about you. At this stage, however, we have chosen to take the process in a different direction.",semi_automated,recruiter,medium,,,,,,
JOB-00017,job_search,acceptance_progression,second_interview,Offer from Meridian Health,"We are pleased to offer you the Data Analyst position. The offer details, proposed start date, and terms are available in the candidate portal at https://example.test/offer.",semi_automated,ats,adversarial,Meridian Health,,,Data Analyst,,https://example.test/offer.
JOB-00018,job_search,acceptance_progression,move_forward,Offer from Pinecrest Media,"We are pleased to offer you the Data Analyst position. The offer details, proposed start date, and terms are available in the candidate portal at https://example.test/offer.",automated,recruiter,medium,Pinecrest Media,,,Data Analyst,,https://example.test/offer.
JOB-00019,job_search,acceptance_progression,recruiter_screen,Assessment invitation,"We would like to invite you to complete the next stage of our selection process. The assessment will help the team evaluate your skills for the Project Coordinator role.

Best regards,
Emma Evans",semi_automated,recruiter,hard,,Emma Evans,,Project Coordinator,,
JOB-00020,job_search,rejection,other_candidates,Application outcome,"The review for the Marketing Manager position is now complete. We will be moving forward with another candidate. Thank you for your interest in Horizon Labs.

Best regards,
Daniel Davis",automated,hiring_manager,hard,Horizon Labs,Daniel Davis,,Marketing Manager,,
JOB-00021,job_search,application_notification,application_received,Thanks for applying to Vertex Consulting,We appreciate your interest in the DevOps Engineer opportunity. Your application is now with our recruitment team. You do not need to take any further action at this time. Please note that this message is only a confirmation that we received your application.,automated,ats,medium,Vertex Consulting,,,DevOps Engineer,,
JOB-00022,job_search,acceptance_progression,assessment,Assessment invitation,We would like to invite you to complete the next stage of our selection process. The assessment will help the team evaluate your skills for the Product Manager role.,semi_automated,hiring_manager,easy,,,,Product Manager,,
JOB-00023,job_search,application_notification,application_recommended_jobs,Application received — Business Analyst,Thank you for your interest in the Business Analyst position at Meridian Health. We have received your application and our hiring team will review it. We will contact you if there is a suitable next step. Please note that this message is only a confirmation that we received your application.,human,ats,medium,Meridian Health,,,Business Analyst,,
JOB-00024,job_search,rejection,generic_automated_rejection,Regarding your application,"Thank you for speaking with our team about the Financial Analyst role. Unfortunately, we will not be progressing your application to the next stage.",semi_automated,company,hard,,,,Financial Analyst,,
JOB-00025,job_search,acceptance_progression,availability_request,Offer from Redwood Solutions,"Hello Morgan,

We are pleased to offer you the Product Manager position. The offer details, proposed start date, and terms are available in the candidate portal at https://example.test/offer.

The interview team is based in Paris.",automated,company,medium,Redwood Solutions,,Paris,Product Manager,,https://example.test/offer.
JOB-00026,job_search,rejection,post_final_interview,Update on your Financial Analyst application,"Thank you for applying for the Financial Analyst position at Meridian Health. After careful consideration, we have will not be progressing with your application at this time.",automated,hiring_manager,medium,Meridian Health,,,Financial Analyst,,
JOB-00027,job_search,rejection,personalized_recruiter,Update on your Machine Learning Engineer application,"Thank you for applying for the Machine Learning Engineer position at Redwood Solutions. After careful consideration, we have decided not to move forward with your application at this time.",automated,hr,medium,Redwood Solutions,,,Machine Learning Engineer,,
JOB-00028,job_search,acceptance_progression,assessment,Next step in your application,We are pleased to let you know that your application has progressed to the next stage. Please provide your availability for an interview with the hiring team.,semi_automated,hiring_manager,easy,,,,,,
JOB-00029,job_search,rejection,post_interview,Regarding your application,"Thank you for speaking with our team about the Machine Learning Engineer role. Unfortunately, we will not be progressing your application to the next stage.",human,hiring_manager,hard,,,,Machine Learning Engineer,,
JOB-00030,job_search,rejection,other_candidates,Regarding your application,"Thank you for speaking with our team about the Software Engineer role. Unfortunately, we will not be progressing your application to the next stage.",semi_automated,hiring_manager,easy,,,,Software Engineer,,
JOB-00031,job_search,rejection,different_direction,Application outcome,The review for the Marketing Manager position is now complete. We will be moving forward with another candidate. Thank you for your interest in Meridian Health.,automated,company,easy,Meridian Health,,,Marketing Manager,,
JOB-00032,job_search,application_notification,application_submitted,Your application has been submitted,"Your application for UX Designer at Cedar Digital was successfully submitted. This confirmation does not indicate a hiring decision. We appreciate your interest and will review your information.

Best regards,
Casey Brown",human,ats,hard,Cedar Digital,Casey Brown,,UX Designer,,
JOB-00033,job_search,acceptance_progression,recruiter_screen,Next step in your application,"Hello Jamie,

We are pleased to let you know that your application has progressed to the next stage. Please provide your availability for an interview with the hiring team.

The interview team is based in Amsterdam.

Best regards,
Jamie Khan",automated,hr,medium,,Jamie Khan,Amsterdam,,,
JOB-00034,job_search,rejection,post_application_review,Application outcome,The review for the Machine Learning Engineer position is now complete. We will be moving forward with another candidate. Thank you for your interest in Summit Retail.,automated,hr,medium,Summit Retail,,,Machine Learning Engineer,,
JOB-00035,job_search,rejection,post_interview,Update on your Business Analyst application,"Thank you for applying for the Business Analyst position at Oakridge Financial. After careful consideration, we have decided not to move forward with your application at this time.",semi_automated,ats,medium,Oakridge Financial,,,Business Analyst,,
JOB-00036,job_search,application_notification,application_recommended_jobs,Thanks for applying to Vertex Consulting,"We appreciate your interest in the Business Analyst opportunity. Your application is now with our recruitment team. You do not need to take any further action at this time. Please note that this message is only a confirmation that we received your application.

Best regards,
Robin Berg",semi_automated,ats,easy,Vertex Consulting,Robin Berg,,Business Analyst,,
JOB-00037,job_search,acceptance_progression,assessment,Next step in your application,We are pleased to let you know that your application has progressed to the next stage. Please provide your availability for an interview with the hiring team.,automated,hr,medium,,,,,,
JOB-00038,job_search,rejection,post_application_review,Update on your Financial Analyst application,"Thank you for applying for the Financial Analyst position at BluePeak Analytics. After careful consideration, we have decided not to move forward with your application at this time.",human,company,hard,BluePeak Analytics,,,Financial Analyst,,
JOB-00039,job_search,acceptance_progression,move_forward,We'd like to move forward,Thank you for speaking with us. The team enjoyed learning about your experience and would like to continue the conversation. We would like to arrange the next interview with you.,automated,company,easy,,,,,,
JOB-00040,job_search,application_notification,application_status_update,More opportunities for you,"Thank you for applying for Business Analyst. While your application is being reviewed, you may also be interested in other roles that match your profile at BluePeak Analytics. Please note that this message is only a confirmation that we received your application.

Best regards,
Morgan Turner",semi_automated,company,medium,BluePeak Analytics,Morgan Turner,,Business Analyst,,
JOB-00041,job_search,application_notification,thank_you_for_applying,Application status update,Your application for Customer Success Manager is currently under review. We are assessing applications against the requirements of the role and will provide an update when the review is complete.,automated,recruiter,easy,,,,Customer Success Manager,,
JOB-00042,job_search,application_notification,application_received,Your application has been submitted,Your application for UX Designer at Meridian Health was successfully submitted. This confirmation does not indicate a hiring decision. We appreciate your interest and will review your information.,human,recruiter,hard,Meridian Health,,,UX Designer,,
JOB-00043,job_search,application_notification,application_under_review,Application status update,Your application for Data Analyst is currently under review. We are assessing applications against the requirements of the role and will provide an update when the review is complete.,automated,hiring_manager,adversarial,,,,Data Analyst,,
JOB-00044,job_search,rejection,post_interview,Update on your DevOps Engineer application,"Thank you for applying for the DevOps Engineer position at Oakridge Financial. After careful consideration, we have will not be progressing with your application at this time.",automated,hiring_manager,medium,Oakridge Financial,,,DevOps Engineer,,
JOB-00045,job_search,application_notification,application_submitted,Thanks for applying to Summit Retail,We appreciate your interest in the UX Designer opportunity. Your application is now with our recruitment team. You do not need to take any further action at this time.,semi_automated,hiring_manager,hard,Summit Retail,,,UX Designer,,
JOB-00046,job_search,application_notification,application_under_review,Your application has been submitted,Your application for Operations Specialist at Lighthouse Cloud was successfully submitted. This confirmation does not indicate a hiring decision. We appreciate your interest and will review your information.,automated,recruiter,hard,Lighthouse Cloud,,,Operations Specialist,,
JOB-00047,job_search,rejection,generic_automated_rejection,Update on your Business Analyst application,"Thank you for applying for the Business Analyst position at Atlas Software. After careful consideration, we have decided not to move forward with your application at this time.",human,recruiter,easy,Atlas Software,,,Business Analyst,,
JOB-00048,job_search,rejection,post_final_interview,Regarding your application,"Thank you for speaking with our team about the Data Analyst role. we will not be progressing your application to the next stage.

Best regards,
Chris Brown",semi_automated,hr,medium,,Chris Brown,,Data Analyst,,
JOB-00049,job_search,application_notification,application_under_review,More opportunities for you,"Thank you for applying for DevOps Engineer. While your application is being reviewed, you may also be interested in other roles that match your profile at Pinecrest Media.",automated,hiring_manager,medium,Pinecrest Media,,,DevOps Engineer,,
JOB-00050,job_search,rejection,different_direction,Application outcome,The review for the UX Designer position is now complete. We will be moving forward with another candidate. Thank you for your interest in BrightPath Energy.,human,hiring_manager,hard,BrightPath Energy,,,UX Designer,,
JOB-00051,job_search,acceptance_progression,availability_request,Assessment invitation,"We would like to invite you to complete the next stage of our selection process. The assessment will help the team evaluate your skills for the Frontend Developer role.

Best regards,
Sam Clark",automated,hr,medium,,Sam Clark,,Frontend Developer,,
JOB-00052,job_search,application_notification,application_submitted,Application status update,"Your application for Software Engineer is currently under review. We are assessing applications against the requirements of the role and will provide an update when the review is complete.

Best regards,
Morgan Brown",automated,company,easy,,Morgan Brown,,Software Engineer,,
JOB-00053,job_search,application_notification,application_status_update,Application received — Machine Learning Engineer,Thank you for your interest in the Machine Learning Engineer position at Vertex Consulting. We have received your application and our hiring team will review it. We will contact you if there is a suitable next step.,semi_automated,hr,medium,Vertex Consulting,,,Machine Learning Engineer,,
JOB-00054,job_search,rejection,post_interview,Update on your Marketing Manager application,"Thank you for applying for the Marketing Manager position at Horizon Labs. After careful consideration, we have decided not to move forward with your application at this time.",automated,ats,easy,Horizon Labs,,,Marketing Manager,,
JOB-00055,job_search,acceptance_progression,second_interview,We'd like to move forward,Thank you for speaking with us. The team enjoyed learning about your experience and would like to continue the conversation. We would like to arrange the next interview with you.,semi_automated,ats,adversarial,,,,,,
JOB-00056,job_search,application_notification,application_status_update,Application status update,Your application for Product Manager is currently under review. We are assessing applications against the requirements of the role and will provide an update when the review is complete.,automated,hr,medium,,,,Product Manager,,
JOB-00057,job_search,acceptance_progression,move_forward,Interview invitation — Project Coordinator,We have reviewed your application for the Project Coordinator position at Silverline Systems and would like to invite you to the next stage of the process. Please use https://example.test/schedule to select a convenient time.,human,hr,hard,Silverline Systems,,,Project Coordinator,,https://example.test/schedule
JOB-00058,job_search,rejection,different_direction,Update on your Marketing Manager application,"Thank you for applying for the Marketing Manager position at Northstar Technologies. After careful consideration, we have decided not to move forward with your application at this time.",automated,recruiter,medium,Northstar Technologies,,,Marketing Manager,,
JOB-00059,job_search,application_notification,application_under_review,Thanks for applying to Lighthouse Cloud,We appreciate your interest in the Operations Specialist opportunity. Your application is now with our recruitment team. You do not need to take any further action at this time.,human,hr,easy,Lighthouse Cloud,,,Operations Specialist,,
JOB-00060,job_search,application_notification,application_status_update,Application status update,Your application for Project Coordinator is currently under review. We are assessing applications against the requirements of the role and will provide an update when the review is complete.,semi_automated,company,adversarial,,,,Project Coordinator,,
JOB-00061,job_search,acceptance_progression,final_interview,Next step in your application,We are pleased to let you know that your application has progressed to the next stage. Please provide your availability for an interview with the hiring team.,human,ats,easy,,,,,,
JOB-00062,job_search,application_notification,application_status_update,Application status update,Your application for Customer Success Manager is currently under review. We are assessing applications against the requirements of the role and will provide an update when the review is complete.,automated,company,medium,,,,Customer Success Manager,,
JOB-00063,job_search,application_notification,thank_you_for_applying,Thanks for applying to Summit Retail,We appreciate your interest in the Product Manager opportunity. Your application is now with our recruitment team. You do not need to take any further action at this time.,human,company,medium,Summit Retail,,,Product Manager,,
JOB-00064,job_search,acceptance_progression,first_interview,Interview invitation — UX Designer,We have reviewed your application for the UX Designer position at Horizon Labs and would like to invite you to the next stage of the process. Please use https://example.test/schedule to select a convenient time.,semi_automated,company,easy,Horizon Labs,,,UX Designer,,https://example.test/schedule
JOB-00065,job_search,application_notification,application_under_review,Your application has been submitted,Your application for DevOps Engineer at Lighthouse Cloud was successfully submitted. This confirmation does not indicate a hiring decision. We appreciate your interest and will review your information.,semi_automated,ats,easy,Lighthouse Cloud,,,DevOps Engineer,,
JOB-00066,job_search,application_notification,application_under_review,Application status update,"Your application for UX Designer is currently under review. We are assessing applications against the requirements of the role and will provide an update when the review is complete.

Best regards,
Daniel Clark",automated,recruiter,easy,,Daniel Clark,,UX Designer,,
JOB-00067,job_search,acceptance_progression,assessment,Assessment invitation,"Hello Emma,

We would like to invite you to complete the next stage of our selection process. The assessment will help the team evaluate your skills for the Business Analyst role.

The interview team is based in Stockholm.",automated,ats,medium,,,Stockholm,Business Analyst,,
JOB-00068,job_search,acceptance_progression,assessment,Offer from Silverline Systems,"Hello Emma,

We are pleased to offer you the Content Strategist position. The offer details, proposed start date, and terms are available in the candidate portal at https://example.test/offer.

The interview team is based in Oslo.

Best regards,
Emma Andersson",human,company,adversarial,Silverline Systems,Emma Andersson,Oslo,Content Strategist,,https://example.test/offer.
JOB-00069,job_search,acceptance_progression,second_interview,Offer from Cedar Digital,"We are pleased to offer you the Frontend Developer position. The offer details, proposed start date, and terms are available in the candidate portal at https://example.test/offer.",automated,recruiter,medium,Cedar Digital,,,Frontend Developer,,https://example.test/offer.
JOB-00070,job_search,application_notification,application_status_update,Application status update,Your application for Customer Success Manager is currently under review. We are assessing applications against the requirements of the role and will provide an update when the review is complete.,semi_automated,hiring_manager,easy,,,,Customer Success Manager,,
JOB-00071,job_search,rejection,different_direction,Regarding your application,"Thank you for speaking with our team about the DevOps Engineer role. Unfortunately, we will not be progressing your application to the next stage.",automated,ats,easy,,,,DevOps Engineer,,
JOB-00072,job_search,application_notification,application_under_review,Your application has been submitted,"Your application for Customer Success Manager at Redwood Solutions was successfully submitted. This confirmation does not indicate a hiring decision. We appreciate your interest and will review your information.

Best regards,
Chris Patel",semi_automated,hr,medium,Redwood Solutions,Chris Patel,,Customer Success Manager,,
JOB-00073,job_search,rejection,post_interview,Recruitment update,"We were impressed by your background and appreciated the opportunity to learn more about you. At this stage, however, we have chosen to take the process in a different direction.

Best regards,
Taylor Chen",automated,recruiter,hard,,Taylor Chen,,,,
JOB-00074,job_search,acceptance_progression,first_interview,We'd like to move forward,Thank you for speaking with us. The team enjoyed learning about your experience and would like to continue the conversation. We would like to arrange the next interview with you.,automated,hr,adversarial,,,,,,
JOB-00075,job_search,application_notification,application_received,Your application has been submitted,"Your application for Data Analyst at Horizon Labs was successfully submitted. This confirmation does not indicate a hiring decision. We appreciate your interest and will review your information. Please note that this message is only a confirmation that we received your application.

Best regards,
Sarah Clark",automated,company,hard,Horizon Labs,Sarah Clark,,Data Analyst,,
JOB-00076,job_search,acceptance_progression,offer,Offer from Atlas Software,"We are pleased to offer you the Operations Specialist position. The offer details, proposed start date, and terms are available in the candidate portal at https://example.test/offer.

Best regards,
Chris Chen",human,ats,hard,Atlas Software,Chris Chen,,Operations Specialist,,https://example.test/offer.
JOB-00077,job_search,rejection,generic_automated_rejection,Regarding your application,"Thank you for speaking with our team about the Project Coordinator role. Unfortunately, we will not be progressing your application to the next stage.",human,hiring_manager,easy,,,,Project Coordinator,,
JOB-00078,job_search,rejection,generic_automated_rejection,Application outcome,The review for the Operations Specialist position is now complete. We will be moving forward with another candidate. Thank you for your interest in Silverline Systems.,automated,hiring_manager,medium,Silverline Systems,,,Operations Specialist,,
JOB-00079,job_search,acceptance_progression,offer,Assessment invitation,We would like to invite you to complete the next stage of our selection process. The assessment will help the team evaluate your skills for the Product Manager role.,automated,hiring_manager,medium,,,,Product Manager,,
JOB-00080,job_search,rejection,different_direction,Your application with Atlas Software,We appreciate the time you invested in the recruitment process. We have decided to continue with other candidates whose experience more closely matches the current requirements.,semi_automated,company,hard,Atlas Software,,,,,
JOB-00081,job_search,acceptance_progression,second_interview,Assessment invitation,We would like to invite you to complete the next stage of our selection process. The assessment will help the team evaluate your skills for the Business Analyst role.,semi_automated,company,easy,,,,Business Analyst,,
JOB-00082,job_search,acceptance_progression,move_forward,Offer from Summit Retail,"We are pleased to offer you the Sales Development Representative position. The offer details, proposed start date, and terms are available in the candidate portal at https://example.test/offer.",automated,ats,medium,Summit Retail,,,Sales Development Representative,,https://example.test/offer.
JOB-00083,job_search,rejection,other_candidates,Regarding your application,Thank you for speaking with our team about the Product Manager role. we will not be progressing your application to the next stage.,human,company,easy,,,,Product Manager,,
JOB-00084,job_search,rejection,different_direction,Application outcome,"The review for the Frontend Developer position is now complete. We will be moving forward with another candidate. Thank you for your interest in Horizon Labs.

Best regards,
Casey Patel",automated,hiring_manager,medium,Horizon Labs,Casey Patel,,Frontend Developer,,
JOB-00085,job_search,application_notification,application_received,Your application has been submitted,Your application for Financial Analyst at Lighthouse Cloud was successfully submitted. This confirmation does not indicate a hiring decision. We appreciate your interest and will review your information. Please note that this message is only a confirmation that we received your application.,automated,ats,medium,Lighthouse Cloud,,,Financial Analyst,,
JOB-00086,job_search,application_notification,application_submitted,Thanks for applying to Redwood Solutions,We appreciate your interest in the Business Analyst opportunity. Your application is now with our recruitment team. You do not need to take any further action at this time.,semi_automated,hr,adversarial,Redwood Solutions,,,Business Analyst,,
JOB-00087,job_search,acceptance_progression,final_interview,We'd like to move forward,Thank you for speaking with us. The team enjoyed learning about your experience and would like to continue the conversation. We would like to arrange the next interview with you.,human,hr,hard,,,,,,
JOB-00088,job_search,rejection,other_candidates,Application outcome,The review for the Financial Analyst position is now complete. We will be moving forward with another candidate. Thank you for your interest in Redwood Solutions.,semi_automated,ats,easy,Redwood Solutions,,,Financial Analyst,,
JOB-00089,job_search,rejection,other_candidates,Your application with Horizon Labs,We appreciate the time you invested in the recruitment process. We have decided to continue with other candidates whose experience more closely matches the current requirements.,human,hiring_manager,hard,Horizon Labs,,,,,
JOB-00090,job_search,rejection,generic_automated_rejection,Regarding your application,"Thank you for speaking with our team about the Customer Success Manager role. Unfortunately, we will not be progressing your application to the next stage.",semi_automated,hr,easy,,,,Customer Success Manager,,
JOB-00091,job_search,acceptance_progression,availability_request,Interview invitation — Content Strategist,We have reviewed your application for the Content Strategist position at Cedar Digital and would like to invite you to the next stage of the process. Please use https://example.test/schedule to select a convenient time.,human,hr,medium,Cedar Digital,,,Content Strategist,,https://example.test/schedule
JOB-00092,job_search,acceptance_progression,first_interview,We'd like to move forward,Thank you for speaking with us. The team enjoyed learning about your experience and would like to continue the conversation. We would like to arrange the next interview with you.,human,hiring_manager,easy,,,,,,
JOB-00093,job_search,acceptance_progression,move_forward,Offer from Pinecrest Media,"We are pleased to offer you the Marketing Manager position. The offer details, proposed start date, and terms are available in the candidate portal at https://example.test/offer.",semi_automated,recruiter,easy,Pinecrest Media,,,Marketing Manager,,https://example.test/offer.
JOB-00094,job_search,application_notification,application_received,Thanks for applying to Pinecrest Media,We appreciate your interest in the Customer Success Manager opportunity. Your application is now with our recruitment team. You do not need to take any further action at this time.,automated,company,medium,Pinecrest Media,,,Customer Success Manager,,
JOB-00095,job_search,application_notification,thank_you_for_applying,Application received — Business Analyst,Thank you for your interest in the Business Analyst position at Pinecrest Media. We have received your application and our hiring team will review it. We will contact you if there is a suitable next step.,human,ats,easy,Pinecrest Media,,,Business Analyst,,
JOB-00096,job_search,rejection,different_direction,Application outcome,The review for the Marketing Manager position is now complete. We will be moving forward with another candidate. Thank you for your interest in Aurora Mobility.,automated,hr,hard,Aurora Mobility,,,Marketing Manager,,
JOB-00097,job_search,application_notification,application_submitted,Thanks for applying to Northstar Technologies,We appreciate your interest in the Software Engineer opportunity. Your application is now with our recruitment team. You do not need to take any further action at this time.,automated,hr,easy,Northstar Technologies,,,Software Engineer,,
JOB-00098,job_search,application_notification,application_submitted,Application received — Financial Analyst,Thank you for your interest in the Financial Analyst position at Aurora Mobility. We have received your application and our hiring team will review it. We will contact you if there is a suitable next step. Please note that this message is only a confirmation that we received your application.,human,company,easy,Aurora Mobility,,,Financial Analyst,,
JOB-00099,job_search,acceptance_progression,second_interview,Next step in your application,We are pleased to let you know that your application has progressed to the next stage. Please provide your availability for an interview with the hiring team.,human,hiring_manager,medium,,,,,,
JOB-00100,job_search,rejection,generic_automated_rejection,Application outcome,The review for the Operations Specialist position is now complete. We will be moving forward with another candidate. Thank you for your interest in Pinecrest Media.,human,recruiter,easy,Pinecrest Media,,,Operations Specialist,,
JOB-00101,job_search,acceptance_progression,first_interview,Next step in your application,We are pleased to let you know that your application has progressed to the next stage. Please provide your availability for an interview with the hiring team.,semi_automated,ats,hard,,,,,,
JOB-00102,job_search,application_notification,application_submitted,More opportunities for you,"Thank you for applying for Sales Development Representative. While your application is being reviewed, you may also be interested in other roles that match your profile at Atlas Software.",automated,hr,easy,Atlas Software,,,Sales Development Representative,,
JOB-00103,job_search,acceptance_progression,recruiter_screen,Next step in your application,We are pleased to let you know that your application has progressed to the next stage. Please provide your availability for an interview with the hiring team.,semi_automated,company,hard,,,,,,
JOB-00104,job_search,application_notification,application_under_review,More opportunities for you,"Thank you for applying for Software Engineer. While your application is being reviewed, you may also be interested in other roles that match your profile at Redwood Solutions.",semi_automated,hr,medium,Redwood Solutions,,,Software Engineer,,
JOB-00105,job_search,rejection,generic_automated_rejection,Regarding your application,"Thank you for speaking with our team about the Customer Success Manager role. Unfortunately, we will not be progressing your application to the next stage.",semi_automated,ats,hard,,,,Customer Success Manager,,
JOB-00106,job_search,acceptance_progression,recruiter_screen,Offer from Oakridge Financial,"We are pleased to offer you the Customer Success Manager position. The offer details, proposed start date, and terms are available in the candidate portal at https://example.test/offer.",semi_automated,recruiter,easy,Oakridge Financial,,,Customer Success Manager,,https://example.test/offer.
JOB-00107,job_search,rejection,post_interview,Update on your Project Coordinator application,"Thank you for applying for the Project Coordinator position at Oakridge Financial. After careful consideration, we have decided not to move forward with your application at this time.",human,company,easy,Oakridge Financial,,,Project Coordinator,,
JOB-00108,job_search,application_notification,application_recommended_jobs,Your application has been submitted,"Your application for DevOps Engineer at Northstar Technologies was successfully submitted. This confirmation does not indicate a hiring decision. We appreciate your interest and will review your information.

Best regards,
Sam Martin",semi_automated,company,medium,Northstar Technologies,Sam Martin,,DevOps Engineer,,
JOB-00109,job_search,application_notification,application_status_update,Thanks for applying to Summit Retail,We appreciate your interest in the Machine Learning Engineer opportunity. Your application is now with our recruitment team. You do not need to take any further action at this time.,semi_automated,ats,hard,Summit Retail,,,Machine Learning Engineer,,
JOB-00110,job_search,acceptance_progression,first_interview,Assessment invitation,"Hello Jordan,

We would like to invite you to complete the next stage of our selection process. The assessment will help the team evaluate your skills for the Marketing Manager role.

The interview team is based in Copenhagen.",human,hr,easy,,,Copenhagen,Marketing Manager,,
JOB-00111,job_search,application_notification,application_submitted,Your application has been submitted,"Your application for Financial Analyst at Summit Retail was successfully submitted. This confirmation does not indicate a hiring decision. We appreciate your interest and will review your information.

Best regards,
Emma Miller",automated,ats,medium,Summit Retail,Emma Miller,,Financial Analyst,,
JOB-00112,job_search,rejection,post_application_review,Recruitment update,"We were impressed by your background and appreciated the opportunity to learn more about you. At this stage, however, we have chosen to take the process in a different direction.",human,hiring_manager,medium,,,,,,
JOB-00113,job_search,acceptance_progression,first_interview,Assessment invitation,"We would like to invite you to complete the next stage of our selection process. The assessment will help the team evaluate your skills for the Sales Development Representative role.

Best regards,
Avery Andersson",automated,recruiter,easy,,Avery Andersson,,Sales Development Representative,,
JOB-00114,job_search,application_notification,application_recommended_jobs,Thanks for applying to Atlas Software,"We appreciate your interest in the Customer Success Manager opportunity. Your application is now with our recruitment team. You do not need to take any further action at this time. Please note that this message is only a confirmation that we received your application.

Best regards,
Alex Martin",human,company,easy,Atlas Software,Alex Martin,,Customer Success Manager,,
JOB-00115,job_search,rejection,other_candidates,Regarding your application,"Thank you for speaking with our team about the Data Analyst role. we will not be progressing your application to the next stage.

Best regards,
Emma Chen",automated,hr,easy,,Emma Chen,,Data Analyst,,
JOB-00116,job_search,application_notification,thank_you_for_applying,Your application has been submitted,Your application for Frontend Developer at BluePeak Analytics was successfully submitted. This confirmation does not indicate a hiring decision. We appreciate your interest and will review your information.,human,company,hard,BluePeak Analytics,,,Frontend Developer,,
JOB-00117,job_search,rejection,generic_automated_rejection,Recruitment update,"We were impressed by your background and appreciated the opportunity to learn more about you. At this stage, however, we have chosen to take the process in a different direction.",human,hr,easy,,,,,,
JOB-00118,job_search,application_notification,thank_you_for_applying,More opportunities for you,"Thank you for applying for Content Strategist. While your application is being reviewed, you may also be interested in other roles that match your profile at Northstar Technologies.",human,hr,hard,Northstar Technologies,,,Content Strategist,,
JOB-00119,job_search,application_notification,application_under_review,Your application has been submitted,Your application for Sales Development Representative at Lighthouse Cloud was successfully submitted. This confirmation does not indicate a hiring decision. We appreciate your interest and will review your information. Please note that this message is only a confirmation that we received your application.,automated,hr,medium,Lighthouse Cloud,,,Sales Development Representative,,
JOB-00120,job_search,application_notification,application_received,Application received — Financial Analyst,Thank you for your interest in the Financial Analyst position at BluePeak Analytics. We have received your application and our hiring team will review it. We will contact you if there is a suitable next step. Please note that this message is only a confirmation that we received your application.,automated,ats,medium,BluePeak Analytics,,,Financial Analyst,,
JOB-00121,job_search,rejection,personalized_recruiter,Regarding your application,"Thank you for speaking with our team about the Customer Success Manager role. Unfortunately, we will not be progressing your application to the next stage.",human,hiring_manager,medium,,,,Customer Success Manager,,
JOB-00122,job_search,rejection,post_final_interview,Application outcome,The review for the Product Manager position is now complete. We will be moving forward with another candidate. Thank you for your interest in Oakridge Financial.,human,ats,hard,Oakridge Financial,,,Product Manager,,
JOB-00123,job_search,rejection,generic_automated_rejection,Update on your Frontend Developer application,"Thank you for applying for the Frontend Developer position at Northstar Technologies. After careful consideration, we have will not be progressing with your application at this time.",semi_automated,hiring_manager,hard,Northstar Technologies,,,Frontend Developer,,
JOB-00124,job_search,acceptance_progression,offer,Assessment invitation,We would like to invite you to complete the next stage of our selection process. The assessment will help the team evaluate your skills for the Financial Analyst role.,human,hr,easy,,,,Financial Analyst,,
JOB-00125,job_search,acceptance_progression,offer,Offer from Summit Retail,"We are pleased to offer you the Data Analyst position. The offer details, proposed start date, and terms are available in the candidate portal at https://example.test/offer.",human,hr,medium,Summit Retail,,,Data Analyst,,https://example.test/offer.
JOB-00126,job_search,acceptance_progression,first_interview,We'd like to move forward,Thank you for speaking with us. The team enjoyed learning about your experience and would like to continue the conversation. We would like to arrange the next interview with you.,human,recruiter,medium,,,,,,
JOB-00127,job_search,application_notification,recruiter_acknowledgement,Your application has been submitted,Your application for Financial Analyst at BrightPath Energy was successfully submitted. This confirmation does not indicate a hiring decision. We appreciate your interest and will review your information.,human,hiring_manager,hard,BrightPath Energy,,,Financial Analyst,,
JOB-00128,job_search,application_notification,application_recommended_jobs,Your application has been submitted,Your application for Marketing Manager at Aurora Mobility was successfully submitted. This confirmation does not indicate a hiring decision. We appreciate your interest and will review your information.,human,ats,medium,Aurora Mobility,,,Marketing Manager,,
JOB-00129,job_search,acceptance_progression,move_forward,Offer from Meridian Health,"We are pleased to offer you the Content Strategist position. The offer details, proposed start date, and terms are available in the candidate portal at https://example.test/offer.",automated,recruiter,easy,Meridian Health,,,Content Strategist,,https://example.test/offer.
JOB-00130,job_search,application_notification,application_under_review,Application status update,Your application for Machine Learning Engineer is currently under review. We are assessing applications against the requirements of the role and will provide an update when the review is complete.,automated,recruiter,hard,,,,Machine Learning Engineer,,
JOB-00131,job_search,acceptance_progression,first_interview,We'd like to move forward,Thank you for speaking with us. The team enjoyed learning about your experience and would like to continue the conversation. We would like to arrange the next interview with you.,human,recruiter,medium,,,,,,
JOB-00132,job_search,acceptance_progression,move_forward,We'd like to move forward,Thank you for speaking with us. The team enjoyed learning about your experience and would like to continue the conversation. We would like to arrange the next interview with you.,automated,hiring_manager,hard,,,,,,
JOB-00133,job_search,application_notification,application_status_update,Application status update,Your application for Machine Learning Engineer is currently under review. We are assessing applications against the requirements of the role and will provide an update when the review is complete.,semi_automated,company,hard,,,,Machine Learning Engineer,,
JOB-00134,job_search,acceptance_progression,first_interview,Interview invitation — Content Strategist,We have reviewed your application for the Content Strategist position at Northstar Technologies and would like to invite you to the next stage of the process. Please use https://example.test/schedule to select a convenient time.,human,hr,medium,Northstar Technologies,,,Content Strategist,,https://example.test/schedule
JOB-00135,job_search,rejection,generic_automated_rejection,Regarding your application,"Thank you for speaking with our team about the Frontend Developer role. Unfortunately, we will not be progressing your application to the next stage.",human,company,medium,,,,Frontend Developer,,
JOB-00136,job_search,application_notification,application_submitted,Application received — Data Analyst,Thank you for your interest in the Data Analyst position at Northstar Technologies. We have received your application and our hiring team will review it. We will contact you if there is a suitable next step.,human,company,easy,Northstar Technologies,,,Data Analyst,,
JOB-00137,job_search,acceptance_progression,move_forward,Next step in your application,We are pleased to let you know that your application has progressed to the next stage. Please provide your availability for an interview with the hiring team.,human,recruiter,medium,,,,,,
JOB-00138,job_search,acceptance_progression,recruiter_screen,We'd like to move forward,Thank you for speaking with us. The team enjoyed learning about your experience and would like to continue the conversation. We would like to arrange the next interview with you.,human,recruiter,hard,,,,,,
JOB-00139,job_search,acceptance_progression,availability_request,Interview invitation — Data Analyst,We have reviewed your application for the Data Analyst position at BrightPath Energy and would like to invite you to the next stage of the process. Please use https://example.test/schedule to select a convenient time.,semi_automated,hiring_manager,easy,BrightPath Energy,,,Data Analyst,,https://example.test/schedule
JOB-00140,job_search,rejection,post_interview,Your application with Redwood Solutions,We appreciate the time you invested in the recruitment process. We have decided to continue with other candidates whose experience more closely matches the current requirements.,human,hiring_manager,hard,Redwood Solutions,,,,,
JOB-00141,job_search,acceptance_progression,first_interview,Offer from Lighthouse Cloud,"We are pleased to offer you the Financial Analyst position. The offer details, proposed start date, and terms are available in the candidate portal at https://example.test/offer.

Best regards,
Liam Martin",automated,ats,medium,Lighthouse Cloud,Liam Martin,,Financial Analyst,,https://example.test/offer.
JOB-00142,job_search,acceptance_progression,first_interview,Next step in your application,We are pleased to let you know that your application has progressed to the next stage. Please provide your availability for an interview with the hiring team.,semi_automated,ats,easy,,,,,,
JOB-00143,job_search,rejection,personalized_recruiter,Update on your Content Strategist application,"Thank you for applying for the Content Strategist position at Silverline Systems. After careful consideration, we have decided not to move forward with your application at this time.",human,recruiter,easy,Silverline Systems,,,Content Strategist,,
JOB-00144,job_search,rejection,other_candidates,Your application with Northstar Technologies,"We appreciate the time you invested in the recruitment process. We have decided to continue with other candidates whose experience more closely matches the current requirements.

Best regards,
Noah Nielsen",semi_automated,company,medium,Northstar Technologies,Noah Nielsen,,,,
JOB-00145,job_search,rejection,other_candidates,Update on your Data Analyst application,"Thank you for applying for the Data Analyst position at Aurora Mobility. After careful consideration, we have decided not to move forward with your application at this time.",automated,recruiter,hard,Aurora Mobility,,,Data Analyst,,
JOB-00146,job_search,acceptance_progression,move_forward,Offer from Vertex Consulting,"We are pleased to offer you the Software Engineer position. The offer details, proposed start date, and terms are available in the candidate portal at https://example.test/offer.

Best regards,
Taylor Mitchell",human,hr,hard,Vertex Consulting,Taylor Mitchell,,Software Engineer,,https://example.test/offer.
JOB-00147,job_search,application_notification,application_under_review,Application received — Data Analyst,Thank you for your interest in the Data Analyst position at Northstar Technologies. We have received your application and our hiring team will review it. We will contact you if there is a suitable next step. Please note that this message is only a confirmation that we received your application.,semi_automated,company,medium,Northstar Technologies,,,Data Analyst,,
JOB-00148,job_search,application_notification,application_received,Your application has been submitted,Your application for Marketing Manager at BrightPath Energy was successfully submitted. This confirmation does not indicate a hiring decision. We appreciate your interest and will review your information.,automated,ats,easy,BrightPath Energy,,,Marketing Manager,,
JOB-00149,job_search,application_notification,application_under_review,Application received — Machine Learning Engineer,Thank you for your interest in the Machine Learning Engineer position at Horizon Labs. We have received your application and our hiring team will review it. We will contact you if there is a suitable next step. Please note that this message is only a confirmation that we received your application.,human,hiring_manager,easy,Horizon Labs,,,Machine Learning Engineer,,
JOB-00150,job_search,application_notification,application_recommended_jobs,Application received — Business Analyst,Thank you for your interest in the Business Analyst position at BrightPath Energy. We have received your application and our hiring team will review it. We will contact you if there is a suitable next step.,automated,recruiter,easy,BrightPath Energy,,,Business Analyst,,
JOB-00151,job_search,application_notification,application_submitted,More opportunities for you,"Thank you for applying for Machine Learning Engineer. While your application is being reviewed, you may also be interested in other roles that match your profile at Atlas Software.",automated,company,easy,Atlas Software,,,Machine Learning Engineer,,
JOB-00152,job_search,rejection,generic_automated_rejection,Application outcome,The review for the Business Analyst position is now complete. We will be moving forward with another candidate. Thank you for your interest in Cedar Digital.,semi_automated,company,hard,Cedar Digital,,,Business Analyst,,
JOB-00153,job_search,acceptance_progression,assessment,Assessment invitation,We would like to invite you to complete the next stage of our selection process. The assessment will help the team evaluate your skills for the Financial Analyst role.,semi_automated,ats,medium,,,,Financial Analyst,,
JOB-00154,job_search,acceptance_progression,availability_request,Offer from Northstar Technologies,"We are pleased to offer you the DevOps Engineer position. The offer details, proposed start date, and terms are available in the candidate portal at https://example.test/offer.",semi_automated,recruiter,medium,Northstar Technologies,,,DevOps Engineer,,https://example.test/offer.
JOB-00155,job_search,acceptance_progression,final_interview,We'd like to move forward,Thank you for speaking with us. The team enjoyed learning about your experience and would like to continue the conversation. We would like to arrange the next interview with you.,semi_automated,ats,medium,,,,,,
JOB-00156,job_search,acceptance_progression,recruiter_screen,We'd like to move forward,Thank you for speaking with us. The team enjoyed learning about your experience and would like to continue the conversation. We would like to arrange the next interview with you.,semi_automated,recruiter,medium,,,,,,
JOB-00157,job_search,acceptance_progression,final_interview,Interview invitation — Customer Success Manager,"Hello Liam,

We have reviewed your application for the Customer Success Manager position at Pinecrest Media and would like to invite you to the next stage of the process. Please use https://example.test/schedule to select a convenient time.

The interview team is based in Paris.",automated,hr,medium,Pinecrest Media,,Paris,Customer Success Manager,,https://example.test/schedule
JOB-00158,job_search,application_notification,application_under_review,Your application has been submitted,Your application for Project Coordinator at Oakridge Financial was successfully submitted. This confirmation does not indicate a hiring decision. We appreciate your interest and will review your information.,automated,ats,easy,Oakridge Financial,,,Project Coordinator,,
JOB-00159,job_search,rejection,different_direction,Update on your Financial Analyst application,"Thank you for applying for the Financial Analyst position at Meridian Health. After careful consideration, we have will not be progressing with your application at this time.",automated,company,easy,Meridian Health,,,Financial Analyst,,
JOB-00160,job_search,application_notification,application_under_review,Thanks for applying to BluePeak Analytics,We appreciate your interest in the Project Coordinator opportunity. Your application is now with our recruitment team. You do not need to take any further action at this time.,human,company,easy,BluePeak Analytics,,,Project Coordinator,,
JOB-00161,job_search,application_notification,application_under_review,More opportunities for you,"Thank you for applying for Frontend Developer. While your application is being reviewed, you may also be interested in other roles that match your profile at Aurora Mobility.",semi_automated,hr,medium,Aurora Mobility,,,Frontend Developer,,
JOB-00162,job_search,application_notification,application_received,Your application has been submitted,Your application for UX Designer at BluePeak Analytics was successfully submitted. This confirmation does not indicate a hiring decision. We appreciate your interest and will review your information.,human,hiring_manager,easy,BluePeak Analytics,,,UX Designer,,
JOB-00163,job_search,application_notification,application_recommended_jobs,Application received — Content Strategist,"Thank you for your interest in the Content Strategist position at Oakridge Financial. We have received your application and our hiring team will review it. We will contact you if there is a suitable next step. Please note that this message is only a confirmation that we received your application.

Best regards,
Jordan Wilson",semi_automated,hiring_manager,medium,Oakridge Financial,Jordan Wilson,,Content Strategist,,
JOB-00164,job_search,rejection,post_application_review,Regarding your application,"Thank you for speaking with our team about the UX Designer role. Unfortunately, we will not be progressing your application to the next stage.",human,hiring_manager,easy,,,,UX Designer,,
JOB-00165,job_search,rejection,generic_automated_rejection,Update on your Operations Specialist application,"Thank you for applying for the Operations Specialist position at Northstar Technologies. After careful consideration, we have decided not to move forward with your application at this time.",automated,recruiter,medium,Northstar Technologies,,,Operations Specialist,,
JOB-00166,job_search,application_notification,application_under_review,Thanks for applying to Aurora Mobility,We appreciate your interest in the UX Designer opportunity. Your application is now with our recruitment team. You do not need to take any further action at this time.,automated,hiring_manager,medium,Aurora Mobility,,,UX Designer,,
JOB-00167,job_search,application_notification,thank_you_for_applying,Application status update,Your application for UX Designer is currently under review. We are assessing applications against the requirements of the role and will provide an update when the review is complete.,human,company,hard,,,,UX Designer,,
JOB-00168,job_search,application_notification,application_submitted,Application received — UX Designer,Thank you for your interest in the UX Designer position at BluePeak Analytics. We have received your application and our hiring team will review it. We will contact you if there is a suitable next step.,automated,hiring_manager,hard,BluePeak Analytics,,,UX Designer,,
JOB-00169,job_search,rejection,post_interview,Your application with Silverline Systems,We appreciate the time you invested in the recruitment process. We have decided to continue with other candidates whose experience more closely matches the current requirements.,automated,company,easy,Silverline Systems,,,,,
JOB-00170,job_search,application_notification,recruiter_acknowledgement,Thanks for applying to Cedar Digital,We appreciate your interest in the Operations Specialist opportunity. Your application is now with our recruitment team. You do not need to take any further action at this time. Please note that this message is only a confirmation that we received your application.,human,recruiter,hard,Cedar Digital,,,Operations Specialist,,
JOB-00171,job_search,application_notification,other_application_system,Thanks for applying to Northstar Technologies,We appreciate your interest in the Project Coordinator opportunity. Your application is now with our recruitment team. You do not need to take any further action at this time. Please note that this message is only a confirmation that we received your application.,human,recruiter,easy,Northstar Technologies,,,Project Coordinator,,
JOB-00172,job_search,acceptance_progression,availability_request,Assessment invitation,We would like to invite you to complete the next stage of our selection process. The assessment will help the team evaluate your skills for the Financial Analyst role.,automated,hr,easy,,,,Financial Analyst,,
JOB-00173,job_search,acceptance_progression,second_interview,Interview invitation — Marketing Manager,We have reviewed your application for the Marketing Manager position at Lighthouse Cloud and would like to invite you to the next stage of the process. Please use https://example.test/schedule to select a convenient time.,human,ats,easy,Lighthouse Cloud,,,Marketing Manager,,https://example.test/schedule
JOB-00174,job_search,application_notification,application_submitted,Application status update,Your application for Operations Specialist is currently under review. We are assessing applications against the requirements of the role and will provide an update when the review is complete. Please note that this message is only a confirmation that we received your application.,semi_automated,hiring_manager,easy,,,,Operations Specialist,,
JOB-00175,job_search,acceptance_progression,assessment,We'd like to move forward,Thank you for speaking with us. The team enjoyed learning about your experience and would like to continue the conversation. We would like to arrange the next interview with you.,semi_automated,hiring_manager,hard,,,,,,
JOB-00176,job_search,acceptance_progression,first_interview,Interview invitation — Machine Learning Engineer,We have reviewed your application for the Machine Learning Engineer position at Summit Retail and would like to invite you to the next stage of the process. Please use https://example.test/schedule to select a convenient time.,automated,company,easy,Summit Retail,,,Machine Learning Engineer,,https://example.test/schedule
JOB-00177,job_search,rejection,other_candidates,Recruitment update,"We were impressed by your background and appreciated the opportunity to learn more about you. At this stage, however, we have chosen to take the process in a different direction.",human,hr,easy,,,,,,
JOB-00178,job_search,application_notification,application_status_update,Application received — Product Manager,Thank you for your interest in the Product Manager position at Silverline Systems. We have received your application and our hiring team will review it. We will contact you if there is a suitable next step.,human,hiring_manager,easy,Silverline Systems,,,Product Manager,,
JOB-00179,job_search,acceptance_progression,second_interview,Next step in your application,"Hello Sarah,

We are pleased to let you know that your application has progressed to the next stage. Please provide your availability for an interview with the hiring team.

The interview team is based in Helsinki.",semi_automated,company,medium,,,Helsinki,,,
JOB-00180,job_search,acceptance_progression,first_interview,Assessment invitation,We would like to invite you to complete the next stage of our selection process. The assessment will help the team evaluate your skills for the Customer Success Manager role.,human,ats,easy,,,,Customer Success Manager,,
JOB-00181,job_search,acceptance_progression,availability_request,Next step in your application,We are pleased to let you know that your application has progressed to the next stage. Please provide your availability for an interview with the hiring team.,semi_automated,hiring_manager,easy,,,,,,
JOB-00182,job_search,application_notification,application_submitted,More opportunities for you,"Thank you for applying for Customer Success Manager. While your application is being reviewed, you may also be interested in other roles that match your profile at Redwood Solutions.",automated,company,hard,Redwood Solutions,,,Customer Success Manager,,
JOB-00183,job_search,rejection,post_application_review,Your application with Oakridge Financial,We appreciate the time you invested in the recruitment process. We have decided to continue with other candidates whose experience more closely matches the current requirements.,automated,ats,easy,Oakridge Financial,,,,,
JOB-00184,job_search,application_notification,application_under_review,Thanks for applying to Redwood Solutions,We appreciate your interest in the Software Engineer opportunity. Your application is now with our recruitment team. You do not need to take any further action at this time.,semi_automated,hiring_manager,hard,Redwood Solutions,,,Software Engineer,,
JOB-00185,job_search,application_notification,application_submitted,More opportunities for you,"Thank you for applying for Content Strategist. While your application is being reviewed, you may also be interested in other roles that match your profile at Meridian Health.",human,ats,adversarial,Meridian Health,,,Content Strategist,,
JOB-00186,job_search,application_notification,application_under_review,Application received — Product Manager,Thank you for your interest in the Product Manager position at Horizon Labs. We have received your application and our hiring team will review it. We will contact you if there is a suitable next step.,human,hiring_manager,adversarial,Horizon Labs,,,Product Manager,,
JOB-00187,job_search,acceptance_progression,first_interview,We'd like to move forward,Thank you for speaking with us. The team enjoyed learning about your experience and would like to continue the conversation. We would like to arrange the next interview with you.,semi_automated,hiring_manager,hard,,,,,,
JOB-00188,job_search,application_notification,recruiter_acknowledgement,Application received — Frontend Developer,"Thank you for your interest in the Frontend Developer position at Horizon Labs. We have received your application and our hiring team will review it. We will contact you if there is a suitable next step.

Best regards,
Morgan Garcia",automated,hr,hard,Horizon Labs,Morgan Garcia,,Frontend Developer,,
JOB-00189,job_search,application_notification,application_under_review,Application received — Business Analyst,Thank you for your interest in the Business Analyst position at Aurora Mobility. We have received your application and our hiring team will review it. We will contact you if there is a suitable next step.,automated,hr,medium,Aurora Mobility,,,Business Analyst,,
JOB-00190,job_search,acceptance_progression,first_interview,Assessment invitation,We would like to invite you to complete the next stage of our selection process. The assessment will help the team evaluate your skills for the Sales Development Representative role.,human,ats,medium,,,,Sales Development Representative,,
JOB-00191,job_search,acceptance_progression,assessment,Interview invitation — Data Analyst,"We have reviewed your application for the Data Analyst position at Silverline Systems and would like to invite you to the next stage of the process. Please use https://example.test/schedule to select a convenient time.

Best regards,
Jamie Patel",automated,company,hard,Silverline Systems,Jamie Patel,,Data Analyst,,https://example.test/schedule
JOB-00192,job_search,acceptance_progression,assessment,Assessment invitation,We would like to invite you to complete the next stage of our selection process. The assessment will help the team evaluate your skills for the Financial Analyst role.,human,ats,easy,,,,Financial Analyst,,
JOB-00193,job_search,rejection,personalized_recruiter,Recruitment update,"We were impressed by your background and appreciated the opportunity to learn more about you. At this stage, however, we have chosen to take the process in a different direction.",semi_automated,recruiter,medium,,,,,,
JOB-00194,job_search,application_notification,application_submitted,Application received — Machine Learning Engineer,Thank you for your interest in the Machine Learning Engineer position at Atlas Software. We have received your application and our hiring team will review it. We will contact you if there is a suitable next step. Please note that this message is only a confirmation that we received your application.,automated,recruiter,medium,Atlas Software,,,Machine Learning Engineer,,
JOB-00195,job_search,application_notification,application_recommended_jobs,Your application has been submitted,"Your application for Data Analyst at Atlas Software was successfully submitted. This confirmation does not indicate a hiring decision. We appreciate your interest and will review your information. Please note that this message is only a confirmation that we received your application.

Best regards,
Emma Martin",semi_automated,recruiter,easy,Atlas Software,Emma Martin,,Data Analyst,,
JOB-00196,job_search,rejection,personalized_recruiter,Update on your UX Designer application,"Thank you for applying for the UX Designer position at Summit Retail. After careful consideration, we have will not be progressing with your application at this time.",semi_automated,company,easy,Summit Retail,,,UX Designer,,
JOB-00197,job_search,acceptance_progression,offer,Offer from Pinecrest Media,"Hello Jordan,

We are pleased to offer you the Software Engineer position. The offer details, proposed start date, and terms are available in the candidate portal at https://example.test/offer.

The interview team is based in Dublin.",human,hiring_manager,medium,Pinecrest Media,,Dublin,Software Engineer,,https://example.test/offer.
JOB-00198,job_search,rejection,generic_automated_rejection,Recruitment update,"We were impressed by your background and appreciated the opportunity to learn more about you. At this stage, however, we have chosen to take the process in a different direction.

Best regards,
Morgan Miller",human,company,hard,,Morgan Miller,,,,
JOB-00199,job_search,application_notification,thank_you_for_applying,Application received — Sales Development Representative,Thank you for your interest in the Sales Development Representative position at Lighthouse Cloud. We have received your application and our hiring team will review it. We will contact you if there is a suitable next step.,semi_automated,recruiter,adversarial,Lighthouse Cloud,,,Sales Development Representative,,
JOB-00200,job_search,rejection,generic_automated_rejection,Update on your Marketing Manager application,"Thank you for applying for the Marketing Manager position at Aurora Mobility. After careful consideration, we have decided not to move forward with your application at this time.",automated,company,hard,Aurora Mobility,,,Marketing Manager,,
JOB-00201,job_search,rejection,different_direction,Update on your DevOps Engineer application,"Thank you for applying for the DevOps Engineer position at Redwood Solutions. After careful consideration, we have decided not to move forward with your application at this time.",human,recruiter,medium,Redwood Solutions,,,DevOps Engineer,,
JOB-00202,job_search,acceptance_progression,recruiter_screen,Next step in your application,"We are pleased to let you know that your application has progressed to the next stage. Please provide your availability for an interview with the hiring team.

Best regards,
Morgan Patel",human,ats,easy,,Morgan Patel,,,,
JOB-00203,job_search,acceptance_progression,recruiter_screen,We'd like to move forward,Thank you for speaking with us. The team enjoyed learning about your experience and would like to continue the conversation. We would like to arrange the next interview with you.,automated,hiring_manager,medium,,,,,,
JOB-00204,job_search,acceptance_progression,final_interview,Interview invitation — Machine Learning Engineer,We have reviewed your application for the Machine Learning Engineer position at Summit Retail and would like to invite you to the next stage of the process. Please use https://example.test/schedule to select a convenient time.,semi_automated,hr,medium,Summit Retail,,,Machine Learning Engineer,,https://example.test/schedule
JOB-00205,job_search,application_notification,application_received,Application received — Machine Learning Engineer,Thank you for your interest in the Machine Learning Engineer position at Summit Retail. We have received your application and our hiring team will review it. We will contact you if there is a suitable next step. Please note that this message is only a confirmation that we received your application.,human,recruiter,medium,Summit Retail,,,Machine Learning Engineer,,
JOB-00206,job_search,acceptance_progression,first_interview,Interview invitation — Software Engineer,"Hello Taylor,

We have reviewed your application for the Software Engineer position at Lighthouse Cloud and would like to invite you to the next stage of the process. Please use https://example.test/schedule to select a convenient time.

The interview team is based in Copenhagen.",automated,recruiter,adversarial,Lighthouse Cloud,,Copenhagen,Software Engineer,,https://example.test/schedule
JOB-00207,job_search,acceptance_progression,recruiter_screen,We'd like to move forward,"Hello Dana,

Thank you for speaking with us. The team enjoyed learning about your experience and would like to continue the conversation. We would like to arrange the next interview with you.

The interview team is based in Dublin.",automated,hr,hard,,,Dublin,,,
JOB-00208,job_search,rejection,personalized_recruiter,Regarding your application,"Thank you for speaking with our team about the Operations Specialist role. Unfortunately, we will not be progressing your application to the next stage.

Best regards,
Liam Chen",semi_automated,company,easy,,Liam Chen,,Operations Specialist,,
JOB-00209,job_search,acceptance_progression,final_interview,Offer from Oakridge Financial,"We are pleased to offer you the DevOps Engineer position. The offer details, proposed start date, and terms are available in the candidate portal at https://example.test/offer.

Best regards,
Noah Chen",human,ats,easy,Oakridge Financial,Noah Chen,,DevOps Engineer,,https://example.test/offer.
JOB-00210,job_search,rejection,post_application_review,Update on your Machine Learning Engineer application,"Thank you for applying for the Machine Learning Engineer position at Lighthouse Cloud. After careful consideration, we have will not be progressing with your application at this time.",human,hr,medium,Lighthouse Cloud,,,Machine Learning Engineer,,
JOB-00211,job_search,application_notification,application_received,Application received — Sales Development Representative,Thank you for your interest in the Sales Development Representative position at Vertex Consulting. We have received your application and our hiring team will review it. We will contact you if there is a suitable next step.,semi_automated,hr,adversarial,Vertex Consulting,,,Sales Development Representative,,
JOB-00212,job_search,rejection,generic_automated_rejection,Update on your Machine Learning Engineer application,"Thank you for applying for the Machine Learning Engineer position at Horizon Labs. After careful consideration, we have decided not to move forward with your application at this time.",human,ats,medium,Horizon Labs,,,Machine Learning Engineer,,
JOB-00213,job_search,application_notification,application_under_review,Application status update,"Your application for Software Engineer is currently under review. We are assessing applications against the requirements of the role and will provide an update when the review is complete. Please note that this message is only a confirmation that we received your application.

Best regards,
Noah Clark",human,company,medium,,Noah Clark,,Software Engineer,,
JOB-00214,job_search,rejection,different_direction,Update on your Software Engineer application,"Thank you for applying for the Software Engineer position at Silverline Systems. After careful consideration, we have decided not to move forward with your application at this time.",semi_automated,ats,easy,Silverline Systems,,,Software Engineer,,
JOB-00215,job_search,rejection,personalized_recruiter,Your application with BluePeak Analytics,We appreciate the time you invested in the recruitment process. We have decided to continue with other candidates whose experience more closely matches the current requirements.,semi_automated,recruiter,easy,BluePeak Analytics,,,,,
JOB-00216,job_search,rejection,personalized_recruiter,Recruitment update,"We were impressed by your background and appreciated the opportunity to learn more about you. At this stage, however, we have chosen to take the process in a different direction.",semi_automated,company,adversarial,,,,,,
JOB-00217,job_search,acceptance_progression,first_interview,Offer from Summit Retail,"Hello Sam,

We are pleased to offer you the Machine Learning Engineer position. The offer details, proposed start date, and terms are available in the candidate portal at https://example.test/offer.

The interview team is based in Copenhagen.",semi_automated,recruiter,hard,Summit Retail,,Copenhagen,Machine Learning Engineer,,https://example.test/offer.
JOB-00218,job_search,application_notification,application_submitted,Application received — Business Analyst,Thank you for your interest in the Business Analyst position at BrightPath Energy. We have received your application and our hiring team will review it. We will contact you if there is a suitable next step.,semi_automated,company,hard,BrightPath Energy,,,Business Analyst,,
JOB-00219,job_search,application_notification,thank_you_for_applying,Your application has been submitted,Your application for Software Engineer at Summit Retail was successfully submitted. This confirmation does not indicate a hiring decision. We appreciate your interest and will review your information.,automated,hr,easy,Summit Retail,,,Software Engineer,,
JOB-00220,job_search,acceptance_progression,assessment,Offer from Vertex Consulting,"We are pleased to offer you the Financial Analyst position. The offer details, proposed start date, and terms are available in the candidate portal at https://example.test/offer.",human,recruiter,hard,Vertex Consulting,,,Financial Analyst,,https://example.test/offer.
JOB-00221,job_search,rejection,other_candidates,Update on your Software Engineer application,"Thank you for applying for the Software Engineer position at Horizon Labs. After careful consideration, we have decided not to move forward with your application at this time.",human,hiring_manager,easy,Horizon Labs,,,Software Engineer,,
JOB-00222,job_search,application_notification,application_under_review,Your application has been submitted,Your application for Product Manager at Northstar Technologies was successfully submitted. This confirmation does not indicate a hiring decision. We appreciate your interest and will review your information. Please note that this message is only a confirmation that we received your application.,semi_automated,ats,easy,Northstar Technologies,,,Product Manager,,
JOB-00223,job_search,application_notification,application_under_review,Application received — Machine Learning Engineer,Thank you for your interest in the Machine Learning Engineer position at Oakridge Financial. We have received your application and our hiring team will review it. We will contact you if there is a suitable next step.,semi_automated,hiring_manager,easy,Oakridge Financial,,,Machine Learning Engineer,,
JOB-00224,job_search,acceptance_progression,move_forward,Next step in your application,We are pleased to let you know that your application has progressed to the next stage. Please provide your availability for an interview with the hiring team.,automated,company,medium,,,,,,
JOB-00225,job_search,rejection,post_application_review,Application outcome,The review for the UX Designer position is now complete. We will be moving forward with another candidate. Thank you for your interest in Aurora Mobility.,automated,recruiter,easy,Aurora Mobility,,,UX Designer,,
JOB-00226,job_search,application_notification,application_under_review,Application received — Frontend Developer,Thank you for your interest in the Frontend Developer position at Oakridge Financial. We have received your application and our hiring team will review it. We will contact you if there is a suitable next step. Please note that this message is only a confirmation that we received your application.,automated,recruiter,hard,Oakridge Financial,,,Frontend Developer,,
JOB-00227,job_search,acceptance_progression,second_interview,We'd like to move forward,Thank you for speaking with us. The team enjoyed learning about your experience and would like to continue the conversation. We would like to arrange the next interview with you.,semi_automated,hr,easy,,,,,,
JOB-00228,job_search,rejection,generic_automated_rejection,Regarding your application,"Thank you for speaking with our team about the Machine Learning Engineer role. Unfortunately, we will not be progressing your application to the next stage.",automated,hr,medium,,,,Machine Learning Engineer,,
JOB-00229,job_search,rejection,generic_automated_rejection,Update on your UX Designer application,"Thank you for applying for the UX Designer position at Atlas Software. After careful consideration, we have decided not to move forward with your application at this time.",automated,recruiter,medium,Atlas Software,,,UX Designer,,
JOB-00230,job_search,rejection,post_application_review,Recruitment update,"We were impressed by your background and appreciated the opportunity to learn more about you. At this stage, however, we have chosen to take the process in a different direction.",human,hiring_manager,hard,,,,,,
JOB-00231,job_search,application_notification,application_under_review,Application received — Sales Development Representative,Thank you for your interest in the Sales Development Representative position at Lighthouse Cloud. We have received your application and our hiring team will review it. We will contact you if there is a suitable next step. Please note that this message is only a confirmation that we received your application.,semi_automated,hr,medium,Lighthouse Cloud,,,Sales Development Representative,,
JOB-00232,job_search,acceptance_progression,final_interview,Offer from Lighthouse Cloud,"We are pleased to offer you the Business Analyst position. The offer details, proposed start date, and terms are available in the candidate portal at https://example.test/offer.",human,hr,medium,Lighthouse Cloud,,,Business Analyst,,https://example.test/offer.
JOB-00233,job_search,acceptance_progression,second_interview,Offer from Vertex Consulting,"We are pleased to offer you the Software Engineer position. The offer details, proposed start date, and terms are available in the candidate portal at https://example.test/offer.",human,hiring_manager,medium,Vertex Consulting,,,Software Engineer,,https://example.test/offer.
JOB-00234,job_search,application_notification,application_under_review,Application status update,Your application for Data Analyst is currently under review. We are assessing applications against the requirements of the role and will provide an update when the review is complete.,automated,hr,easy,,,,Data Analyst,,
JOB-00235,job_search,application_notification,application_received,Application received — Business Analyst,Thank you for your interest in the Business Analyst position at Silverline Systems. We have received your application and our hiring team will review it. We will contact you if there is a suitable next step.,automated,hiring_manager,medium,Silverline Systems,,,Business Analyst,,
JOB-00236,job_search,acceptance_progression,first_interview,Offer from BrightPath Energy,"We are pleased to offer you the Data Analyst position. The offer details, proposed start date, and terms are available in the candidate portal at https://example.test/offer.",human,ats,medium,BrightPath Energy,,,Data Analyst,,https://example.test/offer.
JOB-00237,job_search,application_notification,application_under_review,Application received — Marketing Manager,Thank you for your interest in the Marketing Manager position at BluePeak Analytics. We have received your application and our hiring team will review it. We will contact you if there is a suitable next step.,semi_automated,hiring_manager,medium,BluePeak Analytics,,,Marketing Manager,,
JOB-00238,job_search,acceptance_progression,second_interview,We'd like to move forward,Thank you for speaking with us. The team enjoyed learning about your experience and would like to continue the conversation. We would like to arrange the next interview with you.,semi_automated,company,medium,,,,,,
JOB-00239,job_search,acceptance_progression,recruiter_screen,Interview invitation — Data Analyst,We have reviewed your application for the Data Analyst position at Summit Retail and would like to invite you to the next stage of the process. Please use https://example.test/schedule to select a convenient time.,automated,hiring_manager,hard,Summit Retail,,,Data Analyst,,https://example.test/schedule
JOB-00240,job_search,acceptance_progression,final_interview,Next step in your application,We are pleased to let you know that your application has progressed to the next stage. Please provide your availability for an interview with the hiring team.,automated,recruiter,easy,,,,,,
JOB-00241,job_search,application_notification,application_submitted,Application received — Content Strategist,Thank you for your interest in the Content Strategist position at Summit Retail. We have received your application and our hiring team will review it. We will contact you if there is a suitable next step.,automated,hiring_manager,medium,Summit Retail,,,Content Strategist,,
JOB-00242,job_search,rejection,position_related,Update on your Frontend Developer application,"Thank you for applying for the Frontend Developer position at Redwood Solutions. After careful consideration, we have will not be progressing with your application at this time.",human,hiring_manager,adversarial,Redwood Solutions,,,Frontend Developer,,
JOB-00243,job_search,acceptance_progression,first_interview,Next step in your application,"We are pleased to let you know that your application has progressed to the next stage. Please provide your availability for an interview with the hiring team.

Best regards,
Maya Wilson",human,recruiter,easy,,Maya Wilson,,,,
JOB-00244,job_search,application_notification,application_status_update,Application received — Project Coordinator,Thank you for your interest in the Project Coordinator position at Horizon Labs. We have received your application and our hiring team will review it. We will contact you if there is a suitable next step.,human,hr,medium,Horizon Labs,,,Project Coordinator,,
JOB-00245,job_search,rejection,other_candidates,Your application with Northstar Technologies,"We appreciate the time you invested in the recruitment process. We have decided to continue with other candidates whose experience more closely matches the current requirements.

Best regards,
Daniel Davis",human,company,medium,Northstar Technologies,Daniel Davis,,,,
JOB-00246,job_search,acceptance_progression,offer,Next step in your application,We are pleased to let you know that your application has progressed to the next stage. Please provide your availability for an interview with the hiring team.,human,hiring_manager,hard,,,,,,
JOB-00247,job_search,rejection,different_direction,Your application with Meridian Health,We appreciate the time you invested in the recruitment process. We have decided to continue with other candidates whose experience more closely matches the current requirements.,human,hr,medium,Meridian Health,,,,,
JOB-00248,job_search,acceptance_progression,second_interview,Assessment invitation,"Hello Olivia,

We would like to invite you to complete the next stage of our selection process. The assessment will help the team evaluate your skills for the Content Strategist role.

The interview team is based in Munich.

Best regards,
Olivia Berg",human,hiring_manager,adversarial,,Olivia Berg,Munich,Content Strategist,,
JOB-00249,job_search,acceptance_progression,first_interview,Next step in your application,"We are pleased to let you know that your application has progressed to the next stage. Please provide your availability for an interview with the hiring team.

Best regards,
Daniel Davis",human,recruiter,hard,,Daniel Davis,,,,
JOB-00250,job_search,acceptance_progression,offer,Assessment invitation,We would like to invite you to complete the next stage of our selection process. The assessment will help the team evaluate your skills for the Customer Success Manager role.,semi_automated,recruiter,medium,,,,Customer Success Manager,,
JOB-00251,job_search,rejection,personalized_recruiter,Your application with Atlas Software,We appreciate the time you invested in the recruitment process. We have decided to continue with other candidates whose experience more closely matches the current requirements.,semi_automated,ats,hard,Atlas Software,,,,,
JOB-00252,job_search,rejection,other_candidates,Application outcome,The review for the DevOps Engineer position is now complete. We will be moving forward with another candidate. Thank you for your interest in Redwood Solutions.,semi_automated,recruiter,easy,Redwood Solutions,,,DevOps Engineer,,
JOB-00253,job_search,acceptance_progression,availability_request,Offer from BluePeak Analytics,"We are pleased to offer you the Project Coordinator position. The offer details, proposed start date, and terms are available in the candidate portal at https://example.test/offer.",automated,company,easy,BluePeak Analytics,,,Project Coordinator,,https://example.test/offer.
JOB-00254,job_search,rejection,other_candidates,Application outcome,The review for the Customer Success Manager position is now complete. We will be moving forward with another candidate. Thank you for your interest in Summit Retail.,semi_automated,ats,easy,Summit Retail,,,Customer Success Manager,,
JOB-00255,job_search,rejection,generic_automated_rejection,Application outcome,The review for the Content Strategist position is now complete. We will be moving forward with another candidate. Thank you for your interest in Redwood Solutions.,automated,ats,medium,Redwood Solutions,,,Content Strategist,,
JOB-00256,job_search,rejection,different_direction,Update on your Sales Development Representative application,"Thank you for applying for the Sales Development Representative position at Vertex Consulting. After careful consideration, we have decided not to move forward with your application at this time.",human,recruiter,medium,Vertex Consulting,,,Sales Development Representative,,
JOB-00257,job_search,rejection,position_related,Application outcome,The review for the Sales Development Representative position is now complete. We will be moving forward with another candidate. Thank you for your interest in Cedar Digital.,semi_automated,recruiter,adversarial,Cedar Digital,,,Sales Development Representative,,
JOB-00258,job_search,rejection,personalized_recruiter,Your application with Lighthouse Cloud,We appreciate the time you invested in the recruitment process. We have decided to continue with other candidates whose experience more closely matches the current requirements.,human,ats,adversarial,Lighthouse Cloud,,,,,
JOB-00259,job_search,rejection,different_direction,Update on your Marketing Manager application,"Thank you for applying for the Marketing Manager position at Meridian Health. After careful consideration, we have decided not to move forward with your application at this time.",semi_automated,ats,medium,Meridian Health,,,Marketing Manager,,
JOB-00260,job_search,rejection,different_direction,Your application with Northstar Technologies,We appreciate the time you invested in the recruitment process. We have decided to continue with other candidates whose experience more closely matches the current requirements.,automated,hiring_manager,medium,Northstar Technologies,,,,,
JOB-00261,job_search,application_notification,thank_you_for_applying,Application received — Project Coordinator,Thank you for your interest in the Project Coordinator position at Cedar Digital. We have received your application and our hiring team will review it. We will contact you if there is a suitable next step.,semi_automated,recruiter,medium,Cedar Digital,,,Project Coordinator,,
JOB-00262,job_search,application_notification,thank_you_for_applying,Your application has been submitted,Your application for Software Engineer at Northstar Technologies was successfully submitted. This confirmation does not indicate a hiring decision. We appreciate your interest and will review your information.,semi_automated,hr,medium,Northstar Technologies,,,Software Engineer,,
JOB-00263,job_search,acceptance_progression,first_interview,Offer from Meridian Health,"We are pleased to offer you the Data Analyst position. The offer details, proposed start date, and terms are available in the candidate portal at https://example.test/offer.",human,recruiter,easy,Meridian Health,,,Data Analyst,,https://example.test/offer.
JOB-00264,job_search,application_notification,application_submitted,Application received — Marketing Manager,Thank you for your interest in the Marketing Manager position at Silverline Systems. We have received your application and our hiring team will review it. We will contact you if there is a suitable next step.,automated,hiring_manager,medium,Silverline Systems,,,Marketing Manager,,
JOB-00265,job_search,rejection,post_application_review,Your application with Redwood Solutions,We appreciate the time you invested in the recruitment process. We have decided to continue with other candidates whose experience more closely matches the current requirements.,semi_automated,hiring_manager,hard,Redwood Solutions,,,,,
JOB-00266,job_search,application_notification,application_received,Your application has been submitted,Your application for Data Analyst at BrightPath Energy was successfully submitted. This confirmation does not indicate a hiring decision. We appreciate your interest and will review your information. Please note that this message is only a confirmation that we received your application.,semi_automated,ats,medium,BrightPath Energy,,,Data Analyst,,
JOB-00267,job_search,rejection,post_interview,Regarding your application,"Thank you for speaking with our team about the Machine Learning Engineer role. Unfortunately, we will not be progressing your application to the next stage.",automated,hiring_manager,medium,,,,Machine Learning Engineer,,
JOB-00268,job_search,acceptance_progression,offer,Offer from Aurora Mobility,"We are pleased to offer you the Project Coordinator position. The offer details, proposed start date, and terms are available in the candidate portal at https://example.test/offer.",human,hiring_manager,medium,Aurora Mobility,,,Project Coordinator,,https://example.test/offer.
JOB-00269,job_search,acceptance_progression,first_interview,Interview invitation — DevOps Engineer,We have reviewed your application for the DevOps Engineer position at Aurora Mobility and would like to invite you to the next stage of the process. Please use https://example.test/schedule to select a convenient time.,automated,hr,adversarial,Aurora Mobility,,,DevOps Engineer,,https://example.test/schedule
JOB-00270,job_search,application_notification,other_application_system,Thanks for applying to Silverline Systems,We appreciate your interest in the Project Coordinator opportunity. Your application is now with our recruitment team. You do not need to take any further action at this time.,semi_automated,hr,easy,Silverline Systems,,,Project Coordinator,,
JOB-00271,job_search,rejection,other_candidates,Application outcome,The review for the Product Manager position is now complete. We will be moving forward with another candidate. Thank you for your interest in Pinecrest Media.,semi_automated,recruiter,easy,Pinecrest Media,,,Product Manager,,
JOB-00272,job_search,acceptance_progression,assessment,We'd like to move forward,Thank you for speaking with us. The team enjoyed learning about your experience and would like to continue the conversation. We would like to arrange the next interview with you.,human,hiring_manager,easy,,,,,,
JOB-00273,job_search,application_notification,application_submitted,Application received — Content Strategist,Thank you for your interest in the Content Strategist position at Cedar Digital. We have received your application and our hiring team will review it. We will contact you if there is a suitable next step.,automated,hiring_manager,medium,Cedar Digital,,,Content Strategist,,
JOB-00274,job_search,acceptance_progression,offer,Next step in your application,We are pleased to let you know that your application has progressed to the next stage. Please provide your availability for an interview with the hiring team.,automated,ats,easy,,,,,,
JOB-00275,job_search,acceptance_progression,recruiter_screen,Interview invitation — Data Analyst,We have reviewed your application for the Data Analyst position at Aurora Mobility and would like to invite you to the next stage of the process. Please use https://example.test/schedule to select a convenient time.,semi_automated,recruiter,medium,Aurora Mobility,,,Data Analyst,,https://example.test/schedule
JOB-00276,job_search,acceptance_progression,recruiter_screen,Next step in your application,We are pleased to let you know that your application has progressed to the next stage. Please provide your availability for an interview with the hiring team.,semi_automated,company,hard,,,,,,
JOB-00277,job_search,application_notification,application_submitted,Your application has been submitted,Your application for Project Coordinator at Summit Retail was successfully submitted. This confirmation does not indicate a hiring decision. We appreciate your interest and will review your information. Please note that this message is only a confirmation that we received your application.,automated,company,medium,Summit Retail,,,Project Coordinator,,
JOB-00278,job_search,rejection,post_application_review,Your application with Cedar Digital,We appreciate the time you invested in the recruitment process. We have decided to continue with other candidates whose experience more closely matches the current requirements.,automated,hr,easy,Cedar Digital,,,,,
JOB-00279,job_search,application_notification,application_under_review,Your application has been submitted,Your application for Marketing Manager at Silverline Systems was successfully submitted. This confirmation does not indicate a hiring decision. We appreciate your interest and will review your information.,semi_automated,company,hard,Silverline Systems,,,Marketing Manager,,
JOB-00280,job_search,acceptance_progression,final_interview,We'd like to move forward,Thank you for speaking with us. The team enjoyed learning about your experience and would like to continue the conversation. We would like to arrange the next interview with you.,automated,recruiter,medium,,,,,,
JOB-00281,job_search,application_notification,application_received,Your application has been submitted,Your application for Software Engineer at Summit Retail was successfully submitted. This confirmation does not indicate a hiring decision. We appreciate your interest and will review your information.,human,ats,medium,Summit Retail,,,Software Engineer,,
JOB-00282,job_search,acceptance_progression,second_interview,Interview invitation — Product Manager,We have reviewed your application for the Product Manager position at Lighthouse Cloud and would like to invite you to the next stage of the process. Please use https://example.test/schedule to select a convenient time.,human,hr,easy,Lighthouse Cloud,,,Product Manager,,https://example.test/schedule
JOB-00283,job_search,rejection,other_candidates,Update on your Product Manager application,"Thank you for applying for the Product Manager position at BrightPath Energy. After careful consideration, we have decided not to move forward with your application at this time.

Best regards,
Avery Davis",human,recruiter,hard,BrightPath Energy,Avery Davis,,Product Manager,,
JOB-00284,job_search,application_notification,application_under_review,Your application has been submitted,Your application for UX Designer at Cedar Digital was successfully submitted. This confirmation does not indicate a hiring decision. We appreciate your interest and will review your information.,semi_automated,recruiter,adversarial,Cedar Digital,,,UX Designer,,
JOB-00285,job_search,application_notification,application_submitted,Application status update,Your application for Project Coordinator is currently under review. We are assessing applications against the requirements of the role and will provide an update when the review is complete.,semi_automated,ats,medium,,,,Project Coordinator,,
JOB-00286,job_search,rejection,generic_automated_rejection,Recruitment update,"We were impressed by your background and appreciated the opportunity to learn more about you. At this stage, however, we have chosen to take the process in a different direction.

Best regards,
Robin Johnson",automated,company,easy,,Robin Johnson,,,,
JOB-00287,job_search,acceptance_progression,first_interview,Offer from Silverline Systems,"We are pleased to offer you the Customer Success Manager position. The offer details, proposed start date, and terms are available in the candidate portal at https://example.test/offer.",semi_automated,company,hard,Silverline Systems,,,Customer Success Manager,,https://example.test/offer.
JOB-00288,job_search,acceptance_progression,final_interview,Offer from Aurora Mobility,"We are pleased to offer you the Financial Analyst position. The offer details, proposed start date, and terms are available in the candidate portal at https://example.test/offer.",semi_automated,hiring_manager,medium,Aurora Mobility,,,Financial Analyst,,https://example.test/offer.
JOB-00289,job_search,acceptance_progression,first_interview,We'd like to move forward,"Thank you for speaking with us. The team enjoyed learning about your experience and would like to continue the conversation. We would like to arrange the next interview with you.

Best regards,
Riley Brown",automated,ats,hard,,Riley Brown,,,,
JOB-00290,job_search,acceptance_progression,second_interview,Assessment invitation,We would like to invite you to complete the next stage of our selection process. The assessment will help the team evaluate your skills for the Machine Learning Engineer role.,semi_automated,company,hard,,,,Machine Learning Engineer,,
JOB-00291,job_search,rejection,generic_automated_rejection,Your application with Redwood Solutions,We appreciate the time you invested in the recruitment process. We have decided to continue with other candidates whose experience more closely matches the current requirements.,semi_automated,ats,medium,Redwood Solutions,,,,,
JOB-00292,job_search,rejection,other_candidates,Your application with Aurora Mobility,"We appreciate the time you invested in the recruitment process. We have decided to continue with other candidates whose experience more closely matches the current requirements.

Best regards,
Liam Chen",semi_automated,company,medium,Aurora Mobility,Liam Chen,,,,
JOB-00293,job_search,acceptance_progression,first_interview,Next step in your application,"We are pleased to let you know that your application has progressed to the next stage. Please provide your availability for an interview with the hiring team.

Best regards,
Avery Andersson",automated,hiring_manager,medium,,Avery Andersson,,,,
JOB-00294,job_search,application_notification,application_status_update,Application status update,"Your application for Financial Analyst is currently under review. We are assessing applications against the requirements of the role and will provide an update when the review is complete.

Best regards,
Sam Patel",automated,recruiter,hard,,Sam Patel,,Financial Analyst,,
JOB-00295,job_search,application_notification,application_received,More opportunities for you,"Thank you for applying for UX Designer. While your application is being reviewed, you may also be interested in other roles that match your profile at Atlas Software.",semi_automated,hiring_manager,hard,Atlas Software,,,UX Designer,,
JOB-00296,job_search,application_notification,recruiter_acknowledgement,Your application has been submitted,Your application for Customer Success Manager at Meridian Health was successfully submitted. This confirmation does not indicate a hiring decision. We appreciate your interest and will review your information.,automated,ats,easy,Meridian Health,,,Customer Success Manager,,
JOB-00297,job_search,acceptance_progression,first_interview,Next step in your application,We are pleased to let you know that your application has progressed to the next stage. Please provide your availability for an interview with the hiring team.,semi_automated,ats,hard,,,,,,
JOB-00298,job_search,acceptance_progression,assessment,Interview invitation — Content Strategist,We have reviewed your application for the Content Strategist position at Northstar Technologies and would like to invite you to the next stage of the process. Please use https://example.test/schedule to select a convenient time.,automated,hr,easy,Northstar Technologies,,,Content Strategist,,https://example.test/schedule
JOB-00299,job_search,rejection,generic_automated_rejection,Recruitment update,"We were impressed by your background and appreciated the opportunity to learn more about you. At this stage, however, we have chosen to take the process in a different direction.

Best regards,
Noah Clark",semi_automated,hiring_manager,adversarial,,Noah Clark,,,,
JOB-00300,job_search,rejection,other_candidates,Update on your Project Coordinator application,"Thank you for applying for the Project Coordinator position at Meridian Health. After careful consideration, we have decided not to move forward with your application at this time.",human,hiring_manager,easy,Meridian Health,,,Project Coordinator,,
JOB-00301,job_search,acceptance_progression,first_interview,Offer from Cedar Digital,"We are pleased to offer you the DevOps Engineer position. The offer details, proposed start date, and terms are available in the candidate portal at https://example.test/offer.",human,hr,medium,Cedar Digital,,,DevOps Engineer,,https://example.test/offer.
JOB-00302,job_search,acceptance_progression,second_interview,Next step in your application,We are pleased to let you know that your application has progressed to the next stage. Please provide your availability for an interview with the hiring team.,automated,hiring_manager,hard,,,,,,
JOB-00303,job_search,acceptance_progression,assessment,Assessment invitation,We would like to invite you to complete the next stage of our selection process. The assessment will help the team evaluate your skills for the Frontend Developer role.,human,recruiter,easy,,,,Frontend Developer,,
JOB-00304,job_search,acceptance_progression,final_interview,Next step in your application,"Hello Alex,

We are pleased to let you know that your application has progressed to the next stage. Please provide your availability for an interview with the hiring team.

The interview team is based in Helsinki.",automated,hiring_manager,hard,,,Helsinki,,,
JOB-00305,job_search,rejection,post_application_review,Update on your DevOps Engineer application,"Thank you for applying for the DevOps Engineer position at Meridian Health. After careful consideration, we have decided not to move forward with your application at this time.

Best regards,
Casey Larsson",automated,recruiter,medium,Meridian Health,Casey Larsson,,DevOps Engineer,,
JOB-00306,job_search,rejection,generic_automated_rejection,Update on your Machine Learning Engineer application,"Thank you for applying for the Machine Learning Engineer position at Northstar Technologies. After careful consideration, we have will not be progressing with your application at this time.",semi_automated,recruiter,easy,Northstar Technologies,,,Machine Learning Engineer,,
JOB-00307,job_search,rejection,different_direction,Application outcome,The review for the Financial Analyst position is now complete. We will be moving forward with another candidate. Thank you for your interest in Aurora Mobility.,human,hiring_manager,hard,Aurora Mobility,,,Financial Analyst,,
JOB-00308,job_search,acceptance_progression,recruiter_screen,Assessment invitation,We would like to invite you to complete the next stage of our selection process. The assessment will help the team evaluate your skills for the Software Engineer role.,automated,company,medium,,,,Software Engineer,,
JOB-00309,job_search,rejection,post_final_interview,Application outcome,The review for the Product Manager position is now complete. We will be moving forward with another candidate. Thank you for your interest in Redwood Solutions.,semi_automated,hiring_manager,hard,Redwood Solutions,,,Product Manager,,
JOB-00310,job_search,application_notification,application_submitted,Thanks for applying to Lighthouse Cloud,"We appreciate your interest in the Financial Analyst opportunity. Your application is now with our recruitment team. You do not need to take any further action at this time. Please note that this message is only a confirmation that we received your application.

Best regards,
Sarah Clark",semi_automated,company,easy,Lighthouse Cloud,Sarah Clark,,Financial Analyst,,
JOB-00311,job_search,acceptance_progression,availability_request,Interview invitation — Marketing Manager,We have reviewed your application for the Marketing Manager position at Lighthouse Cloud and would like to invite you to the next stage of the process. Please use https://example.test/schedule to select a convenient time.,automated,hiring_manager,medium,Lighthouse Cloud,,,Marketing Manager,,https://example.test/schedule
JOB-00312,job_search,application_notification,application_under_review,Application received — UX Designer,Thank you for your interest in the UX Designer position at Summit Retail. We have received your application and our hiring team will review it. We will contact you if there is a suitable next step. Please note that this message is only a confirmation that we received your application.,human,hiring_manager,medium,Summit Retail,,,UX Designer,,
JOB-00313,job_search,rejection,personalized_recruiter,Your application with Horizon Labs,We appreciate the time you invested in the recruitment process. We have decided to continue with other candidates whose experience more closely matches the current requirements.,semi_automated,hiring_manager,medium,Horizon Labs,,,,,
JOB-00314,job_search,acceptance_progression,availability_request,We'd like to move forward,Thank you for speaking with us. The team enjoyed learning about your experience and would like to continue the conversation. We would like to arrange the next interview with you.,semi_automated,company,hard,,,,,,
JOB-00315,job_search,rejection,position_related,Your application with Horizon Labs,We appreciate the time you invested in the recruitment process. We have decided to continue with other candidates whose experience more closely matches the current requirements.,automated,ats,medium,Horizon Labs,,,,,
JOB-00316,job_search,application_notification,application_recommended_jobs,Application received — DevOps Engineer,Thank you for your interest in the DevOps Engineer position at Summit Retail. We have received your application and our hiring team will review it. We will contact you if there is a suitable next step.,automated,recruiter,easy,Summit Retail,,,DevOps Engineer,,
JOB-00317,job_search,rejection,generic_automated_rejection,Recruitment update,"We were impressed by your background and appreciated the opportunity to learn more about you. At this stage, however, we have chosen to take the process in a different direction.",automated,hiring_manager,easy,,,,,,
JOB-00318,job_search,application_notification,thank_you_for_applying,Thanks for applying to Summit Retail,We appreciate your interest in the Financial Analyst opportunity. Your application is now with our recruitment team. You do not need to take any further action at this time.,automated,ats,easy,Summit Retail,,,Financial Analyst,,
JOB-00319,job_search,acceptance_progression,first_interview,Assessment invitation,We would like to invite you to complete the next stage of our selection process. The assessment will help the team evaluate your skills for the Customer Success Manager role.,automated,hr,easy,,,,Customer Success Manager,,
JOB-00320,job_search,application_notification,application_status_update,Thanks for applying to Atlas Software,We appreciate your interest in the Data Analyst opportunity. Your application is now with our recruitment team. You do not need to take any further action at this time.,human,company,hard,Atlas Software,,,Data Analyst,,
JOB-00321,job_search,rejection,other_candidates,Your application with Redwood Solutions,We appreciate the time you invested in the recruitment process. We have decided to continue with other candidates whose experience more closely matches the current requirements.,automated,recruiter,medium,Redwood Solutions,,,,,
JOB-00322,job_search,rejection,generic_automated_rejection,Application outcome,The review for the UX Designer position is now complete. We will be moving forward with another candidate. Thank you for your interest in Cedar Digital.,human,recruiter,medium,Cedar Digital,,,UX Designer,,
JOB-00323,job_search,application_notification,application_submitted,Your application has been submitted,Your application for DevOps Engineer at Oakridge Financial was successfully submitted. This confirmation does not indicate a hiring decision. We appreciate your interest and will review your information.,automated,ats,medium,Oakridge Financial,,,DevOps Engineer,,
JOB-00324,job_search,rejection,post_final_interview,Your application with Redwood Solutions,We appreciate the time you invested in the recruitment process. We have decided to continue with other candidates whose experience more closely matches the current requirements.,automated,company,hard,Redwood Solutions,,,,,
JOB-00325,job_search,rejection,different_direction,Recruitment update,"We were impressed by your background and appreciated the opportunity to learn more about you. At this stage, however, we have chosen to take the process in a different direction.",semi_automated,hr,medium,,,,,,
JOB-00326,job_search,rejection,different_direction,Update on your Marketing Manager application,"Thank you for applying for the Marketing Manager position at Lighthouse Cloud. After careful consideration, we have decided not to move forward with your application at this time.",human,recruiter,easy,Lighthouse Cloud,,,Marketing Manager,,
JOB-00327,job_search,acceptance_progression,first_interview,Assessment invitation,We would like to invite you to complete the next stage of our selection process. The assessment will help the team evaluate your skills for the Product Manager role.,automated,hiring_manager,medium,,,,Product Manager,,
JOB-00328,job_search,rejection,personalized_recruiter,Your application with Summit Retail,We appreciate the time you invested in the recruitment process. We have decided to continue with other candidates whose experience more closely matches the current requirements.,automated,ats,hard,Summit Retail,,,,,
JOB-00329,job_search,application_notification,application_status_update,More opportunities for you,"Thank you for applying for Software Engineer. While your application is being reviewed, you may also be interested in other roles that match your profile at BrightPath Energy. Please note that this message is only a confirmation that we received your application.",automated,ats,easy,BrightPath Energy,,,Software Engineer,,
JOB-00330,job_search,application_notification,application_submitted,Thanks for applying to Silverline Systems,We appreciate your interest in the Product Manager opportunity. Your application is now with our recruitment team. You do not need to take any further action at this time.,semi_automated,recruiter,easy,Silverline Systems,,,Product Manager,,
JOB-00331,job_search,application_notification,thank_you_for_applying,Application received — Marketing Manager,Thank you for your interest in the Marketing Manager position at Lighthouse Cloud. We have received your application and our hiring team will review it. We will contact you if there is a suitable next step.,semi_automated,ats,hard,Lighthouse Cloud,,,Marketing Manager,,
JOB-00332,job_search,acceptance_progression,offer,Offer from BrightPath Energy,"Hello Dana,

We are pleased to offer you the Financial Analyst position. The offer details, proposed start date, and terms are available in the candidate portal at https://example.test/offer.

The interview team is based in Munich.",human,ats,hard,BrightPath Energy,,Munich,Financial Analyst,,https://example.test/offer.
JOB-00333,job_search,acceptance_progression,availability_request,Assessment invitation,"Hello Robin,

We would like to invite you to complete the next stage of our selection process. The assessment will help the team evaluate your skills for the DevOps Engineer role.

The interview team is based in Stockholm.",human,recruiter,easy,,,Stockholm,DevOps Engineer,,
JOB-00334,job_search,acceptance_progression,first_interview,Next step in your application,We are pleased to let you know that your application has progressed to the next stage. Please provide your availability for an interview with the hiring team.,automated,hr,medium,,,,,,
JOB-00335,job_search,acceptance_progression,assessment,Offer from Cedar Digital,"We are pleased to offer you the Operations Specialist position. The offer details, proposed start date, and terms are available in the candidate portal at https://example.test/offer.

Best regards,
Daniel Patel",human,hr,medium,Cedar Digital,Daniel Patel,,Operations Specialist,,https://example.test/offer.
JOB-00336,job_search,rejection,other_candidates,Application outcome,The review for the Product Manager position is now complete. We will be moving forward with another candidate. Thank you for your interest in Northstar Technologies.,automated,ats,hard,Northstar Technologies,,,Product Manager,,
JOB-00337,job_search,rejection,different_direction,Your application with Oakridge Financial,"We appreciate the time you invested in the recruitment process. We have decided to continue with other candidates whose experience more closely matches the current requirements.

Best regards,
Sofia Miller",automated,ats,easy,Oakridge Financial,Sofia Miller,,,,
JOB-00338,job_search,rejection,position_related,Update on your Frontend Developer application,"Thank you for applying for the Frontend Developer position at Silverline Systems. After careful consideration, we have decided not to move forward with your application at this time.",semi_automated,company,hard,Silverline Systems,,,Frontend Developer,,
JOB-00339,job_search,rejection,post_application_review,Update on your Project Coordinator application,"Thank you for applying for the Project Coordinator position at Northstar Technologies. After careful consideration, we have will not be progressing with your application at this time.",human,recruiter,easy,Northstar Technologies,,,Project Coordinator,,
JOB-00340,job_search,application_notification,application_submitted,Thanks for applying to BrightPath Energy,We appreciate your interest in the Customer Success Manager opportunity. Your application is now with our recruitment team. You do not need to take any further action at this time.,automated,ats,hard,BrightPath Energy,,,Customer Success Manager,,
JOB-00341,job_search,application_notification,application_submitted,Thanks for applying to Redwood Solutions,We appreciate your interest in the Project Coordinator opportunity. Your application is now with our recruitment team. You do not need to take any further action at this time.,automated,ats,hard,Redwood Solutions,,,Project Coordinator,,
JOB-00342,job_search,rejection,position_related,Update on your Financial Analyst application,"Thank you for applying for the Financial Analyst position at Meridian Health. After careful consideration, we have decided not to move forward with your application at this time.",semi_automated,hr,easy,Meridian Health,,,Financial Analyst,,
JOB-00343,job_search,acceptance_progression,second_interview,Offer from Cedar Digital,"We are pleased to offer you the Software Engineer position. The offer details, proposed start date, and terms are available in the candidate portal at https://example.test/offer.",semi_automated,hiring_manager,medium,Cedar Digital,,,Software Engineer,,https://example.test/offer.
JOB-00344,job_search,rejection,other_candidates,Your application with Horizon Labs,We appreciate the time you invested in the recruitment process. We have decided to continue with other candidates whose experience more closely matches the current requirements.,human,company,medium,Horizon Labs,,,,,
JOB-00345,job_search,rejection,different_direction,Recruitment update,"We were impressed by your background and appreciated the opportunity to learn more about you. At this stage, however, we have chosen to take the process in a different direction.",semi_automated,company,hard,,,,,,
JOB-00346,job_search,rejection,different_direction,Application outcome,The review for the Frontend Developer position is now complete. We will be moving forward with another candidate. Thank you for your interest in Vertex Consulting.,human,company,medium,Vertex Consulting,,,Frontend Developer,,
JOB-00347,job_search,rejection,other_candidates,Application outcome,The review for the Content Strategist position is now complete. We will be moving forward with another candidate. Thank you for your interest in Horizon Labs.,automated,ats,hard,Horizon Labs,,,Content Strategist,,
JOB-00348,job_search,acceptance_progression,availability_request,Offer from BluePeak Analytics,"Hello Olivia,

We are pleased to offer you the Project Coordinator position. The offer details, proposed start date, and terms are available in the candidate portal at https://example.test/offer.

The interview team is based in Oslo.",automated,company,easy,BluePeak Analytics,,Oslo,Project Coordinator,,https://example.test/offer.
JOB-00349,job_search,application_notification,application_submitted,Application received — Software Engineer,Thank you for your interest in the Software Engineer position at Horizon Labs. We have received your application and our hiring team will review it. We will contact you if there is a suitable next step.,automated,recruiter,hard,Horizon Labs,,,Software Engineer,,
JOB-00350,job_search,acceptance_progression,offer,Assessment invitation,We would like to invite you to complete the next stage of our selection process. The assessment will help the team evaluate your skills for the Project Coordinator role.,automated,company,medium,,,,Project Coordinator,,
JOB-00351,job_search,rejection,generic_automated_rejection,Update on your Customer Success Manager application,"Thank you for applying for the Customer Success Manager position at Vertex Consulting. After careful consideration, we have decided not to move forward with your application at this time.",automated,recruiter,easy,Vertex Consulting,,,Customer Success Manager,,
JOB-00352,job_search,rejection,other_candidates,Your application with Silverline Systems,We appreciate the time you invested in the recruitment process. We have decided to continue with other candidates whose experience more closely matches the current requirements.,semi_automated,hr,easy,Silverline Systems,,,,,
JOB-00353,job_search,rejection,generic_automated_rejection,Update on your Marketing Manager application,"Thank you for applying for the Marketing Manager position at Atlas Software. After careful consideration, we have decided not to move forward with your application at this time.",automated,company,easy,Atlas Software,,,Marketing Manager,,
JOB-00354,job_search,application_notification,application_recommended_jobs,Your application has been submitted,Your application for Financial Analyst at BluePeak Analytics was successfully submitted. This confirmation does not indicate a hiring decision. We appreciate your interest and will review your information. Please note that this message is only a confirmation that we received your application.,automated,company,easy,BluePeak Analytics,,,Financial Analyst,,
JOB-00355,job_search,acceptance_progression,final_interview,Interview invitation — Marketing Manager,"Hello Liam,

We have reviewed your application for the Marketing Manager position at Meridian Health and would like to invite you to the next stage of the process. Please use https://example.test/schedule to select a convenient time.

The interview team is based in Paris.",semi_automated,ats,medium,Meridian Health,,Paris,Marketing Manager,,https://example.test/schedule
JOB-00356,job_search,application_notification,application_received,Your application has been submitted,Your application for UX Designer at Aurora Mobility was successfully submitted. This confirmation does not indicate a hiring decision. We appreciate your interest and will review your information. Please note that this message is only a confirmation that we received your application.,human,recruiter,medium,Aurora Mobility,,,UX Designer,,
JOB-00357,job_search,rejection,post_interview,Regarding your application,"Thank you for speaking with our team about the Customer Success Manager role. Unfortunately, we will not be progressing your application to the next stage.",human,company,hard,,,,Customer Success Manager,,
JOB-00358,job_search,acceptance_progression,assessment,Interview invitation — UX Designer,We have reviewed your application for the UX Designer position at Summit Retail and would like to invite you to the next stage of the process. Please use https://example.test/schedule to select a convenient time.,semi_automated,company,hard,Summit Retail,,,UX Designer,,https://example.test/schedule
JOB-00359,job_search,application_notification,application_submitted,More opportunities for you,"Thank you for applying for Product Manager. While your application is being reviewed, you may also be interested in other roles that match your profile at Horizon Labs.",automated,recruiter,easy,Horizon Labs,,,Product Manager,,
JOB-00360,job_search,acceptance_progression,other_progression,Offer from Meridian Health,"We are pleased to offer you the DevOps Engineer position. The offer details, proposed start date, and terms are available in the candidate portal at https://example.test/offer.",semi_automated,hr,easy,Meridian Health,,,DevOps Engineer,,https://example.test/offer.
JOB-00361,job_search,application_notification,application_under_review,Thanks for applying to Aurora Mobility,We appreciate your interest in the Frontend Developer opportunity. Your application is now with our recruitment team. You do not need to take any further action at this time. Please note that this message is only a confirmation that we received your application.,human,hiring_manager,hard,Aurora Mobility,,,Frontend Developer,,
JOB-00362,job_search,rejection,other_candidates,Regarding your application,"Thank you for speaking with our team about the Software Engineer role. Unfortunately, we will not be progressing your application to the next stage.

Best regards,
Chris Nielsen",automated,hr,easy,,Chris Nielsen,,Software Engineer,,
JOB-00363,job_search,rejection,generic_automated_rejection,Regarding your application,"Thank you for speaking with our team about the Customer Success Manager role. Unfortunately, we will not be progressing your application to the next stage.",automated,ats,easy,,,,Customer Success Manager,,
JOB-00364,job_search,acceptance_progression,first_interview,We'd like to move forward,Thank you for speaking with us. The team enjoyed learning about your experience and would like to continue the conversation. We would like to arrange the next interview with you.,human,company,easy,,,,,,
JOB-00365,job_search,rejection,post_final_interview,Recruitment update,"We were impressed by your background and appreciated the opportunity to learn more about you. At this stage, however, we have chosen to take the process in a different direction.",semi_automated,ats,easy,,,,,,
JOB-00366,job_search,application_notification,other_application_system,Application status update,Your application for DevOps Engineer is currently under review. We are assessing applications against the requirements of the role and will provide an update when the review is complete. Please note that this message is only a confirmation that we received your application.,human,ats,easy,,,,DevOps Engineer,,
JOB-00367,job_search,acceptance_progression,first_interview,Interview invitation — Machine Learning Engineer,We have reviewed your application for the Machine Learning Engineer position at Vertex Consulting and would like to invite you to the next stage of the process. Please use https://example.test/schedule to select a convenient time.,semi_automated,company,medium,Vertex Consulting,,,Machine Learning Engineer,,https://example.test/schedule
JOB-00368,job_search,rejection,other_candidates,Update on your Marketing Manager application,"Thank you for applying for the Marketing Manager position at Redwood Solutions. After careful consideration, we have decided not to move forward with your application at this time.",human,hr,easy,Redwood Solutions,,,Marketing Manager,,
JOB-00369,job_search,rejection,other_candidates,Application outcome,The review for the Machine Learning Engineer position is now complete. We will be moving forward with another candidate. Thank you for your interest in BrightPath Energy.,human,hiring_manager,easy,BrightPath Energy,,,Machine Learning Engineer,,
JOB-00370,job_search,acceptance_progression,first_interview,Next step in your application,We are pleased to let you know that your application has progressed to the next stage. Please provide your availability for an interview with the hiring team.,human,hr,adversarial,,,,,,
JOB-00371,job_search,acceptance_progression,second_interview,Next step in your application,We are pleased to let you know that your application has progressed to the next stage. Please provide your availability for an interview with the hiring team.,human,company,easy,,,,,,
JOB-00372,job_search,application_notification,application_submitted,Application status update,Your application for Product Manager is currently under review. We are assessing applications against the requirements of the role and will provide an update when the review is complete.,semi_automated,recruiter,easy,,,,Product Manager,,
JOB-00373,job_search,rejection,other_candidates,Update on your Machine Learning Engineer application,"Thank you for applying for the Machine Learning Engineer position at Vertex Consulting. After careful consideration, we have decided not to move forward with your application at this time.

Best regards,
Maya Garcia",automated,hr,hard,Vertex Consulting,Maya Garcia,,Machine Learning Engineer,,
JOB-00374,job_search,acceptance_progression,recruiter_screen,Offer from Cedar Digital,"We are pleased to offer you the Data Analyst position. The offer details, proposed start date, and terms are available in the candidate portal at https://example.test/offer.",human,recruiter,easy,Cedar Digital,,,Data Analyst,,https://example.test/offer.
JOB-00375,job_search,acceptance_progression,move_forward,Interview invitation — Marketing Manager,We have reviewed your application for the Marketing Manager position at Horizon Labs and would like to invite you to the next stage of the process. Please use https://example.test/schedule to select a convenient time.,automated,ats,easy,Horizon Labs,,,Marketing Manager,,https://example.test/schedule
JOB-00376,job_search,application_notification,application_status_update,Application received — Operations Specialist,Thank you for your interest in the Operations Specialist position at Summit Retail. We have received your application and our hiring team will review it. We will contact you if there is a suitable next step.,human,hr,easy,Summit Retail,,,Operations Specialist,,
JOB-00377,job_search,acceptance_progression,final_interview,Assessment invitation,We would like to invite you to complete the next stage of our selection process. The assessment will help the team evaluate your skills for the Operations Specialist role.,automated,company,easy,,,,Operations Specialist,,
JOB-00378,job_search,application_notification,other_application_system,Your application has been submitted,Your application for Customer Success Manager at Atlas Software was successfully submitted. This confirmation does not indicate a hiring decision. We appreciate your interest and will review your information.,human,company,easy,Atlas Software,,,Customer Success Manager,,
JOB-00379,job_search,acceptance_progression,move_forward,Offer from Atlas Software,"We are pleased to offer you the Data Analyst position. The offer details, proposed start date, and terms are available in the candidate portal at https://example.test/offer.",human,company,medium,Atlas Software,,,Data Analyst,,https://example.test/offer.
JOB-00380,job_search,acceptance_progression,first_interview,Interview invitation — Business Analyst,"Hello Sofia,

We have reviewed your application for the Business Analyst position at BluePeak Analytics and would like to invite you to the next stage of the process. Please use https://example.test/schedule to select a convenient time.

The interview team is based in Berlin.",human,company,adversarial,BluePeak Analytics,,Berlin,Business Analyst,,https://example.test/schedule
JOB-00381,job_search,application_notification,application_submitted,Thanks for applying to Aurora Mobility,We appreciate your interest in the Content Strategist opportunity. Your application is now with our recruitment team. You do not need to take any further action at this time.,semi_automated,company,medium,Aurora Mobility,,,Content Strategist,,
JOB-00382,job_search,rejection,post_interview,Recruitment update,"We were impressed by your background and appreciated the opportunity to learn more about you. At this stage, however, we have chosen to take the process in a different direction.",semi_automated,company,medium,,,,,,
JOB-00383,job_search,acceptance_progression,recruiter_screen,Next step in your application,We are pleased to let you know that your application has progressed to the next stage. Please provide your availability for an interview with the hiring team.,human,recruiter,easy,,,,,,
JOB-00384,job_search,rejection,different_direction,Regarding your application,"Thank you for speaking with our team about the Project Coordinator role. Unfortunately, we will not be progressing your application to the next stage.",automated,hiring_manager,medium,,,,Project Coordinator,,
JOB-00385,job_search,application_notification,application_under_review,Thanks for applying to Lighthouse Cloud,We appreciate your interest in the Product Manager opportunity. Your application is now with our recruitment team. You do not need to take any further action at this time.,automated,company,medium,Lighthouse Cloud,,,Product Manager,,
JOB-00386,job_search,application_notification,application_submitted,Application received — Project Coordinator,Thank you for your interest in the Project Coordinator position at Pinecrest Media. We have received your application and our hiring team will review it. We will contact you if there is a suitable next step.,automated,company,medium,Pinecrest Media,,,Project Coordinator,,
JOB-00387,job_search,acceptance_progression,move_forward,Next step in your application,We are pleased to let you know that your application has progressed to the next stage. Please provide your availability for an interview with the hiring team.,automated,hr,easy,,,,,,
JOB-00388,job_search,rejection,post_interview,Update on your Content Strategist application,"Thank you for applying for the Content Strategist position at Meridian Health. After careful consideration, we have decided not to move forward with your application at this time.",semi_automated,ats,medium,Meridian Health,,,Content Strategist,,
JOB-00389,job_search,rejection,generic_automated_rejection,Update on your Software Engineer application,"Thank you for applying for the Software Engineer position at Aurora Mobility. After careful consideration, we have will not be progressing with your application at this time.",automated,hr,medium,Aurora Mobility,,,Software Engineer,,
JOB-00390,job_search,rejection,post_application_review,Your application with Redwood Solutions,We appreciate the time you invested in the recruitment process. We have decided to continue with other candidates whose experience more closely matches the current requirements.,semi_automated,recruiter,hard,Redwood Solutions,,,,,
JOB-00391,job_search,application_notification,thank_you_for_applying,Application received — Operations Specialist,Thank you for your interest in the Operations Specialist position at Redwood Solutions. We have received your application and our hiring team will review it. We will contact you if there is a suitable next step.,automated,hiring_manager,easy,Redwood Solutions,,,Operations Specialist,,
JOB-00392,job_search,application_notification,other_application_system,Your application has been submitted,Your application for Software Engineer at Vertex Consulting was successfully submitted. This confirmation does not indicate a hiring decision. We appreciate your interest and will review your information. Please note that this message is only a confirmation that we received your application.,semi_automated,company,hard,Vertex Consulting,,,Software Engineer,,
JOB-00393,job_search,rejection,different_direction,Your application with Silverline Systems,We appreciate the time you invested in the recruitment process. We have decided to continue with other candidates whose experience more closely matches the current requirements.,semi_automated,ats,medium,Silverline Systems,,,,,
JOB-00394,job_search,application_notification,thank_you_for_applying,Application status update,Your application for Operations Specialist is currently under review. We are assessing applications against the requirements of the role and will provide an update when the review is complete.,semi_automated,hiring_manager,adversarial,,,,Operations Specialist,,
JOB-00395,job_search,rejection,post_application_review,Update on your Frontend Developer application,"Thank you for applying for the Frontend Developer position at Meridian Health. After careful consideration, we have decided not to move forward with your application at this time.",semi_automated,ats,medium,Meridian Health,,,Frontend Developer,,
JOB-00396,job_search,rejection,post_application_review,Recruitment update,"We were impressed by your background and appreciated the opportunity to learn more about you. At this stage, however, we have chosen to take the process in a different direction.",semi_automated,recruiter,easy,,,,,,
JOB-00397,job_search,acceptance_progression,offer,Assessment invitation,"We would like to invite you to complete the next stage of our selection process. The assessment will help the team evaluate your skills for the Marketing Manager role.

Best regards,
Noah Larsson",human,hr,easy,,Noah Larsson,,Marketing Manager,,
JOB-00398,job_search,application_notification,application_submitted,Your application has been submitted,Your application for Project Coordinator at BrightPath Energy was successfully submitted. This confirmation does not indicate a hiring decision. We appreciate your interest and will review your information.,automated,hr,medium,BrightPath Energy,,,Project Coordinator,,
JOB-00399,job_search,rejection,post_application_review,Update on your Frontend Developer application,"Thank you for applying for the Frontend Developer position at Meridian Health. After careful consideration, we have decided not to move forward with your application at this time.",human,hiring_manager,medium,Meridian Health,,,Frontend Developer,,
JOB-00400,job_search,application_notification,application_submitted,More opportunities for you,"Thank you for applying for Software Engineer. While your application is being reviewed, you may also be interested in other roles that match your profile at Aurora Mobility.",semi_automated,company,medium,Aurora Mobility,,,Software Engineer,,
JOB-00401,job_search,acceptance_progression,first_interview,We'd like to move forward,"Thank you for speaking with us. The team enjoyed learning about your experience and would like to continue the conversation. We would like to arrange the next interview with you.

Best regards,
Dana Chen",automated,company,medium,,Dana Chen,,,,
JOB-00402,job_search,application_notification,thank_you_for_applying,Application status update,Your application for Marketing Manager is currently under review. We are assessing applications against the requirements of the role and will provide an update when the review is complete.,automated,ats,easy,,,,Marketing Manager,,
JOB-00403,job_search,acceptance_progression,first_interview,Interview invitation — Frontend Developer,"Hello Chris,

We have reviewed your application for the Frontend Developer position at Aurora Mobility and would like to invite you to the next stage of the process. Please use https://example.test/schedule to select a convenient time.

The interview team is based in Amsterdam.",semi_automated,recruiter,hard,Aurora Mobility,,Amsterdam,Frontend Developer,,https://example.test/schedule
JOB-00404,job_search,acceptance_progression,first_interview,Interview invitation — UX Designer,We have reviewed your application for the UX Designer position at Redwood Solutions and would like to invite you to the next stage of the process. Please use https://example.test/schedule to select a convenient time.,semi_automated,hr,medium,Redwood Solutions,,,UX Designer,,https://example.test/schedule
JOB-00405,job_search,application_notification,thank_you_for_applying,Your application has been submitted,Your application for Data Analyst at Northstar Technologies was successfully submitted. This confirmation does not indicate a hiring decision. We appreciate your interest and will review your information. Please note that this message is only a confirmation that we received your application.,automated,recruiter,easy,Northstar Technologies,,,Data Analyst,,
JOB-00406,job_search,application_notification,application_received,Application received — DevOps Engineer,Thank you for your interest in the DevOps Engineer position at Northstar Technologies. We have received your application and our hiring team will review it. We will contact you if there is a suitable next step.,human,hr,easy,Northstar Technologies,,,DevOps Engineer,,
JOB-00407,job_search,rejection,post_application_review,Regarding your application,"Thank you for speaking with our team about the Customer Success Manager role. Unfortunately, we will not be progressing your application to the next stage.",semi_automated,hiring_manager,medium,,,,Customer Success Manager,,
JOB-00408,job_search,application_notification,thank_you_for_applying,Application received — Project Coordinator,Thank you for your interest in the Project Coordinator position at Vertex Consulting. We have received your application and our hiring team will review it. We will contact you if there is a suitable next step. Please note that this message is only a confirmation that we received your application.,semi_automated,ats,medium,Vertex Consulting,,,Project Coordinator,,
JOB-00409,job_search,acceptance_progression,final_interview,We'd like to move forward,Thank you for speaking with us. The team enjoyed learning about your experience and would like to continue the conversation. We would like to arrange the next interview with you.,human,hiring_manager,easy,,,,,,
JOB-00410,job_search,application_notification,application_received,Thanks for applying to Lighthouse Cloud,We appreciate your interest in the Software Engineer opportunity. Your application is now with our recruitment team. You do not need to take any further action at this time. Please note that this message is only a confirmation that we received your application.,automated,hr,hard,Lighthouse Cloud,,,Software Engineer,,
JOB-00411,job_search,application_notification,application_submitted,More opportunities for you,"Thank you for applying for Sales Development Representative. While your application is being reviewed, you may also be interested in other roles that match your profile at BrightPath Energy.",automated,company,hard,BrightPath Energy,,,Sales Development Representative,,
JOB-00412,job_search,application_notification,application_received,More opportunities for you,"Thank you for applying for Product Manager. While your application is being reviewed, you may also be interested in other roles that match your profile at Redwood Solutions.",human,recruiter,medium,Redwood Solutions,,,Product Manager,,
JOB-00413,job_search,application_notification,application_under_review,Application status update,"Your application for DevOps Engineer is currently under review. We are assessing applications against the requirements of the role and will provide an update when the review is complete.

Best regards,
Chris Brown",human,recruiter,easy,,Chris Brown,,DevOps Engineer,,
JOB-00414,job_search,acceptance_progression,offer,We'd like to move forward,Thank you for speaking with us. The team enjoyed learning about your experience and would like to continue the conversation. We would like to arrange the next interview with you.,semi_automated,hr,hard,,,,,,
JOB-00415,job_search,rejection,post_final_interview,Recruitment update,"We were impressed by your background and appreciated the opportunity to learn more about you. At this stage, however, we have chosen to take the process in a different direction.",semi_automated,recruiter,hard,,,,,,
JOB-00416,job_search,rejection,post_final_interview,Application outcome,The review for the Content Strategist position is now complete. We will be moving forward with another candidate. Thank you for your interest in Oakridge Financial.,semi_automated,hr,easy,Oakridge Financial,,,Content Strategist,,
JOB-00417,job_search,rejection,other_candidates,Your application with Oakridge Financial,We appreciate the time you invested in the recruitment process. We have decided to continue with other candidates whose experience more closely matches the current requirements.,automated,company,easy,Oakridge Financial,,,,,
JOB-00418,job_search,application_notification,application_recommended_jobs,Thanks for applying to Aurora Mobility,We appreciate your interest in the DevOps Engineer opportunity. Your application is now with our recruitment team. You do not need to take any further action at this time.,automated,hiring_manager,hard,Aurora Mobility,,,DevOps Engineer,,
JOB-00419,job_search,application_notification,application_received,More opportunities for you,"Thank you for applying for Financial Analyst. While your application is being reviewed, you may also be interested in other roles that match your profile at Horizon Labs.",semi_automated,hiring_manager,easy,Horizon Labs,,,Financial Analyst,,
JOB-00420,job_search,rejection,generic_automated_rejection,Application outcome,The review for the Marketing Manager position is now complete. We will be moving forward with another candidate. Thank you for your interest in Pinecrest Media.,semi_automated,company,medium,Pinecrest Media,,,Marketing Manager,,
JOB-00421,job_search,rejection,post_application_review,Recruitment update,"We were impressed by your background and appreciated the opportunity to learn more about you. At this stage, however, we have chosen to take the process in a different direction.",automated,company,medium,,,,,,
JOB-00422,job_search,application_notification,application_under_review,Application received — Marketing Manager,Thank you for your interest in the Marketing Manager position at Northstar Technologies. We have received your application and our hiring team will review it. We will contact you if there is a suitable next step.,semi_automated,hiring_manager,hard,Northstar Technologies,,,Marketing Manager,,
JOB-00423,job_search,acceptance_progression,first_interview,Interview invitation — Marketing Manager,We have reviewed your application for the Marketing Manager position at BluePeak Analytics and would like to invite you to the next stage of the process. Please use https://example.test/schedule to select a convenient time.,human,ats,medium,BluePeak Analytics,,,Marketing Manager,,https://example.test/schedule
JOB-00424,job_search,acceptance_progression,offer,Next step in your application,We are pleased to let you know that your application has progressed to the next stage. Please provide your availability for an interview with the hiring team.,semi_automated,hiring_manager,medium,,,,,,
JOB-00425,job_search,rejection,generic_automated_rejection,Application outcome,The review for the Project Coordinator position is now complete. We will be moving forward with another candidate. Thank you for your interest in Summit Retail.,automated,company,medium,Summit Retail,,,Project Coordinator,,
JOB-00426,job_search,acceptance_progression,final_interview,Interview invitation — UX Designer,"Hello Emma,

We have reviewed your application for the UX Designer position at Redwood Solutions and would like to invite you to the next stage of the process. Please use https://example.test/schedule to select a convenient time.

The interview team is based in London.",semi_automated,ats,easy,Redwood Solutions,,London,UX Designer,,https://example.test/schedule
JOB-00427,job_search,acceptance_progression,offer,Next step in your application,"Hello Alex,

We are pleased to let you know that your application has progressed to the next stage. Please provide your availability for an interview with the hiring team.

The interview team is based in Copenhagen.",automated,hiring_manager,easy,,,Copenhagen,,,
JOB-00428,job_search,application_notification,application_recommended_jobs,Application received — Sales Development Representative,Thank you for your interest in the Sales Development Representative position at Oakridge Financial. We have received your application and our hiring team will review it. We will contact you if there is a suitable next step.,automated,hiring_manager,medium,Oakridge Financial,,,Sales Development Representative,,
JOB-00429,job_search,rejection,post_application_review,Update on your Financial Analyst application,"Thank you for applying for the Financial Analyst position at Horizon Labs. After careful consideration, we have will not be progressing with your application at this time.",automated,ats,easy,Horizon Labs,,,Financial Analyst,,
JOB-00430,job_search,rejection,post_final_interview,Recruitment update,"We were impressed by your background and appreciated the opportunity to learn more about you. At this stage, however, we have chosen to take the process in a different direction.",human,hiring_manager,easy,,,,,,
JOB-00431,job_search,rejection,post_application_review,Recruitment update,"We were impressed by your background and appreciated the opportunity to learn more about you. At this stage, however, we have chosen to take the process in a different direction.",semi_automated,ats,medium,,,,,,
JOB-00432,job_search,acceptance_progression,second_interview,Next step in your application,"We are pleased to let you know that your application has progressed to the next stage. Please provide your availability for an interview with the hiring team.

Best regards,
Taylor Wilson",human,company,easy,,Taylor Wilson,,,,
JOB-00433,job_search,acceptance_progression,second_interview,Offer from BrightPath Energy,"Hello Jordan,

We are pleased to offer you the Content Strategist position. The offer details, proposed start date, and terms are available in the candidate portal at https://example.test/offer.

The interview team is based in Helsinki.",human,hr,medium,BrightPath Energy,,Helsinki,Content Strategist,,https://example.test/offer.
JOB-00434,job_search,acceptance_progression,final_interview,We'd like to move forward,Thank you for speaking with us. The team enjoyed learning about your experience and would like to continue the conversation. We would like to arrange the next interview with you.,semi_automated,ats,adversarial,,,,,,
JOB-00435,job_search,application_notification,application_under_review,Thanks for applying to Pinecrest Media,We appreciate your interest in the Frontend Developer opportunity. Your application is now with our recruitment team. You do not need to take any further action at this time.,semi_automated,hiring_manager,easy,Pinecrest Media,,,Frontend Developer,,
JOB-00436,job_search,rejection,different_direction,Update on your UX Designer application,"Thank you for applying for the UX Designer position at Northstar Technologies. After careful consideration, we have decided not to move forward with your application at this time.",human,recruiter,hard,Northstar Technologies,,,UX Designer,,
JOB-00437,job_search,acceptance_progression,second_interview,Assessment invitation,We would like to invite you to complete the next stage of our selection process. The assessment will help the team evaluate your skills for the Project Coordinator role.,automated,hr,medium,,,,Project Coordinator,,
JOB-00438,job_search,acceptance_progression,final_interview,Next step in your application,We are pleased to let you know that your application has progressed to the next stage. Please provide your availability for an interview with the hiring team.,automated,hiring_manager,medium,,,,,,
JOB-00439,job_search,acceptance_progression,first_interview,Offer from Redwood Solutions,"Hello Maya,

We are pleased to offer you the Product Manager position. The offer details, proposed start date, and terms are available in the candidate portal at https://example.test/offer.

The interview team is based in Paris.",automated,hiring_manager,easy,Redwood Solutions,,Paris,Product Manager,,https://example.test/offer.
JOB-00440,job_search,acceptance_progression,recruiter_screen,Assessment invitation,We would like to invite you to complete the next stage of our selection process. The assessment will help the team evaluate your skills for the UX Designer role.,automated,ats,adversarial,,,,UX Designer,,
JOB-00441,job_search,rejection,other_candidates,Recruitment update,"We were impressed by your background and appreciated the opportunity to learn more about you. At this stage, however, we have chosen to take the process in a different direction.",semi_automated,ats,medium,,,,,,
JOB-00442,job_search,acceptance_progression,second_interview,Assessment invitation,We would like to invite you to complete the next stage of our selection process. The assessment will help the team evaluate your skills for the Customer Success Manager role.,semi_automated,company,medium,,,,Customer Success Manager,,
JOB-00443,job_search,application_notification,application_status_update,More opportunities for you,"Thank you for applying for Customer Success Manager. While your application is being reviewed, you may also be interested in other roles that match your profile at Silverline Systems.",semi_automated,company,medium,Silverline Systems,,,Customer Success Manager,,
JOB-00444,job_search,application_notification,recruiter_acknowledgement,More opportunities for you,"Thank you for applying for Project Coordinator. While your application is being reviewed, you may also be interested in other roles that match your profile at Redwood Solutions.

Best regards,
Olivia Garcia",semi_automated,hiring_manager,hard,Redwood Solutions,Olivia Garcia,,Project Coordinator,,
JOB-00445,job_search,application_notification,application_received,Your application has been submitted,Your application for Product Manager at Lighthouse Cloud was successfully submitted. This confirmation does not indicate a hiring decision. We appreciate your interest and will review your information.,human,company,easy,Lighthouse Cloud,,,Product Manager,,
JOB-00446,job_search,rejection,generic_automated_rejection,Update on your Financial Analyst application,"Thank you for applying for the Financial Analyst position at BluePeak Analytics. After careful consideration, we have decided not to move forward with your application at this time.",automated,hiring_manager,medium,BluePeak Analytics,,,Financial Analyst,,
JOB-00447,job_search,acceptance_progression,first_interview,Next step in your application,We are pleased to let you know that your application has progressed to the next stage. Please provide your availability for an interview with the hiring team.,automated,hiring_manager,medium,,,,,,
JOB-00448,job_search,rejection,post_final_interview,Your application with Oakridge Financial,We appreciate the time you invested in the recruitment process. We have decided to continue with other candidates whose experience more closely matches the current requirements.,semi_automated,hiring_manager,easy,Oakridge Financial,,,,,
JOB-00449,job_search,acceptance_progression,second_interview,Assessment invitation,We would like to invite you to complete the next stage of our selection process. The assessment will help the team evaluate your skills for the Sales Development Representative role.,human,recruiter,hard,,,,Sales Development Representative,,
JOB-00450,job_search,acceptance_progression,final_interview,We'd like to move forward,"Hello Sarah,

Thank you for speaking with us. The team enjoyed learning about your experience and would like to continue the conversation. We would like to arrange the next interview with you.

The interview team is based in Amsterdam.",semi_automated,recruiter,easy,,,Amsterdam,,,
JOB-00451,job_search,application_notification,thank_you_for_applying,Thanks for applying to Northstar Technologies,We appreciate your interest in the Project Coordinator opportunity. Your application is now with our recruitment team. You do not need to take any further action at this time.,human,hiring_manager,easy,Northstar Technologies,,,Project Coordinator,,
JOB-00452,job_search,application_notification,application_under_review,Your application has been submitted,Your application for Financial Analyst at Vertex Consulting was successfully submitted. This confirmation does not indicate a hiring decision. We appreciate your interest and will review your information.,human,ats,hard,Vertex Consulting,,,Financial Analyst,,
JOB-00453,job_search,acceptance_progression,second_interview,Next step in your application,"We are pleased to let you know that your application has progressed to the next stage. Please provide your availability for an interview with the hiring team.

Best regards,
Maya Berg",semi_automated,hiring_manager,easy,,Maya Berg,,,,
JOB-00454,job_search,rejection,different_direction,Regarding your application,"Thank you for speaking with our team about the UX Designer role. Unfortunately, we will not be progressing your application to the next stage.",human,hr,hard,,,,UX Designer,,
JOB-00455,job_search,acceptance_progression,recruiter_screen,Next step in your application,"Hello Dana,

We are pleased to let you know that your application has progressed to the next stage. Please provide your availability for an interview with the hiring team.

The interview team is based in Munich.",semi_automated,recruiter,hard,,,Munich,,,
JOB-00456,job_search,acceptance_progression,move_forward,We'd like to move forward,Thank you for speaking with us. The team enjoyed learning about your experience and would like to continue the conversation. We would like to arrange the next interview with you.,human,ats,medium,,,,,,
JOB-00457,job_search,acceptance_progression,recruiter_screen,We'd like to move forward,Thank you for speaking with us. The team enjoyed learning about your experience and would like to continue the conversation. We would like to arrange the next interview with you.,automated,recruiter,easy,,,,,,
JOB-00458,job_search,rejection,generic_automated_rejection,Recruitment update,"We were impressed by your background and appreciated the opportunity to learn more about you. At this stage, however, we have chosen to take the process in a different direction.",automated,hr,adversarial,,,,,,
JOB-00459,job_search,application_notification,application_received,Thanks for applying to Summit Retail,We appreciate your interest in the DevOps Engineer opportunity. Your application is now with our recruitment team. You do not need to take any further action at this time. Please note that this message is only a confirmation that we received your application.,semi_automated,hr,hard,Summit Retail,,,DevOps Engineer,,
JOB-00460,job_search,application_notification,application_under_review,More opportunities for you,"Thank you for applying for Business Analyst. While your application is being reviewed, you may also be interested in other roles that match your profile at Cedar Digital. Please note that this message is only a confirmation that we received your application.",automated,ats,hard,Cedar Digital,,,Business Analyst,,
JOB-00461,job_search,rejection,other_candidates,Application outcome,The review for the Machine Learning Engineer position is now complete. We will be moving forward with another candidate. Thank you for your interest in Summit Retail.,semi_automated,recruiter,easy,Summit Retail,,,Machine Learning Engineer,,
JOB-00462,job_search,rejection,other_candidates,Your application with Pinecrest Media,We appreciate the time you invested in the recruitment process. We have decided to continue with other candidates whose experience more closely matches the current requirements.,human,hiring_manager,easy,Pinecrest Media,,,,,
JOB-00463,job_search,application_notification,application_received,Application status update,Your application for Customer Success Manager is currently under review. We are assessing applications against the requirements of the role and will provide an update when the review is complete.,semi_automated,ats,easy,,,,Customer Success Manager,,
JOB-00464,job_search,acceptance_progression,availability_request,Next step in your application,"Hello Avery,

We are pleased to let you know that your application has progressed to the next stage. Please provide your availability for an interview with the hiring team.

The interview team is based in Paris.",automated,ats,adversarial,,,Paris,,,
JOB-00465,job_search,acceptance_progression,assessment,We'd like to move forward,Thank you for speaking with us. The team enjoyed learning about your experience and would like to continue the conversation. We would like to arrange the next interview with you.,automated,hiring_manager,adversarial,,,,,,
JOB-00466,job_search,acceptance_progression,final_interview,We'd like to move forward,"Hello Liam,

Thank you for speaking with us. The team enjoyed learning about your experience and would like to continue the conversation. We would like to arrange the next interview with you.

The interview team is based in Oslo.",semi_automated,company,easy,,,Oslo,,,
JOB-00467,job_search,rejection,post_application_review,Your application with Silverline Systems,We appreciate the time you invested in the recruitment process. We have decided to continue with other candidates whose experience more closely matches the current requirements.,automated,hr,easy,Silverline Systems,,,,,
JOB-00468,job_search,acceptance_progression,move_forward,Offer from Pinecrest Media,"We are pleased to offer you the DevOps Engineer position. The offer details, proposed start date, and terms are available in the candidate portal at https://example.test/offer.",human,hr,easy,Pinecrest Media,,,DevOps Engineer,,https://example.test/offer.
JOB-00469,job_search,acceptance_progression,assessment,Offer from Oakridge Financial,"We are pleased to offer you the Business Analyst position. The offer details, proposed start date, and terms are available in the candidate portal at https://example.test/offer.

Best regards,
Jordan Brown",automated,ats,medium,Oakridge Financial,Jordan Brown,,Business Analyst,,https://example.test/offer.
JOB-00470,job_search,acceptance_progression,first_interview,Assessment invitation,We would like to invite you to complete the next stage of our selection process. The assessment will help the team evaluate your skills for the Product Manager role.,semi_automated,ats,medium,,,,Product Manager,,
JOB-00471,job_search,rejection,personalized_recruiter,Regarding your application,"Thank you for speaking with our team about the Frontend Developer role. Unfortunately, we will not be progressing your application to the next stage.",automated,company,hard,,,,Frontend Developer,,
JOB-00472,job_search,application_notification,application_submitted,Application received — Customer Success Manager,Thank you for your interest in the Customer Success Manager position at Silverline Systems. We have received your application and our hiring team will review it. We will contact you if there is a suitable next step. Please note that this message is only a confirmation that we received your application.,human,hiring_manager,adversarial,Silverline Systems,,,Customer Success Manager,,
JOB-00473,job_search,application_notification,thank_you_for_applying,Application received — Software Engineer,Thank you for your interest in the Software Engineer position at Horizon Labs. We have received your application and our hiring team will review it. We will contact you if there is a suitable next step.,automated,company,medium,Horizon Labs,,,Software Engineer,,
JOB-00474,job_search,application_notification,application_recommended_jobs,More opportunities for you,"Thank you for applying for Business Analyst. While your application is being reviewed, you may also be interested in other roles that match your profile at BluePeak Analytics. Please note that this message is only a confirmation that we received your application.",automated,recruiter,hard,BluePeak Analytics,,,Business Analyst,,
JOB-00475,job_search,rejection,generic_automated_rejection,Update on your Project Coordinator application,"Thank you for applying for the Project Coordinator position at Silverline Systems. After careful consideration, we have decided not to move forward with your application at this time.",automated,company,adversarial,Silverline Systems,,,Project Coordinator,,
JOB-00476,job_search,application_notification,other_application_system,Application status update,Your application for Operations Specialist is currently under review. We are assessing applications against the requirements of the role and will provide an update when the review is complete.,semi_automated,recruiter,easy,,,,Operations Specialist,,
JOB-00477,job_search,acceptance_progression,move_forward,We'd like to move forward,"Thank you for speaking with us. The team enjoyed learning about your experience and would like to continue the conversation. We would like to arrange the next interview with you.

Best regards,
Robin Brown",automated,ats,medium,,Robin Brown,,,,
JOB-00478,job_search,rejection,post_application_review,Update on your Business Analyst application,"Thank you for applying for the Business Analyst position at Horizon Labs. After careful consideration, we have decided not to move forward with your application at this time.",automated,recruiter,easy,Horizon Labs,,,Business Analyst,,
JOB-00479,job_search,application_notification,other_application_system,Application received — Frontend Developer,Thank you for your interest in the Frontend Developer position at BluePeak Analytics. We have received your application and our hiring team will review it. We will contact you if there is a suitable next step.,human,company,hard,BluePeak Analytics,,,Frontend Developer,,
JOB-00480,job_search,acceptance_progression,second_interview,We'd like to move forward,Thank you for speaking with us. The team enjoyed learning about your experience and would like to continue the conversation. We would like to arrange the next interview with you.,semi_automated,hr,hard,,,,,,
JOB-00481,job_search,application_notification,application_received,Application status update,Your application for Software Engineer is currently under review. We are assessing applications against the requirements of the role and will provide an update when the review is complete.,human,hiring_manager,medium,,,,Software Engineer,,
JOB-00482,job_search,application_notification,recruiter_acknowledgement,More opportunities for you,"Thank you for applying for DevOps Engineer. While your application is being reviewed, you may also be interested in other roles that match your profile at BrightPath Energy.",semi_automated,ats,easy,BrightPath Energy,,,DevOps Engineer,,
JOB-00483,job_search,acceptance_progression,final_interview,We'd like to move forward,Thank you for speaking with us. The team enjoyed learning about your experience and would like to continue the conversation. We would like to arrange the next interview with you.,human,hiring_manager,easy,,,,,,
JOB-00484,job_search,acceptance_progression,second_interview,Offer from BluePeak Analytics,"We are pleased to offer you the Frontend Developer position. The offer details, proposed start date, and terms are available in the candidate portal at https://example.test/offer.",human,recruiter,medium,BluePeak Analytics,,,Frontend Developer,,https://example.test/offer.
JOB-00485,job_search,acceptance_progression,recruiter_screen,Assessment invitation,"Hello Daniel,

We would like to invite you to complete the next stage of our selection process. The assessment will help the team evaluate your skills for the Customer Success Manager role.

The interview team is based in Amsterdam.",semi_automated,hr,medium,,,Amsterdam,Customer Success Manager,,
JOB-00486,job_search,application_notification,application_submitted,Application received — Marketing Manager,Thank you for your interest in the Marketing Manager position at BluePeak Analytics. We have received your application and our hiring team will review it. We will contact you if there is a suitable next step.,automated,company,medium,BluePeak Analytics,,,Marketing Manager,,
JOB-00487,job_search,rejection,generic_automated_rejection,Update on your UX Designer application,"Thank you for applying for the UX Designer position at Vertex Consulting. After careful consideration, we have will not be progressing with your application at this time.

Best regards,
Noah Davis",human,recruiter,hard,Vertex Consulting,Noah Davis,,UX Designer,,
JOB-00488,job_search,acceptance_progression,offer,Interview invitation — Project Coordinator,We have reviewed your application for the Project Coordinator position at Pinecrest Media and would like to invite you to the next stage of the process. Please use https://example.test/schedule to select a convenient time.,automated,company,hard,Pinecrest Media,,,Project Coordinator,,https://example.test/schedule
JOB-00489,job_search,rejection,position_related,Recruitment update,"We were impressed by your background and appreciated the opportunity to learn more about you. At this stage, however, we have chosen to take the process in a different direction.",automated,recruiter,medium,,,,,,
JOB-00490,job_search,acceptance_progression,assessment,Interview invitation — Content Strategist,"We have reviewed your application for the Content Strategist position at Aurora Mobility and would like to invite you to the next stage of the process. Please use https://example.test/schedule to select a convenient time.

Best regards,
Dana Johnson",human,hiring_manager,medium,Aurora Mobility,Dana Johnson,,Content Strategist,,https://example.test/schedule
JOB-00491,job_search,application_notification,application_status_update,Thanks for applying to Redwood Solutions,We appreciate your interest in the Financial Analyst opportunity. Your application is now with our recruitment team. You do not need to take any further action at this time.,semi_automated,hiring_manager,easy,Redwood Solutions,,,Financial Analyst,,
JOB-00492,job_search,acceptance_progression,first_interview,Offer from Vertex Consulting,"We are pleased to offer you the Frontend Developer position. The offer details, proposed start date, and terms are available in the candidate portal at https://example.test/offer.",semi_automated,ats,hard,Vertex Consulting,,,Frontend Developer,,https://example.test/offer.
JOB-00493,job_search,rejection,post_application_review,Update on your Frontend Developer application,"Thank you for applying for the Frontend Developer position at Aurora Mobility. After careful consideration, we have will not be progressing with your application at this time.",semi_automated,ats,medium,Aurora Mobility,,,Frontend Developer,,
JOB-00494,job_search,rejection,other_candidates,Recruitment update,"We were impressed by your background and appreciated the opportunity to learn more about you. At this stage, however, we have chosen to take the process in a different direction.",automated,hiring_manager,medium,,,,,,
JOB-00495,job_search,rejection,post_final_interview,Update on your Financial Analyst application,"Thank you for applying for the Financial Analyst position at Meridian Health. After careful consideration, we have will not be progressing with your application at this time.",automated,ats,medium,Meridian Health,,,Financial Analyst,,
JOB-00496,job_search,acceptance_progression,availability_request,We'd like to move forward,Thank you for speaking with us. The team enjoyed learning about your experience and would like to continue the conversation. We would like to arrange the next interview with you.,automated,hr,easy,,,,,,
JOB-00497,job_search,acceptance_progression,second_interview,We'd like to move forward,Thank you for speaking with us. The team enjoyed learning about your experience and would like to continue the conversation. We would like to arrange the next interview with you.,human,company,medium,,,,,,
JOB-00498,job_search,acceptance_progression,first_interview,We'd like to move forward,Thank you for speaking with us. The team enjoyed learning about your experience and would like to continue the conversation. We would like to arrange the next interview with you.,human,ats,medium,,,,,,
JOB-00499,job_search,application_notification,application_status_update,Application received — Product Manager,Thank you for your interest in the Product Manager position at Horizon Labs. We have received your application and our hiring team will review it. We will contact you if there is a suitable next step.,semi_automated,ats,easy,Horizon Labs,,,Product Manager,,
JOB-00500,job_search,acceptance_progression,offer,Next step in your application,"Hello Morgan,

We are pleased to let you know that your application has progressed to the next stage. Please provide your availability for an interview with the hiring team.

The interview team is based in Helsinki.",human,hiring_manager,medium,,,Helsinki,,,
JOB-00501,job_search,rejection,post_final_interview,Regarding your application,"Thank you for speaking with our team about the Project Coordinator role. Unfortunately, we will not be progressing your application to the next stage.",human,ats,hard,,,,Project Coordinator,,
JOB-00502,job_search,acceptance_progression,recruiter_screen,Offer from Cedar Digital,"Hello Avery,

We are pleased to offer you the DevOps Engineer position. The offer details, proposed start date, and terms are available in the candidate portal at https://example.test/offer.

The interview team is based in Munich.

Best regards,
Avery Wong",automated,hiring_manager,medium,Cedar Digital,Avery Wong,Munich,DevOps Engineer,,https://example.test/offer.
JOB-00503,job_search,acceptance_progression,first_interview,Assessment invitation,We would like to invite you to complete the next stage of our selection process. The assessment will help the team evaluate your skills for the Product Manager role.,semi_automated,recruiter,easy,,,,Product Manager,,
JOB-00504,job_search,application_notification,thank_you_for_applying,Application status update,Your application for Operations Specialist is currently under review. We are assessing applications against the requirements of the role and will provide an update when the review is complete.,automated,hr,hard,,,,Operations Specialist,,
JOB-00505,job_search,application_notification,application_submitted,Your application has been submitted,"Your application for UX Designer at Vertex Consulting was successfully submitted. This confirmation does not indicate a hiring decision. We appreciate your interest and will review your information.

Best regards,
Noah Chen",automated,hr,hard,Vertex Consulting,Noah Chen,,UX Designer,,
JOB-00506,job_search,rejection,different_direction,Recruitment update,"We were impressed by your background and appreciated the opportunity to learn more about you. At this stage, however, we have chosen to take the process in a different direction.",automated,recruiter,medium,,,,,,
JOB-00507,job_search,rejection,generic_automated_rejection,Update on your Business Analyst application,"Thank you for applying for the Business Analyst position at BluePeak Analytics. After careful consideration, we have decided not to move forward with your application at this time.",semi_automated,ats,easy,BluePeak Analytics,,,Business Analyst,,
JOB-00508,job_search,rejection,post_application_review,Update on your Operations Specialist application,"Thank you for applying for the Operations Specialist position at Redwood Solutions. After careful consideration, we have decided not to move forward with your application at this time.",automated,hiring_manager,easy,Redwood Solutions,,,Operations Specialist,,
JOB-00509,job_search,acceptance_progression,assessment,Interview invitation — Financial Analyst,"We have reviewed your application for the Financial Analyst position at Pinecrest Media and would like to invite you to the next stage of the process. Please use https://example.test/schedule to select a convenient time.

Best regards,
Maya Wong",semi_automated,company,easy,Pinecrest Media,Maya Wong,,Financial Analyst,,https://example.test/schedule
JOB-00510,job_search,acceptance_progression,recruiter_screen,Offer from Redwood Solutions,"We are pleased to offer you the Customer Success Manager position. The offer details, proposed start date, and terms are available in the candidate portal at https://example.test/offer.",semi_automated,hiring_manager,hard,Redwood Solutions,,,Customer Success Manager,,https://example.test/offer.
JOB-00511,job_search,application_notification,thank_you_for_applying,Thanks for applying to Horizon Labs,We appreciate your interest in the Business Analyst opportunity. Your application is now with our recruitment team. You do not need to take any further action at this time.,human,company,medium,Horizon Labs,,,Business Analyst,,
JOB-00512,job_search,acceptance_progression,second_interview,We'd like to move forward,"Hello Sam,

Thank you for speaking with us. The team enjoyed learning about your experience and would like to continue the conversation. We would like to arrange the next interview with you.

The interview team is based in Helsinki.",semi_automated,ats,medium,,,Helsinki,,,
JOB-00513,job_search,application_notification,thank_you_for_applying,Thanks for applying to Cedar Digital,"We appreciate your interest in the Data Analyst opportunity. Your application is now with our recruitment team. You do not need to take any further action at this time.

Best regards,
Casey Turner",human,ats,medium,Cedar Digital,Casey Turner,,Data Analyst,,
JOB-00514,job_search,rejection,different_direction,Regarding your application,"Thank you for speaking with our team about the Data Analyst role. Unfortunately, we will not be progressing your application to the next stage.",human,company,easy,,,,Data Analyst,,
JOB-00515,job_search,rejection,generic_automated_rejection,Your application with Atlas Software,We appreciate the time you invested in the recruitment process. We have decided to continue with other candidates whose experience more closely matches the current requirements.,human,hr,medium,Atlas Software,,,,,
JOB-00516,job_search,rejection,other_candidates,Application outcome,"The review for the Data Analyst position is now complete. We will be moving forward with another candidate. Thank you for your interest in Vertex Consulting.

Best regards,
Riley Clark",human,hr,adversarial,Vertex Consulting,Riley Clark,,Data Analyst,,
JOB-00517,job_search,application_notification,application_received,Your application has been submitted,"Your application for Product Manager at Redwood Solutions was successfully submitted. This confirmation does not indicate a hiring decision. We appreciate your interest and will review your information.

Best regards,
Maya Johnson",human,recruiter,easy,Redwood Solutions,Maya Johnson,,Product Manager,,
JOB-00518,job_search,application_notification,application_received,Application status update,Your application for Project Coordinator is currently under review. We are assessing applications against the requirements of the role and will provide an update when the review is complete.,human,company,easy,,,,Project Coordinator,,
JOB-00519,job_search,application_notification,application_submitted,Application received — Business Analyst,Thank you for your interest in the Business Analyst position at Redwood Solutions. We have received your application and our hiring team will review it. We will contact you if there is a suitable next step.,semi_automated,hiring_manager,adversarial,Redwood Solutions,,,Business Analyst,,
JOB-00520,job_search,application_notification,application_status_update,Application status update,Your application for DevOps Engineer is currently under review. We are assessing applications against the requirements of the role and will provide an update when the review is complete.,semi_automated,hr,hard,,,,DevOps Engineer,,
JOB-00521,job_search,application_notification,application_submitted,Thanks for applying to BrightPath Energy,We appreciate your interest in the UX Designer opportunity. Your application is now with our recruitment team. You do not need to take any further action at this time.,automated,hiring_manager,adversarial,BrightPath Energy,,,UX Designer,,
JOB-00522,job_search,rejection,generic_automated_rejection,Update on your Operations Specialist application,"Thank you for applying for the Operations Specialist position at Redwood Solutions. After careful consideration, we have decided not to move forward with your application at this time.",semi_automated,recruiter,easy,Redwood Solutions,,,Operations Specialist,,
JOB-00523,job_search,application_notification,application_recommended_jobs,Application received — Machine Learning Engineer,Thank you for your interest in the Machine Learning Engineer position at Meridian Health. We have received your application and our hiring team will review it. We will contact you if there is a suitable next step.,semi_automated,hiring_manager,easy,Meridian Health,,,Machine Learning Engineer,,
JOB-00524,job_search,acceptance_progression,move_forward,Next step in your application,We are pleased to let you know that your application has progressed to the next stage. Please provide your availability for an interview with the hiring team.,semi_automated,hiring_manager,hard,,,,,,
JOB-00525,job_search,rejection,post_interview,Application outcome,The review for the Project Coordinator position is now complete. We will be moving forward with another candidate. Thank you for your interest in Pinecrest Media.,semi_automated,company,hard,Pinecrest Media,,,Project Coordinator,,
JOB-00526,job_search,application_notification,application_received,Thanks for applying to Lighthouse Cloud,We appreciate your interest in the Marketing Manager opportunity. Your application is now with our recruitment team. You do not need to take any further action at this time.,human,recruiter,easy,Lighthouse Cloud,,,Marketing Manager,,
JOB-00527,job_search,acceptance_progression,assessment,We'd like to move forward,Thank you for speaking with us. The team enjoyed learning about your experience and would like to continue the conversation. We would like to arrange the next interview with you.,semi_automated,recruiter,easy,,,,,,
JOB-00528,job_search,application_notification,application_under_review,More opportunities for you,"Thank you for applying for Sales Development Representative. While your application is being reviewed, you may also be interested in other roles that match your profile at Northstar Technologies.",semi_automated,ats,hard,Northstar Technologies,,,Sales Development Representative,,
JOB-00529,job_search,rejection,post_application_review,Update on your Sales Development Representative application,"Thank you for applying for the Sales Development Representative position at Cedar Digital. After careful consideration, we have decided not to move forward with your application at this time.",semi_automated,hiring_manager,medium,Cedar Digital,,,Sales Development Representative,,
JOB-00530,job_search,application_notification,application_under_review,Your application has been submitted,Your application for Customer Success Manager at Meridian Health was successfully submitted. This confirmation does not indicate a hiring decision. We appreciate your interest and will review your information. Please note that this message is only a confirmation that we received your application.,automated,hr,medium,Meridian Health,,,Customer Success Manager,,
JOB-00531,job_search,acceptance_progression,first_interview,Offer from BluePeak Analytics,"We are pleased to offer you the Software Engineer position. The offer details, proposed start date, and terms are available in the candidate portal at https://example.test/offer.",human,recruiter,easy,BluePeak Analytics,,,Software Engineer,,https://example.test/offer.
JOB-00532,job_search,rejection,generic_automated_rejection,Your application with Vertex Consulting,We appreciate the time you invested in the recruitment process. We have decided to continue with other candidates whose experience more closely matches the current requirements.,automated,company,hard,Vertex Consulting,,,,,
JOB-00533,job_search,acceptance_progression,first_interview,Next step in your application,"Hello Maya,

We are pleased to let you know that your application has progressed to the next stage. Please provide your availability for an interview with the hiring team.

The interview team is based in Amsterdam.",semi_automated,recruiter,medium,,,Amsterdam,,,
JOB-00534,job_search,rejection,generic_automated_rejection,Application outcome,The review for the Sales Development Representative position is now complete. We will be moving forward with another candidate. Thank you for your interest in BrightPath Energy.,semi_automated,company,medium,BrightPath Energy,,,Sales Development Representative,,
JOB-00535,job_search,rejection,post_application_review,Update on your Data Analyst application,"Thank you for applying for the Data Analyst position at Northstar Technologies. After careful consideration, we have will not be progressing with your application at this time.",automated,hiring_manager,easy,Northstar Technologies,,,Data Analyst,,
JOB-00536,job_search,rejection,generic_automated_rejection,Recruitment update,"We were impressed by your background and appreciated the opportunity to learn more about you. At this stage, however, we have chosen to take the process in a different direction.",semi_automated,company,hard,,,,,,
JOB-00537,job_search,acceptance_progression,recruiter_screen,We'd like to move forward,"Hello Alex,

Thank you for speaking with us. The team enjoyed learning about your experience and would like to continue the conversation. We would like to arrange the next interview with you.

The interview team is based in Helsinki.",automated,recruiter,easy,,,Helsinki,,,
JOB-00538,job_search,rejection,generic_automated_rejection,Your application with Horizon Labs,We appreciate the time you invested in the recruitment process. We have decided to continue with other candidates whose experience more closely matches the current requirements.,human,recruiter,easy,Horizon Labs,,,,,
JOB-00539,job_search,application_notification,application_under_review,Application status update,Your application for Sales Development Representative is currently under review. We are assessing applications against the requirements of the role and will provide an update when the review is complete.,semi_automated,hr,medium,,,,Sales Development Representative,,
JOB-00540,job_search,application_notification,application_submitted,Thanks for applying to Cedar Digital,We appreciate your interest in the Machine Learning Engineer opportunity. Your application is now with our recruitment team. You do not need to take any further action at this time.,semi_automated,ats,hard,Cedar Digital,,,Machine Learning Engineer,,
JOB-00541,job_search,acceptance_progression,second_interview,Interview invitation — UX Designer,We have reviewed your application for the UX Designer position at Horizon Labs and would like to invite you to the next stage of the process. Please use https://example.test/schedule to select a convenient time.,semi_automated,hiring_manager,medium,Horizon Labs,,,UX Designer,,https://example.test/schedule
JOB-00542,job_search,acceptance_progression,second_interview,Interview invitation — DevOps Engineer,We have reviewed your application for the DevOps Engineer position at Cedar Digital and would like to invite you to the next stage of the process. Please use https://example.test/schedule to select a convenient time.,semi_automated,ats,medium,Cedar Digital,,,DevOps Engineer,,https://example.test/schedule
JOB-00543,job_search,rejection,other_candidates,Update on your DevOps Engineer application,"Thank you for applying for the DevOps Engineer position at Meridian Health. After careful consideration, we have decided not to move forward with your application at this time.",human,hr,easy,Meridian Health,,,DevOps Engineer,,
JOB-00544,job_search,rejection,generic_automated_rejection,Recruitment update,"We were impressed by your background and appreciated the opportunity to learn more about you. At this stage, however, we have chosen to take the process in a different direction.",automated,recruiter,hard,,,,,,
JOB-00545,job_search,application_notification,application_recommended_jobs,More opportunities for you,"Thank you for applying for Customer Success Manager. While your application is being reviewed, you may also be interested in other roles that match your profile at Cedar Digital.",automated,company,easy,Cedar Digital,,,Customer Success Manager,,
JOB-00546,job_search,acceptance_progression,second_interview,Interview invitation — Financial Analyst,"Hello Avery,

We have reviewed your application for the Financial Analyst position at Redwood Solutions and would like to invite you to the next stage of the process. Please use https://example.test/schedule to select a convenient time.

The interview team is based in Oslo.",human,ats,hard,Redwood Solutions,,Oslo,Financial Analyst,,https://example.test/schedule
JOB-00547,job_search,acceptance_progression,assessment,Assessment invitation,We would like to invite you to complete the next stage of our selection process. The assessment will help the team evaluate your skills for the Financial Analyst role.,human,company,easy,,,,Financial Analyst,,
JOB-00548,job_search,rejection,post_application_review,Your application with Cedar Digital,We appreciate the time you invested in the recruitment process. We have decided to continue with other candidates whose experience more closely matches the current requirements.,automated,company,hard,Cedar Digital,,,,,
JOB-00549,job_search,rejection,other_candidates,Recruitment update,"We were impressed by your background and appreciated the opportunity to learn more about you. At this stage, however, we have chosen to take the process in a different direction.",human,company,easy,,,,,,
JOB-00550,job_search,rejection,other_candidates,Update on your UX Designer application,"Thank you for applying for the UX Designer position at BrightPath Energy. After careful consideration, we have decided not to move forward with your application at this time.",human,hr,easy,BrightPath Energy,,,UX Designer,,
JOB-00551,job_search,application_notification,application_under_review,More opportunities for you,"Thank you for applying for Operations Specialist. While your application is being reviewed, you may also be interested in other roles that match your profile at BrightPath Energy.",human,company,medium,BrightPath Energy,,,Operations Specialist,,
JOB-00552,job_search,rejection,different_direction,Your application with BrightPath Energy,We appreciate the time you invested in the recruitment process. We have decided to continue with other candidates whose experience more closely matches the current requirements.,automated,hr,hard,BrightPath Energy,,,,,
JOB-00553,job_search,acceptance_progression,second_interview,Next step in your application,"We are pleased to let you know that your application has progressed to the next stage. Please provide your availability for an interview with the hiring team.

Best regards,
Liam Chen",human,ats,medium,,Liam Chen,,,,
JOB-00554,job_search,application_notification,application_submitted,More opportunities for you,"Thank you for applying for Marketing Manager. While your application is being reviewed, you may also be interested in other roles that match your profile at Redwood Solutions.",semi_automated,ats,easy,Redwood Solutions,,,Marketing Manager,,
JOB-00555,job_search,application_notification,application_received,More opportunities for you,"Thank you for applying for Data Analyst. While your application is being reviewed, you may also be interested in other roles that match your profile at Cedar Digital. Please note that this message is only a confirmation that we received your application.",semi_automated,hr,hard,Cedar Digital,,,Data Analyst,,
JOB-00556,job_search,acceptance_progression,first_interview,Interview invitation — Machine Learning Engineer,We have reviewed your application for the Machine Learning Engineer position at Oakridge Financial and would like to invite you to the next stage of the process. Please use https://example.test/schedule to select a convenient time.,human,hiring_manager,hard,Oakridge Financial,,,Machine Learning Engineer,,https://example.test/schedule
JOB-00557,job_search,rejection,post_application_review,Application outcome,"The review for the Marketing Manager position is now complete. We will be moving forward with another candidate. Thank you for your interest in BluePeak Analytics.

Best regards,
Jamie Brown",semi_automated,hiring_manager,easy,BluePeak Analytics,Jamie Brown,,Marketing Manager,,
JOB-00558,job_search,rejection,post_application_review,Update on your Software Engineer application,"Thank you for applying for the Software Engineer position at Atlas Software. After careful consideration, we have decided not to move forward with your application at this time.",semi_automated,recruiter,medium,Atlas Software,,,Software Engineer,,
JOB-00559,job_search,application_notification,application_submitted,Thanks for applying to Redwood Solutions,We appreciate your interest in the Software Engineer opportunity. Your application is now with our recruitment team. You do not need to take any further action at this time.,semi_automated,company,medium,Redwood Solutions,,,Software Engineer,,
JOB-00560,job_search,rejection,post_interview,Update on your Customer Success Manager application,"Thank you for applying for the Customer Success Manager position at Redwood Solutions. After careful consideration, we have decided not to move forward with your application at this time.

Best regards,
Jamie Larsson",semi_automated,hr,hard,Redwood Solutions,Jamie Larsson,,Customer Success Manager,,
JOB-00561,job_search,rejection,post_interview,Your application with Cedar Digital,We appreciate the time you invested in the recruitment process. We have decided to continue with other candidates whose experience more closely matches the current requirements.,human,ats,easy,Cedar Digital,,,,,
JOB-00562,job_search,acceptance_progression,second_interview,Offer from Silverline Systems,"We are pleased to offer you the Product Manager position. The offer details, proposed start date, and terms are available in the candidate portal at https://example.test/offer.",human,hiring_manager,hard,Silverline Systems,,,Product Manager,,https://example.test/offer.
JOB-00563,job_search,rejection,generic_automated_rejection,Application outcome,The review for the Sales Development Representative position is now complete. We will be moving forward with another candidate. Thank you for your interest in Northstar Technologies.,human,company,easy,Northstar Technologies,,,Sales Development Representative,,
JOB-00564,job_search,rejection,different_direction,Application outcome,The review for the Software Engineer position is now complete. We will be moving forward with another candidate. Thank you for your interest in Silverline Systems.,automated,recruiter,medium,Silverline Systems,,,Software Engineer,,
JOB-00565,job_search,acceptance_progression,first_interview,Interview invitation — Frontend Developer,"Hello Maya,

We have reviewed your application for the Frontend Developer position at Lighthouse Cloud and would like to invite you to the next stage of the process. Please use https://example.test/schedule to select a convenient time.

The interview team is based in Amsterdam.",semi_automated,recruiter,adversarial,Lighthouse Cloud,,Amsterdam,Frontend Developer,,https://example.test/schedule
JOB-00566,job_search,rejection,other_candidates,Update on your Product Manager application,"Thank you for applying for the Product Manager position at BrightPath Energy. After careful consideration, we have decided not to move forward with your application at this time.",semi_automated,hr,medium,BrightPath Energy,,,Product Manager,,
JOB-00567,job_search,application_notification,thank_you_for_applying,Application status update,"Your application for Marketing Manager is currently under review. We are assessing applications against the requirements of the role and will provide an update when the review is complete. Please note that this message is only a confirmation that we received your application.

Best regards,
Emma Mitchell",automated,recruiter,medium,,Emma Mitchell,,Marketing Manager,,
JOB-00568,job_search,rejection,different_direction,Update on your Data Analyst application,"Thank you for applying for the Data Analyst position at Pinecrest Media. After careful consideration, we have decided not to move forward with your application at this time.",automated,company,medium,Pinecrest Media,,,Data Analyst,,
JOB-00569,job_search,acceptance_progression,assessment,Offer from Redwood Solutions,"Hello Riley,

We are pleased to offer you the UX Designer position. The offer details, proposed start date, and terms are available in the candidate portal at https://example.test/offer.

The interview team is based in Dublin.",semi_automated,company,medium,Redwood Solutions,,Dublin,UX Designer,,https://example.test/offer.
JOB-00570,job_search,application_notification,recruiter_acknowledgement,Application status update,Your application for Product Manager is currently under review. We are assessing applications against the requirements of the role and will provide an update when the review is complete.,human,hr,medium,,,,Product Manager,,
JOB-00571,job_search,rejection,other_candidates,Application outcome,The review for the Sales Development Representative position is now complete. We will be moving forward with another candidate. Thank you for your interest in BrightPath Energy.,human,recruiter,easy,BrightPath Energy,,,Sales Development Representative,,
JOB-00572,job_search,acceptance_progression,direct_acceptance,Assessment invitation,We would like to invite you to complete the next stage of our selection process. The assessment will help the team evaluate your skills for the Project Coordinator role.,semi_automated,recruiter,easy,,,,Project Coordinator,,
JOB-00573,job_search,rejection,position_related,Regarding your application,"Thank you for speaking with our team about the Business Analyst role. Unfortunately, we will not be progressing your application to the next stage.",human,hr,hard,,,,Business Analyst,,
JOB-00574,job_search,application_notification,application_status_update,Application received — Project Coordinator,Thank you for your interest in the Project Coordinator position at Silverline Systems. We have received your application and our hiring team will review it. We will contact you if there is a suitable next step.,human,recruiter,easy,Silverline Systems,,,Project Coordinator,,
JOB-00575,job_search,rejection,personalized_recruiter,Your application with BrightPath Energy,We appreciate the time you invested in the recruitment process. We have decided to continue with other candidates whose experience more closely matches the current requirements.,human,hiring_manager,easy,BrightPath Energy,,,,,
JOB-00576,job_search,rejection,post_interview,Your application with Aurora Mobility,We appreciate the time you invested in the recruitment process. We have decided to continue with other candidates whose experience more closely matches the current requirements.,human,ats,medium,Aurora Mobility,,,,,
JOB-00577,job_search,application_notification,thank_you_for_applying,Thanks for applying to Vertex Consulting,We appreciate your interest in the Data Analyst opportunity. Your application is now with our recruitment team. You do not need to take any further action at this time.,human,hr,medium,Vertex Consulting,,,Data Analyst,,
JOB-00578,job_search,rejection,different_direction,Your application with Cedar Digital,We appreciate the time you invested in the recruitment process. We have decided to continue with other candidates whose experience more closely matches the current requirements.,automated,hiring_manager,medium,Cedar Digital,,,,,
JOB-00579,job_search,application_notification,application_status_update,Application status update,Your application for Operations Specialist is currently under review. We are assessing applications against the requirements of the role and will provide an update when the review is complete.,automated,recruiter,hard,,,,Operations Specialist,,
JOB-00580,job_search,rejection,generic_automated_rejection,Update on your Customer Success Manager application,"Thank you for applying for the Customer Success Manager position at Meridian Health. After careful consideration, we have decided not to move forward with your application at this time.",semi_automated,recruiter,easy,Meridian Health,,,Customer Success Manager,,
JOB-00581,job_search,acceptance_progression,direct_acceptance,Interview invitation — Customer Success Manager,"We have reviewed your application for the Customer Success Manager position at Cedar Digital and would like to invite you to the next stage of the process. Please use https://example.test/schedule to select a convenient time.

Best regards,
Riley Brown",semi_automated,hr,hard,Cedar Digital,Riley Brown,,Customer Success Manager,,https://example.test/schedule
JOB-00582,job_search,acceptance_progression,availability_request,Offer from Lighthouse Cloud,"We are pleased to offer you the Operations Specialist position. The offer details, proposed start date, and terms are available in the candidate portal at https://example.test/offer.",human,ats,easy,Lighthouse Cloud,,,Operations Specialist,,https://example.test/offer.
JOB-00583,job_search,application_notification,application_recommended_jobs,More opportunities for you,"Thank you for applying for Frontend Developer. While your application is being reviewed, you may also be interested in other roles that match your profile at Cedar Digital. Please note that this message is only a confirmation that we received your application.

Best regards,
Taylor Brown",human,hr,hard,Cedar Digital,Taylor Brown,,Frontend Developer,,
JOB-00584,job_search,acceptance_progression,final_interview,We'd like to move forward,Thank you for speaking with us. The team enjoyed learning about your experience and would like to continue the conversation. We would like to arrange the next interview with you.,semi_automated,hr,medium,,,,,,
JOB-00585,job_search,acceptance_progression,final_interview,Interview invitation — Data Analyst,We have reviewed your application for the Data Analyst position at Redwood Solutions and would like to invite you to the next stage of the process. Please use https://example.test/schedule to select a convenient time.,human,hr,hard,Redwood Solutions,,,Data Analyst,,https://example.test/schedule
JOB-00586,job_search,rejection,generic_automated_rejection,Regarding your application,"Thank you for speaking with our team about the Financial Analyst role. Unfortunately, we will not be progressing your application to the next stage.

Best regards,
Casey Lee",automated,ats,hard,,Casey Lee,,Financial Analyst,,
JOB-00587,job_search,application_notification,application_submitted,Your application has been submitted,Your application for DevOps Engineer at Northstar Technologies was successfully submitted. This confirmation does not indicate a hiring decision. We appreciate your interest and will review your information.,semi_automated,ats,medium,Northstar Technologies,,,DevOps Engineer,,
JOB-00588,job_search,acceptance_progression,availability_request,Offer from Meridian Health,"We are pleased to offer you the Business Analyst position. The offer details, proposed start date, and terms are available in the candidate portal at https://example.test/offer.",automated,hr,easy,Meridian Health,,,Business Analyst,,https://example.test/offer.
JOB-00589,job_search,rejection,generic_automated_rejection,Update on your Frontend Developer application,"Thank you for applying for the Frontend Developer position at Atlas Software. After careful consideration, we have decided not to move forward with your application at this time.",semi_automated,hr,easy,Atlas Software,,,Frontend Developer,,
JOB-00590,job_search,application_notification,thank_you_for_applying,More opportunities for you,"Thank you for applying for Software Engineer. While your application is being reviewed, you may also be interested in other roles that match your profile at Aurora Mobility.",human,recruiter,easy,Aurora Mobility,,,Software Engineer,,
JOB-00591,job_search,acceptance_progression,assessment,Offer from Redwood Solutions,"Hello Jamie,

We are pleased to offer you the UX Designer position. The offer details, proposed start date, and terms are available in the candidate portal at https://example.test/offer.

The interview team is based in Dublin.",semi_automated,ats,medium,Redwood Solutions,,Dublin,UX Designer,,https://example.test/offer.
JOB-00592,job_search,acceptance_progression,move_forward,Interview invitation — Business Analyst,We have reviewed your application for the Business Analyst position at Horizon Labs and would like to invite you to the next stage of the process. Please use https://example.test/schedule to select a convenient time.,human,hr,medium,Horizon Labs,,,Business Analyst,,https://example.test/schedule
JOB-00593,job_search,acceptance_progression,final_interview,Interview invitation — Business Analyst,We have reviewed your application for the Business Analyst position at Atlas Software and would like to invite you to the next stage of the process. Please use https://example.test/schedule to select a convenient time.,human,ats,medium,Atlas Software,,,Business Analyst,,https://example.test/schedule
JOB-00594,job_search,rejection,post_application_review,Recruitment update,"We were impressed by your background and appreciated the opportunity to learn more about you. At this stage, however, we have chosen to take the process in a different direction.",human,ats,easy,,,,,,
JOB-00595,job_search,rejection,different_direction,Your application with Redwood Solutions,We appreciate the time you invested in the recruitment process. We have decided to continue with other candidates whose experience more closely matches the current requirements.,semi_automated,hr,adversarial,Redwood Solutions,,,,,
JOB-00596,job_search,rejection,different_direction,Your application with Northstar Technologies,We appreciate the time you invested in the recruitment process. We have decided to continue with other candidates whose experience more closely matches the current requirements.,semi_automated,ats,medium,Northstar Technologies,,,,,
JOB-00597,job_search,rejection,post_final_interview,Application outcome,The review for the Data Analyst position is now complete. We will be moving forward with another candidate. Thank you for your interest in Redwood Solutions.,human,hr,hard,Redwood Solutions,,,Data Analyst,,
JOB-00598,job_search,rejection,other_candidates,Application outcome,The review for the Product Manager position is now complete. We will be moving forward with another candidate. Thank you for your interest in Aurora Mobility.,semi_automated,hr,hard,Aurora Mobility,,,Product Manager,,
JOB-00599,job_search,application_notification,application_submitted,More opportunities for you,"Thank you for applying for Marketing Manager. While your application is being reviewed, you may also be interested in other roles that match your profile at BluePeak Analytics.",human,ats,easy,BluePeak Analytics,,,Marketing Manager,,
JOB-00600,job_search,application_notification,application_submitted,More opportunities for you,"Thank you for applying for Machine Learning Engineer. While your application is being reviewed, you may also be interested in other roles that match your profile at Aurora Mobility.",semi_automated,hr,hard,Aurora Mobility,,,Machine Learning Engineer,,
JOB-00601,job_search,rejection,different_direction,Application outcome,The review for the Operations Specialist position is now complete. We will be moving forward with another candidate. Thank you for your interest in Atlas Software.,human,company,medium,Atlas Software,,,Operations Specialist,,
JOB-00602,job_search,acceptance_progression,availability_request,Interview invitation — Operations Specialist,We have reviewed your application for the Operations Specialist position at Pinecrest Media and would like to invite you to the next stage of the process. Please use https://example.test/schedule to select a convenient time.,human,recruiter,medium,Pinecrest Media,,,Operations Specialist,,https://example.test/schedule
JOB-00603,job_search,application_notification,application_under_review,Thanks for applying to Oakridge Financial,We appreciate your interest in the DevOps Engineer opportunity. Your application is now with our recruitment team. You do not need to take any further action at this time. Please note that this message is only a confirmation that we received your application.,semi_automated,company,easy,Oakridge Financial,,,DevOps Engineer,,
JOB-00604,job_search,acceptance_progression,offer,Next step in your application,We are pleased to let you know that your application has progressed to the next stage. Please provide your availability for an interview with the hiring team.,automated,hr,easy,,,,,,
JOB-00605,job_search,rejection,personalized_recruiter,Regarding your application,"Thank you for speaking with our team about the UX Designer role. Unfortunately, we will not be progressing your application to the next stage.",semi_automated,hr,medium,,,,UX Designer,,
JOB-00606,job_search,application_notification,recruiter_acknowledgement,Your application has been submitted,Your application for Financial Analyst at Meridian Health was successfully submitted. This confirmation does not indicate a hiring decision. We appreciate your interest and will review your information.,human,ats,easy,Meridian Health,,,Financial Analyst,,
JOB-00607,job_search,acceptance_progression,assessment,Next step in your application,"Hello Dana,

We are pleased to let you know that your application has progressed to the next stage. Please provide your availability for an interview with the hiring team.

The interview team is based in London.

Best regards,
Dana Davis",human,ats,hard,,Dana Davis,London,,,
JOB-00608,job_search,application_notification,application_received,Your application has been submitted,Your application for Business Analyst at Lighthouse Cloud was successfully submitted. This confirmation does not indicate a hiring decision. We appreciate your interest and will review your information. Please note that this message is only a confirmation that we received your application.,human,recruiter,hard,Lighthouse Cloud,,,Business Analyst,,
JOB-00609,job_search,application_notification,recruiter_acknowledgement,Application status update,Your application for Content Strategist is currently under review. We are assessing applications against the requirements of the role and will provide an update when the review is complete. Please note that this message is only a confirmation that we received your application.,human,ats,medium,,,,Content Strategist,,
JOB-00610,job_search,rejection,post_final_interview,Update on your Frontend Developer application,"Thank you for applying for the Frontend Developer position at Cedar Digital. After careful consideration, we have decided not to move forward with your application at this time.",human,hiring_manager,hard,Cedar Digital,,,Frontend Developer,,
JOB-00611,job_search,acceptance_progression,move_forward,Assessment invitation,We would like to invite you to complete the next stage of our selection process. The assessment will help the team evaluate your skills for the Marketing Manager role.,automated,hiring_manager,medium,,,,Marketing Manager,,
JOB-00612,job_search,application_notification,application_under_review,Application status update,Your application for Machine Learning Engineer is currently under review. We are assessing applications against the requirements of the role and will provide an update when the review is complete.,semi_automated,hiring_manager,easy,,,,Machine Learning Engineer,,
JOB-00613,job_search,acceptance_progression,recruiter_screen,Next step in your application,We are pleased to let you know that your application has progressed to the next stage. Please provide your availability for an interview with the hiring team.,human,recruiter,medium,,,,,,
JOB-00614,job_search,acceptance_progression,offer,Assessment invitation,We would like to invite you to complete the next stage of our selection process. The assessment will help the team evaluate your skills for the Software Engineer role.,semi_automated,recruiter,adversarial,,,,Software Engineer,,
JOB-00615,job_search,rejection,different_direction,Update on your Sales Development Representative application,"Thank you for applying for the Sales Development Representative position at Silverline Systems. After careful consideration, we have decided not to move forward with your application at this time.",automated,ats,adversarial,Silverline Systems,,,Sales Development Representative,,
JOB-00616,job_search,rejection,post_interview,Your application with Aurora Mobility,We appreciate the time you invested in the recruitment process. We have decided to continue with other candidates whose experience more closely matches the current requirements.,automated,hiring_manager,hard,Aurora Mobility,,,,,
JOB-00617,job_search,rejection,post_application_review,Regarding your application,"Thank you for speaking with our team about the Data Analyst role. Unfortunately, we will not be progressing your application to the next stage.",semi_automated,hiring_manager,medium,,,,Data Analyst,,
JOB-00618,job_search,rejection,different_direction,Your application with BrightPath Energy,We appreciate the time you invested in the recruitment process. We have decided to continue with other candidates whose experience more closely matches the current requirements.,human,company,medium,BrightPath Energy,,,,,
JOB-00619,job_search,application_notification,application_submitted,Thanks for applying to Redwood Solutions,We appreciate your interest in the Sales Development Representative opportunity. Your application is now with our recruitment team. You do not need to take any further action at this time. Please note that this message is only a confirmation that we received your application.,automated,recruiter,hard,Redwood Solutions,,,Sales Development Representative,,
JOB-00620,job_search,acceptance_progression,final_interview,Assessment invitation,"Hello Alex,

We would like to invite you to complete the next stage of our selection process. The assessment will help the team evaluate your skills for the Marketing Manager role.

The interview team is based in Copenhagen.",automated,company,hard,,,Copenhagen,Marketing Manager,,
JOB-00621,job_search,acceptance_progression,second_interview,Offer from Atlas Software,"We are pleased to offer you the Project Coordinator position. The offer details, proposed start date, and terms are available in the candidate portal at https://example.test/offer.",human,company,medium,Atlas Software,,,Project Coordinator,,https://example.test/offer.
JOB-00622,job_search,application_notification,application_submitted,Your application has been submitted,Your application for Business Analyst at Summit Retail was successfully submitted. This confirmation does not indicate a hiring decision. We appreciate your interest and will review your information.,human,company,easy,Summit Retail,,,Business Analyst,,
JOB-00623,job_search,application_notification,application_submitted,Thanks for applying to Lighthouse Cloud,We appreciate your interest in the Software Engineer opportunity. Your application is now with our recruitment team. You do not need to take any further action at this time.,human,company,easy,Lighthouse Cloud,,,Software Engineer,,
JOB-00624,job_search,application_notification,thank_you_for_applying,Thanks for applying to Cedar Digital,We appreciate your interest in the Customer Success Manager opportunity. Your application is now with our recruitment team. You do not need to take any further action at this time.,automated,hr,medium,Cedar Digital,,,Customer Success Manager,,
JOB-00625,job_search,rejection,generic_automated_rejection,Recruitment update,"We were impressed by your background and appreciated the opportunity to learn more about you. At this stage, however, we have chosen to take the process in a different direction.",semi_automated,company,easy,,,,,,
JOB-00626,job_search,rejection,post_final_interview,Update on your Sales Development Representative application,"Thank you for applying for the Sales Development Representative position at Summit Retail. After careful consideration, we have decided not to move forward with your application at this time.",human,company,medium,Summit Retail,,,Sales Development Representative,,
JOB-00627,job_search,acceptance_progression,availability_request,Next step in your application,We are pleased to let you know that your application has progressed to the next stage. Please provide your availability for an interview with the hiring team.,semi_automated,company,hard,,,,,,
JOB-00628,job_search,rejection,generic_automated_rejection,Regarding your application,"Thank you for speaking with our team about the Marketing Manager role. Unfortunately, we will not be progressing your application to the next stage.",semi_automated,company,easy,,,,Marketing Manager,,
JOB-00629,job_search,acceptance_progression,recruiter_screen,Offer from Vertex Consulting,"We are pleased to offer you the Customer Success Manager position. The offer details, proposed start date, and terms are available in the candidate portal at https://example.test/offer.",semi_automated,hr,hard,Vertex Consulting,,,Customer Success Manager,,https://example.test/offer.
JOB-00630,job_search,rejection,other_candidates,Recruitment update,"We were impressed by your background and appreciated the opportunity to learn more about you. At this stage, however, we have chosen to take the process in a different direction.",human,hiring_manager,medium,,,,,,
JOB-00631,job_search,application_notification,application_received,Thanks for applying to Oakridge Financial,We appreciate your interest in the DevOps Engineer opportunity. Your application is now with our recruitment team. You do not need to take any further action at this time.,human,company,hard,Oakridge Financial,,,DevOps Engineer,,
JOB-00632,job_search,acceptance_progression,second_interview,We'd like to move forward,"Hello Taylor,

Thank you for speaking with us. The team enjoyed learning about your experience and would like to continue the conversation. We would like to arrange the next interview with you.

The interview team is based in Copenhagen.",automated,hiring_manager,easy,,,Copenhagen,,,
JOB-00633,job_search,acceptance_progression,move_forward,Interview invitation — Financial Analyst,We have reviewed your application for the Financial Analyst position at Pinecrest Media and would like to invite you to the next stage of the process. Please use https://example.test/schedule to select a convenient time.,human,recruiter,medium,Pinecrest Media,,,Financial Analyst,,https://example.test/schedule
JOB-00634,job_search,rejection,post_final_interview,Update on your Software Engineer application,"Thank you for applying for the Software Engineer position at Aurora Mobility. After careful consideration, we have decided not to move forward with your application at this time.",automated,hr,easy,Aurora Mobility,,,Software Engineer,,
JOB-00635,job_search,rejection,post_application_review,Recruitment update,"We were impressed by your background and appreciated the opportunity to learn more about you. At this stage, however, we have chosen to take the process in a different direction.",semi_automated,hiring_manager,hard,,,,,,
JOB-00636,job_search,application_notification,thank_you_for_applying,More opportunities for you,"Thank you for applying for Software Engineer. While your application is being reviewed, you may also be interested in other roles that match your profile at Cedar Digital.",semi_automated,ats,hard,Cedar Digital,,,Software Engineer,,
JOB-00637,job_search,acceptance_progression,move_forward,Interview invitation — Project Coordinator,We have reviewed your application for the Project Coordinator position at Silverline Systems and would like to invite you to the next stage of the process. Please use https://example.test/schedule to select a convenient time.,human,recruiter,adversarial,Silverline Systems,,,Project Coordinator,,https://example.test/schedule
JOB-00638,job_search,rejection,different_direction,Update on your Product Manager application,"Thank you for applying for the Product Manager position at Meridian Health. After careful consideration, we have decided not to move forward with your application at this time.",semi_automated,hr,medium,Meridian Health,,,Product Manager,,
JOB-00639,job_search,application_notification,application_submitted,Thanks for applying to Vertex Consulting,We appreciate your interest in the Product Manager opportunity. Your application is now with our recruitment team. You do not need to take any further action at this time.,semi_automated,company,medium,Vertex Consulting,,,Product Manager,,
JOB-00640,job_search,application_notification,thank_you_for_applying,More opportunities for you,"Thank you for applying for Operations Specialist. While your application is being reviewed, you may also be interested in other roles that match your profile at Cedar Digital.

Best regards,
Alex Berg",human,recruiter,medium,Cedar Digital,Alex Berg,,Operations Specialist,,
JOB-00641,job_search,acceptance_progression,offer,Assessment invitation,We would like to invite you to complete the next stage of our selection process. The assessment will help the team evaluate your skills for the Marketing Manager role.,automated,ats,easy,,,,Marketing Manager,,
JOB-00642,job_search,rejection,post_application_review,Recruitment update,"We were impressed by your background and appreciated the opportunity to learn more about you. At this stage, however, we have chosen to take the process in a different direction.",automated,hr,easy,,,,,,
JOB-00643,job_search,application_notification,application_submitted,Your application has been submitted,Your application for Content Strategist at Silverline Systems was successfully submitted. This confirmation does not indicate a hiring decision. We appreciate your interest and will review your information. Please note that this message is only a confirmation that we received your application.,human,recruiter,medium,Silverline Systems,,,Content Strategist,,
JOB-00644,job_search,acceptance_progression,second_interview,Assessment invitation,We would like to invite you to complete the next stage of our selection process. The assessment will help the team evaluate your skills for the DevOps Engineer role.,semi_automated,company,easy,,,,DevOps Engineer,,
JOB-00645,job_search,application_notification,application_submitted,Application received — UX Designer,Thank you for your interest in the UX Designer position at Summit Retail. We have received your application and our hiring team will review it. We will contact you if there is a suitable next step. Please note that this message is only a confirmation that we received your application.,human,hr,easy,Summit Retail,,,UX Designer,,
JOB-00646,job_search,acceptance_progression,second_interview,Next step in your application,We are pleased to let you know that your application has progressed to the next stage. Please provide your availability for an interview with the hiring team.,automated,company,hard,,,,,,
JOB-00647,job_search,acceptance_progression,first_interview,Next step in your application,We are pleased to let you know that your application has progressed to the next stage. Please provide your availability for an interview with the hiring team.,automated,ats,medium,,,,,,
JOB-00648,job_search,rejection,different_direction,Application outcome,The review for the Frontend Developer position is now complete. We will be moving forward with another candidate. Thank you for your interest in BrightPath Energy.,semi_automated,recruiter,easy,BrightPath Energy,,,Frontend Developer,,
JOB-00649,job_search,application_notification,application_received,Application status update,Your application for Data Analyst is currently under review. We are assessing applications against the requirements of the role and will provide an update when the review is complete. Please note that this message is only a confirmation that we received your application.,human,hr,easy,,,,Data Analyst,,
JOB-00650,job_search,rejection,generic_automated_rejection,Your application with Summit Retail,We appreciate the time you invested in the recruitment process. We have decided to continue with other candidates whose experience more closely matches the current requirements.,automated,company,easy,Summit Retail,,,,,
JOB-00651,job_search,application_notification,thank_you_for_applying,Application status update,Your application for Customer Success Manager is currently under review. We are assessing applications against the requirements of the role and will provide an update when the review is complete.,semi_automated,hiring_manager,medium,,,,Customer Success Manager,,
JOB-00652,job_search,acceptance_progression,final_interview,Assessment invitation,We would like to invite you to complete the next stage of our selection process. The assessment will help the team evaluate your skills for the Frontend Developer role.,automated,hr,easy,,,,Frontend Developer,,
JOB-00653,job_search,application_notification,application_under_review,Thanks for applying to Silverline Systems,"We appreciate your interest in the Data Analyst opportunity. Your application is now with our recruitment team. You do not need to take any further action at this time.

Best regards,
Sofia Evans",human,company,easy,Silverline Systems,Sofia Evans,,Data Analyst,,
JOB-00654,job_search,acceptance_progression,offer,Assessment invitation,We would like to invite you to complete the next stage of our selection process. The assessment will help the team evaluate your skills for the Operations Specialist role.,automated,company,medium,,,,Operations Specialist,,
JOB-00655,job_search,acceptance_progression,availability_request,Next step in your application,We are pleased to let you know that your application has progressed to the next stage. Please provide your availability for an interview with the hiring team.,automated,recruiter,hard,,,,,,
JOB-00656,job_search,application_notification,application_status_update,Your application has been submitted,Your application for Product Manager at Horizon Labs was successfully submitted. This confirmation does not indicate a hiring decision. We appreciate your interest and will review your information.,semi_automated,hiring_manager,easy,Horizon Labs,,,Product Manager,,
JOB-00657,job_search,application_notification,application_under_review,Thanks for applying to Summit Retail,We appreciate your interest in the Business Analyst opportunity. Your application is now with our recruitment team. You do not need to take any further action at this time.,semi_automated,ats,easy,Summit Retail,,,Business Analyst,,
JOB-00658,job_search,rejection,different_direction,Update on your Financial Analyst application,"Thank you for applying for the Financial Analyst position at BluePeak Analytics. After careful consideration, we have decided not to move forward with your application at this time.",semi_automated,company,easy,BluePeak Analytics,,,Financial Analyst,,
JOB-00659,job_search,rejection,post_application_review,Application outcome,The review for the Marketing Manager position is now complete. We will be moving forward with another candidate. Thank you for your interest in Summit Retail.,human,recruiter,medium,Summit Retail,,,Marketing Manager,,
JOB-00660,job_search,acceptance_progression,availability_request,Interview invitation — Sales Development Representative,We have reviewed your application for the Sales Development Representative position at Pinecrest Media and would like to invite you to the next stage of the process. Please use https://example.test/schedule to select a convenient time.,human,hr,easy,Pinecrest Media,,,Sales Development Representative,,https://example.test/schedule
JOB-00661,job_search,rejection,post_interview,Update on your Content Strategist application,"Thank you for applying for the Content Strategist position at Northstar Technologies. After careful consideration, we have decided not to move forward with your application at this time.",human,recruiter,adversarial,Northstar Technologies,,,Content Strategist,,
JOB-00662,job_search,rejection,generic_automated_rejection,Regarding your application,Thank you for speaking with our team about the Customer Success Manager role. we will not be progressing your application to the next stage.,automated,ats,medium,,,,Customer Success Manager,,
JOB-00663,job_search,acceptance_progression,availability_request,Interview invitation — Content Strategist,We have reviewed your application for the Content Strategist position at Atlas Software and would like to invite you to the next stage of the process. Please use https://example.test/schedule to select a convenient time.,human,recruiter,hard,Atlas Software,,,Content Strategist,,https://example.test/schedule
JOB-00664,job_search,acceptance_progression,move_forward,We'd like to move forward,"Hello Sam,

Thank you for speaking with us. The team enjoyed learning about your experience and would like to continue the conversation. We would like to arrange the next interview with you.

The interview team is based in Dublin.",automated,recruiter,hard,,,Dublin,,,
JOB-00665,job_search,acceptance_progression,assessment,Next step in your application,We are pleased to let you know that your application has progressed to the next stage. Please provide your availability for an interview with the hiring team.,semi_automated,ats,easy,,,,,,
JOB-00666,job_search,rejection,post_application_review,Your application with Vertex Consulting,We appreciate the time you invested in the recruitment process. We have decided to continue with other candidates whose experience more closely matches the current requirements.,automated,recruiter,hard,Vertex Consulting,,,,,
JOB-00667,job_search,rejection,post_interview,Application outcome,"The review for the Machine Learning Engineer position is now complete. We will be moving forward with another candidate. Thank you for your interest in Vertex Consulting.

Best regards,
Chris Davis",automated,hr,easy,Vertex Consulting,Chris Davis,,Machine Learning Engineer,,
JOB-00668,job_search,acceptance_progression,recruiter_screen,Next step in your application,We are pleased to let you know that your application has progressed to the next stage. Please provide your availability for an interview with the hiring team.,semi_automated,hiring_manager,hard,,,,,,
JOB-00669,job_search,application_notification,thank_you_for_applying,Application received — UX Designer,Thank you for your interest in the UX Designer position at Summit Retail. We have received your application and our hiring team will review it. We will contact you if there is a suitable next step. Please note that this message is only a confirmation that we received your application.,human,hiring_manager,medium,Summit Retail,,,UX Designer,,
JOB-00670,job_search,application_notification,thank_you_for_applying,More opportunities for you,"Thank you for applying for Software Engineer. While your application is being reviewed, you may also be interested in other roles that match your profile at BluePeak Analytics.",automated,company,easy,BluePeak Analytics,,,Software Engineer,,
JOB-00671,job_search,acceptance_progression,first_interview,Next step in your application,"Hello Taylor,

We are pleased to let you know that your application has progressed to the next stage. Please provide your availability for an interview with the hiring team.

The interview team is based in Oslo.",human,hr,medium,,,Oslo,,,
JOB-00672,job_search,application_notification,application_status_update,Your application has been submitted,Your application for Business Analyst at Cedar Digital was successfully submitted. This confirmation does not indicate a hiring decision. We appreciate your interest and will review your information. Please note that this message is only a confirmation that we received your application.,human,ats,hard,Cedar Digital,,,Business Analyst,,
JOB-00673,job_search,acceptance_progression,first_interview,We'd like to move forward,"Hello Jordan,

Thank you for speaking with us. The team enjoyed learning about your experience and would like to continue the conversation. We would like to arrange the next interview with you.

The interview team is based in Copenhagen.

Best regards,
Jordan Miller",automated,company,easy,,Jordan Miller,Copenhagen,,,
JOB-00674,job_search,application_notification,application_under_review,Application status update,Your application for Customer Success Manager is currently under review. We are assessing applications against the requirements of the role and will provide an update when the review is complete.,human,company,easy,,,,Customer Success Manager,,
JOB-00675,job_search,rejection,other_candidates,Update on your DevOps Engineer application,"Thank you for applying for the DevOps Engineer position at Lighthouse Cloud. After careful consideration, we have decided not to move forward with your application at this time.",semi_automated,hiring_manager,easy,Lighthouse Cloud,,,DevOps Engineer,,
JOB-00676,job_search,application_notification,application_status_update,Application received — Product Manager,Thank you for your interest in the Product Manager position at Vertex Consulting. We have received your application and our hiring team will review it. We will contact you if there is a suitable next step.,semi_automated,company,medium,Vertex Consulting,,,Product Manager,,
JOB-00677,job_search,acceptance_progression,availability_request,Offer from Summit Retail,"We are pleased to offer you the Business Analyst position. The offer details, proposed start date, and terms are available in the candidate portal at https://example.test/offer.",automated,ats,medium,Summit Retail,,,Business Analyst,,https://example.test/offer.
JOB-00678,job_search,acceptance_progression,final_interview,Next step in your application,We are pleased to let you know that your application has progressed to the next stage. Please provide your availability for an interview with the hiring team.,human,hiring_manager,easy,,,,,,
JOB-00679,job_search,acceptance_progression,recruiter_screen,Assessment invitation,We would like to invite you to complete the next stage of our selection process. The assessment will help the team evaluate your skills for the UX Designer role.,automated,hiring_manager,medium,,,,UX Designer,,
JOB-00680,job_search,acceptance_progression,assessment,Interview invitation — Content Strategist,We have reviewed your application for the Content Strategist position at Silverline Systems and would like to invite you to the next stage of the process. Please use https://example.test/schedule to select a convenient time.,semi_automated,hiring_manager,hard,Silverline Systems,,,Content Strategist,,https://example.test/schedule
JOB-00681,job_search,application_notification,other_application_system,More opportunities for you,"Thank you for applying for Customer Success Manager. While your application is being reviewed, you may also be interested in other roles that match your profile at Silverline Systems.",human,company,easy,Silverline Systems,,,Customer Success Manager,,
JOB-00682,job_search,application_notification,application_received,More opportunities for you,"Thank you for applying for Frontend Developer. While your application is being reviewed, you may also be interested in other roles that match your profile at Meridian Health.",semi_automated,hiring_manager,easy,Meridian Health,,,Frontend Developer,,
JOB-00683,job_search,rejection,generic_automated_rejection,Regarding your application,"Thank you for speaking with our team about the Business Analyst role. Unfortunately, we will not be progressing your application to the next stage.",human,recruiter,easy,,,,Business Analyst,,
JOB-00684,job_search,rejection,generic_automated_rejection,Application outcome,"The review for the UX Designer position is now complete. We will be moving forward with another candidate. Thank you for your interest in Atlas Software.

Best regards,
Morgan Turner",semi_automated,company,medium,Atlas Software,Morgan Turner,,UX Designer,,
JOB-00685,job_search,acceptance_progression,recruiter_screen,Interview invitation — Customer Success Manager,We have reviewed your application for the Customer Success Manager position at BluePeak Analytics and would like to invite you to the next stage of the process. Please use https://example.test/schedule to select a convenient time.,human,recruiter,hard,BluePeak Analytics,,,Customer Success Manager,,https://example.test/schedule
JOB-00686,job_search,acceptance_progression,availability_request,We'd like to move forward,Thank you for speaking with us. The team enjoyed learning about your experience and would like to continue the conversation. We would like to arrange the next interview with you.,semi_automated,ats,hard,,,,,,
JOB-00687,job_search,rejection,other_candidates,Regarding your application,"Thank you for speaking with our team about the Software Engineer role. Unfortunately, we will not be progressing your application to the next stage.",semi_automated,hiring_manager,easy,,,,Software Engineer,,
JOB-00688,job_search,acceptance_progression,first_interview,Next step in your application,"Hello Olivia,

We are pleased to let you know that your application has progressed to the next stage. Please provide your availability for an interview with the hiring team.

The interview team is based in Amsterdam.",semi_automated,hiring_manager,easy,,,Amsterdam,,,
JOB-00689,job_search,acceptance_progression,assessment,Interview invitation — Marketing Manager,"Hello Dana,

We have reviewed your application for the Marketing Manager position at Oakridge Financial and would like to invite you to the next stage of the process. Please use https://example.test/schedule to select a convenient time.

The interview team is based in Berlin.",automated,hiring_manager,medium,Oakridge Financial,,Berlin,Marketing Manager,,https://example.test/schedule
JOB-00690,job_search,rejection,post_final_interview,Recruitment update,"We were impressed by your background and appreciated the opportunity to learn more about you. At this stage, however, we have chosen to take the process in a different direction.",automated,company,medium,,,,,,
JOB-00691,job_search,acceptance_progression,second_interview,Interview invitation — Sales Development Representative,"Hello Morgan,

We have reviewed your application for the Sales Development Representative position at Atlas Software and would like to invite you to the next stage of the process. Please use https://example.test/schedule to select a convenient time.

The interview team is based in Stockholm.",automated,hr,easy,Atlas Software,,Stockholm,Sales Development Representative,,https://example.test/schedule
JOB-00692,job_search,application_notification,application_received,Application received — Business Analyst,Thank you for your interest in the Business Analyst position at Northstar Technologies. We have received your application and our hiring team will review it. We will contact you if there is a suitable next step.,automated,ats,easy,Northstar Technologies,,,Business Analyst,,
JOB-00693,job_search,application_notification,application_submitted,Thanks for applying to Oakridge Financial,We appreciate your interest in the Product Manager opportunity. Your application is now with our recruitment team. You do not need to take any further action at this time.,automated,recruiter,easy,Oakridge Financial,,,Product Manager,,
JOB-00694,job_search,application_notification,application_submitted,Application status update,Your application for Financial Analyst is currently under review. We are assessing applications against the requirements of the role and will provide an update when the review is complete.,semi_automated,recruiter,hard,,,,Financial Analyst,,
JOB-00695,job_search,acceptance_progression,second_interview,Next step in your application,"We are pleased to let you know that your application has progressed to the next stage. Please provide your availability for an interview with the hiring team.

Best regards,
Olivia Chen",automated,company,easy,,Olivia Chen,,,,
JOB-00696,job_search,application_notification,application_status_update,Application status update,Your application for Frontend Developer is currently under review. We are assessing applications against the requirements of the role and will provide an update when the review is complete.,human,ats,hard,,,,Frontend Developer,,
JOB-00697,job_search,acceptance_progression,offer,Next step in your application,We are pleased to let you know that your application has progressed to the next stage. Please provide your availability for an interview with the hiring team.,human,company,easy,,,,,,
JOB-00698,job_search,acceptance_progression,recruiter_screen,We'd like to move forward,Thank you for speaking with us. The team enjoyed learning about your experience and would like to continue the conversation. We would like to arrange the next interview with you.,human,recruiter,hard,,,,,,
JOB-00699,job_search,application_notification,application_recommended_jobs,More opportunities for you,"Thank you for applying for Frontend Developer. While your application is being reviewed, you may also be interested in other roles that match your profile at Vertex Consulting.",semi_automated,hr,hard,Vertex Consulting,,,Frontend Developer,,
JOB-00700,job_search,rejection,post_interview,Your application with Cedar Digital,We appreciate the time you invested in the recruitment process. We have decided to continue with other candidates whose experience more closely matches the current requirements.,automated,hr,easy,Cedar Digital,,,,,
JOB-00701,job_search,acceptance_progression,recruiter_screen,Interview invitation — Sales Development Representative,We have reviewed your application for the Sales Development Representative position at Silverline Systems and would like to invite you to the next stage of the process. Please use https://example.test/schedule to select a convenient time.,automated,hiring_manager,easy,Silverline Systems,,,Sales Development Representative,,https://example.test/schedule
JOB-00702,job_search,acceptance_progression,other_progression,Offer from Pinecrest Media,"We are pleased to offer you the Data Analyst position. The offer details, proposed start date, and terms are available in the candidate portal at https://example.test/offer.",human,recruiter,medium,Pinecrest Media,,,Data Analyst,,https://example.test/offer.
JOB-00703,job_search,application_notification,application_received,Thanks for applying to BrightPath Energy,We appreciate your interest in the DevOps Engineer opportunity. Your application is now with our recruitment team. You do not need to take any further action at this time.,automated,recruiter,adversarial,BrightPath Energy,,,DevOps Engineer,,
JOB-00704,job_search,rejection,generic_automated_rejection,Update on your Operations Specialist application,"Thank you for applying for the Operations Specialist position at Summit Retail. After careful consideration, we have decided not to move forward with your application at this time.",human,company,adversarial,Summit Retail,,,Operations Specialist,,
JOB-00705,job_search,rejection,generic_automated_rejection,Application outcome,The review for the Frontend Developer position is now complete. We will be moving forward with another candidate. Thank you for your interest in Lighthouse Cloud.,semi_automated,company,easy,Lighthouse Cloud,,,Frontend Developer,,
JOB-00706,job_search,application_notification,application_under_review,Application status update,Your application for Data Analyst is currently under review. We are assessing applications against the requirements of the role and will provide an update when the review is complete.,human,recruiter,easy,,,,Data Analyst,,
JOB-00707,job_search,acceptance_progression,final_interview,We'd like to move forward,Thank you for speaking with us. The team enjoyed learning about your experience and would like to continue the conversation. We would like to arrange the next interview with you.,semi_automated,hiring_manager,easy,,,,,,
JOB-00708,job_search,acceptance_progression,final_interview,Offer from Horizon Labs,"We are pleased to offer you the Software Engineer position. The offer details, proposed start date, and terms are available in the candidate portal at https://example.test/offer.",automated,hr,medium,Horizon Labs,,,Software Engineer,,https://example.test/offer.
JOB-00709,job_search,application_notification,application_received,Application status update,"Your application for DevOps Engineer is currently under review. We are assessing applications against the requirements of the role and will provide an update when the review is complete.

Best regards,
Olivia Nielsen",human,company,medium,,Olivia Nielsen,,DevOps Engineer,,
JOB-00710,job_search,rejection,generic_automated_rejection,Recruitment update,"We were impressed by your background and appreciated the opportunity to learn more about you. At this stage, however, we have chosen to take the process in a different direction.",automated,recruiter,hard,,,,,,
JOB-00711,job_search,rejection,generic_automated_rejection,Recruitment update,"We were impressed by your background and appreciated the opportunity to learn more about you. At this stage, however, we have chosen to take the process in a different direction.",automated,hr,medium,,,,,,
JOB-00712,job_search,rejection,post_interview,Update on your UX Designer application,"Thank you for applying for the UX Designer position at Lighthouse Cloud. After careful consideration, we have decided not to move forward with your application at this time.",human,hr,adversarial,Lighthouse Cloud,,,UX Designer,,
JOB-00713,job_search,application_notification,application_under_review,Thanks for applying to Oakridge Financial,We appreciate your interest in the Operations Specialist opportunity. Your application is now with our recruitment team. You do not need to take any further action at this time.,human,ats,easy,Oakridge Financial,,,Operations Specialist,,
JOB-00714,job_search,rejection,post_interview,Update on your Operations Specialist application,"Thank you for applying for the Operations Specialist position at Atlas Software. After careful consideration, we have decided not to move forward with your application at this time.

Best regards,
Riley Wong",automated,ats,easy,Atlas Software,Riley Wong,,Operations Specialist,,
JOB-00715,job_search,application_notification,application_submitted,Your application has been submitted,Your application for Data Analyst at Aurora Mobility was successfully submitted. This confirmation does not indicate a hiring decision. We appreciate your interest and will review your information.,semi_automated,hiring_manager,adversarial,Aurora Mobility,,,Data Analyst,,
JOB-00716,job_search,application_notification,application_under_review,Application status update,"Your application for Financial Analyst is currently under review. We are assessing applications against the requirements of the role and will provide an update when the review is complete.

Best regards,
Daniel Wong",human,recruiter,medium,,Daniel Wong,,Financial Analyst,,
JOB-00717,job_search,application_notification,application_status_update,Application received — Content Strategist,Thank you for your interest in the Content Strategist position at Summit Retail. We have received your application and our hiring team will review it. We will contact you if there is a suitable next step.,semi_automated,ats,easy,Summit Retail,,,Content Strategist,,
JOB-00718,job_search,acceptance_progression,second_interview,We'd like to move forward,Thank you for speaking with us. The team enjoyed learning about your experience and would like to continue the conversation. We would like to arrange the next interview with you.,automated,ats,easy,,,,,,
JOB-00719,job_search,rejection,other_candidates,Application outcome,"The review for the Product Manager position is now complete. We will be moving forward with another candidate. Thank you for your interest in Silverline Systems.

Best regards,
Morgan Mitchell",human,ats,easy,Silverline Systems,Morgan Mitchell,,Product Manager,,
JOB-00720,job_search,rejection,generic_automated_rejection,Update on your Business Analyst application,"Thank you for applying for the Business Analyst position at Aurora Mobility. After careful consideration, we have decided not to move forward with your application at this time.",human,ats,easy,Aurora Mobility,,,Business Analyst,,
JOB-00721,job_search,acceptance_progression,first_interview,Assessment invitation,We would like to invite you to complete the next stage of our selection process. The assessment will help the team evaluate your skills for the Financial Analyst role.,semi_automated,company,medium,,,,Financial Analyst,,
JOB-00722,job_search,application_notification,recruiter_acknowledgement,Thanks for applying to Redwood Solutions,We appreciate your interest in the Financial Analyst opportunity. Your application is now with our recruitment team. You do not need to take any further action at this time.,automated,hr,medium,Redwood Solutions,,,Financial Analyst,,
JOB-00723,job_search,acceptance_progression,offer,Next step in your application,"Hello Riley,

We are pleased to let you know that your application has progressed to the next stage. Please provide your availability for an interview with the hiring team.

The interview team is based in Stockholm.",human,ats,medium,,,Stockholm,,,
JOB-00724,job_search,rejection,post_application_review,Application outcome,The review for the Machine Learning Engineer position is now complete. We will be moving forward with another candidate. Thank you for your interest in Meridian Health.,semi_automated,recruiter,easy,Meridian Health,,,Machine Learning Engineer,,
JOB-00725,job_search,rejection,other_candidates,Application outcome,The review for the Data Analyst position is now complete. We will be moving forward with another candidate. Thank you for your interest in BrightPath Energy.,semi_automated,hr,hard,BrightPath Energy,,,Data Analyst,,
JOB-00726,job_search,acceptance_progression,move_forward,Next step in your application,We are pleased to let you know that your application has progressed to the next stage. Please provide your availability for an interview with the hiring team.,human,company,easy,,,,,,
JOB-00727,job_search,rejection,personalized_recruiter,Application outcome,The review for the UX Designer position is now complete. We will be moving forward with another candidate. Thank you for your interest in Northstar Technologies.,human,recruiter,medium,Northstar Technologies,,,UX Designer,,
JOB-00728,job_search,application_notification,application_submitted,More opportunities for you,"Thank you for applying for UX Designer. While your application is being reviewed, you may also be interested in other roles that match your profile at BluePeak Analytics.",semi_automated,company,easy,BluePeak Analytics,,,UX Designer,,
JOB-00729,job_search,acceptance_progression,first_interview,Next step in your application,"Hello Jamie,

We are pleased to let you know that your application has progressed to the next stage. Please provide your availability for an interview with the hiring team.

The interview team is based in Copenhagen.",automated,recruiter,hard,,,Copenhagen,,,
JOB-00730,job_search,application_notification,thank_you_for_applying,Application status update,Your application for Sales Development Representative is currently under review. We are assessing applications against the requirements of the role and will provide an update when the review is complete. Please note that this message is only a confirmation that we received your application.,automated,hiring_manager,easy,,,,Sales Development Representative,,
JOB-00731,job_search,rejection,post_application_review,Recruitment update,"We were impressed by your background and appreciated the opportunity to learn more about you. At this stage, however, we have chosen to take the process in a different direction.",semi_automated,company,easy,,,,,,
JOB-00732,job_search,acceptance_progression,availability_request,Offer from Pinecrest Media,"We are pleased to offer you the Software Engineer position. The offer details, proposed start date, and terms are available in the candidate portal at https://example.test/offer.",semi_automated,hiring_manager,hard,Pinecrest Media,,,Software Engineer,,https://example.test/offer.
JOB-00733,job_search,rejection,different_direction,Update on your Data Analyst application,"Thank you for applying for the Data Analyst position at Aurora Mobility. After careful consideration, we have decided not to move forward with your application at this time.",human,recruiter,easy,Aurora Mobility,,,Data Analyst,,
JOB-00734,job_search,application_notification,application_submitted,Application status update,Your application for Product Manager is currently under review. We are assessing applications against the requirements of the role and will provide an update when the review is complete.,semi_automated,hr,easy,,,,Product Manager,,
JOB-00735,job_search,acceptance_progression,offer,Next step in your application,We are pleased to let you know that your application has progressed to the next stage. Please provide your availability for an interview with the hiring team.,semi_automated,ats,medium,,,,,,
JOB-00736,job_search,acceptance_progression,offer,Next step in your application,We are pleased to let you know that your application has progressed to the next stage. Please provide your availability for an interview with the hiring team.,semi_automated,hr,easy,,,,,,
JOB-00737,job_search,application_notification,application_received,More opportunities for you,"Thank you for applying for UX Designer. While your application is being reviewed, you may also be interested in other roles that match your profile at Summit Retail.",semi_automated,hr,medium,Summit Retail,,,UX Designer,,
JOB-00738,job_search,rejection,generic_automated_rejection,Your application with BrightPath Energy,We appreciate the time you invested in the recruitment process. We have decided to continue with other candidates whose experience more closely matches the current requirements.,automated,company,medium,BrightPath Energy,,,,,
JOB-00739,job_search,acceptance_progression,final_interview,Assessment invitation,We would like to invite you to complete the next stage of our selection process. The assessment will help the team evaluate your skills for the Software Engineer role.,human,hiring_manager,medium,,,,Software Engineer,,
JOB-00740,job_search,rejection,different_direction,Regarding your application,Thank you for speaking with our team about the Product Manager role. we will not be progressing your application to the next stage.,automated,company,easy,,,,Product Manager,,
JOB-00741,job_search,acceptance_progression,recruiter_screen,We'd like to move forward,Thank you for speaking with us. The team enjoyed learning about your experience and would like to continue the conversation. We would like to arrange the next interview with you.,semi_automated,company,easy,,,,,,
JOB-00742,job_search,rejection,post_application_review,Regarding your application,Thank you for speaking with our team about the Financial Analyst role. we will not be progressing your application to the next stage.,automated,hr,easy,,,,Financial Analyst,,
JOB-00743,job_search,application_notification,thank_you_for_applying,Your application has been submitted,Your application for Marketing Manager at Oakridge Financial was successfully submitted. This confirmation does not indicate a hiring decision. We appreciate your interest and will review your information.,human,ats,easy,Oakridge Financial,,,Marketing Manager,,
JOB-00744,job_search,application_notification,application_submitted,Your application has been submitted,Your application for Data Analyst at Horizon Labs was successfully submitted. This confirmation does not indicate a hiring decision. We appreciate your interest and will review your information.,human,recruiter,hard,Horizon Labs,,,Data Analyst,,
JOB-00745,job_search,application_notification,application_status_update,Application status update,Your application for Business Analyst is currently under review. We are assessing applications against the requirements of the role and will provide an update when the review is complete.,automated,company,medium,,,,Business Analyst,,
JOB-00746,job_search,application_notification,application_under_review,Your application has been submitted,Your application for Machine Learning Engineer at Cedar Digital was successfully submitted. This confirmation does not indicate a hiring decision. We appreciate your interest and will review your information.,semi_automated,ats,medium,Cedar Digital,,,Machine Learning Engineer,,
JOB-00747,job_search,rejection,generic_automated_rejection,Your application with BluePeak Analytics,We appreciate the time you invested in the recruitment process. We have decided to continue with other candidates whose experience more closely matches the current requirements.,semi_automated,company,medium,BluePeak Analytics,,,,,
JOB-00748,job_search,rejection,post_final_interview,Recruitment update,"We were impressed by your background and appreciated the opportunity to learn more about you. At this stage, however, we have chosen to take the process in a different direction.",semi_automated,company,medium,,,,,,
JOB-00749,job_search,acceptance_progression,recruiter_screen,Next step in your application,We are pleased to let you know that your application has progressed to the next stage. Please provide your availability for an interview with the hiring team.,human,company,medium,,,,,,
JOB-00750,job_search,rejection,post_interview,Your application with Vertex Consulting,We appreciate the time you invested in the recruitment process. We have decided to continue with other candidates whose experience more closely matches the current requirements.,automated,hiring_manager,hard,Vertex Consulting,,,,,
JOB-00751,job_search,rejection,generic_automated_rejection,Regarding your application,Thank you for speaking with our team about the Software Engineer role. we will not be progressing your application to the next stage.,human,hiring_manager,hard,,,,Software Engineer,,
JOB-00752,job_search,acceptance_progression,final_interview,Assessment invitation,We would like to invite you to complete the next stage of our selection process. The assessment will help the team evaluate your skills for the Frontend Developer role.,semi_automated,ats,easy,,,,Frontend Developer,,
JOB-00753,job_search,rejection,post_interview,Recruitment update,"We were impressed by your background and appreciated the opportunity to learn more about you. At this stage, however, we have chosen to take the process in a different direction.",semi_automated,hr,hard,,,,,,
JOB-00754,job_search,acceptance_progression,availability_request,Offer from Meridian Health,"We are pleased to offer you the Data Analyst position. The offer details, proposed start date, and terms are available in the candidate portal at https://example.test/offer.",semi_automated,hr,medium,Meridian Health,,,Data Analyst,,https://example.test/offer.
JOB-00755,job_search,application_notification,thank_you_for_applying,Application status update,Your application for Business Analyst is currently under review. We are assessing applications against the requirements of the role and will provide an update when the review is complete.,human,hiring_manager,medium,,,,Business Analyst,,
JOB-00756,job_search,rejection,generic_automated_rejection,Regarding your application,Thank you for speaking with our team about the DevOps Engineer role. we will not be progressing your application to the next stage.,automated,hiring_manager,medium,,,,DevOps Engineer,,
JOB-00757,job_search,acceptance_progression,final_interview,Next step in your application,We are pleased to let you know that your application has progressed to the next stage. Please provide your availability for an interview with the hiring team.,automated,hr,easy,,,,,,
JOB-00758,job_search,application_notification,application_recommended_jobs,Thanks for applying to Horizon Labs,We appreciate your interest in the Customer Success Manager opportunity. Your application is now with our recruitment team. You do not need to take any further action at this time.,automated,ats,medium,Horizon Labs,,,Customer Success Manager,,
JOB-00759,job_search,rejection,other_candidates,Recruitment update,"We were impressed by your background and appreciated the opportunity to learn more about you. At this stage, however, we have chosen to take the process in a different direction.",automated,recruiter,medium,,,,,,
JOB-00760,job_search,application_notification,application_recommended_jobs,Your application has been submitted,Your application for Sales Development Representative at Atlas Software was successfully submitted. This confirmation does not indicate a hiring decision. We appreciate your interest and will review your information.,automated,ats,medium,Atlas Software,,,Sales Development Representative,,
JOB-00761,job_search,acceptance_progression,other_progression,Assessment invitation,"Hello Emma,

We would like to invite you to complete the next stage of our selection process. The assessment will help the team evaluate your skills for the Sales Development Representative role.

The interview team is based in Munich.",automated,recruiter,medium,,,Munich,Sales Development Representative,,
JOB-00762,job_search,acceptance_progression,second_interview,Next step in your application,We are pleased to let you know that your application has progressed to the next stage. Please provide your availability for an interview with the hiring team.,automated,hr,medium,,,,,,
JOB-00763,job_search,rejection,other_candidates,Application outcome,The review for the UX Designer position is now complete. We will be moving forward with another candidate. Thank you for your interest in Lighthouse Cloud.,semi_automated,hr,medium,Lighthouse Cloud,,,UX Designer,,
JOB-00764,job_search,acceptance_progression,first_interview,Interview invitation — Customer Success Manager,We have reviewed your application for the Customer Success Manager position at Atlas Software and would like to invite you to the next stage of the process. Please use https://example.test/schedule to select a convenient time.,human,company,medium,Atlas Software,,,Customer Success Manager,,https://example.test/schedule
JOB-00765,job_search,rejection,post_application_review,Update on your Machine Learning Engineer application,"Thank you for applying for the Machine Learning Engineer position at Northstar Technologies. After careful consideration, we have decided not to move forward with your application at this time.",automated,ats,medium,Northstar Technologies,,,Machine Learning Engineer,,
JOB-00766,job_search,application_notification,thank_you_for_applying,Application received — Marketing Manager,Thank you for your interest in the Marketing Manager position at Meridian Health. We have received your application and our hiring team will review it. We will contact you if there is a suitable next step.,automated,ats,medium,Meridian Health,,,Marketing Manager,,
JOB-00767,job_search,rejection,other_candidates,Regarding your application,"Thank you for speaking with our team about the Sales Development Representative role. Unfortunately, we will not be progressing your application to the next stage.",semi_automated,hr,adversarial,,,,Sales Development Representative,,
JOB-00768,job_search,application_notification,application_recommended_jobs,Application received — Marketing Manager,Thank you for your interest in the Marketing Manager position at Cedar Digital. We have received your application and our hiring team will review it. We will contact you if there is a suitable next step.,semi_automated,recruiter,medium,Cedar Digital,,,Marketing Manager,,
JOB-00769,job_search,application_notification,application_recommended_jobs,Your application has been submitted,Your application for UX Designer at Redwood Solutions was successfully submitted. This confirmation does not indicate a hiring decision. We appreciate your interest and will review your information.,human,hiring_manager,adversarial,Redwood Solutions,,,UX Designer,,
JOB-00770,job_search,application_notification,application_under_review,More opportunities for you,"Thank you for applying for Data Analyst. While your application is being reviewed, you may also be interested in other roles that match your profile at Aurora Mobility.",automated,company,medium,Aurora Mobility,,,Data Analyst,,
JOB-00771,job_search,application_notification,thank_you_for_applying,Your application has been submitted,Your application for Operations Specialist at Oakridge Financial was successfully submitted. This confirmation does not indicate a hiring decision. We appreciate your interest and will review your information.,automated,company,hard,Oakridge Financial,,,Operations Specialist,,
JOB-00772,job_search,acceptance_progression,direct_acceptance,Offer from Lighthouse Cloud,"We are pleased to offer you the DevOps Engineer position. The offer details, proposed start date, and terms are available in the candidate portal at https://example.test/offer.",semi_automated,hr,adversarial,Lighthouse Cloud,,,DevOps Engineer,,https://example.test/offer.
JOB-00773,job_search,acceptance_progression,first_interview,Assessment invitation,We would like to invite you to complete the next stage of our selection process. The assessment will help the team evaluate your skills for the Sales Development Representative role.,human,hr,medium,,,,Sales Development Representative,,
JOB-00774,job_search,application_notification,application_status_update,Your application has been submitted,"Your application for Marketing Manager at Silverline Systems was successfully submitted. This confirmation does not indicate a hiring decision. We appreciate your interest and will review your information.

Best regards,
Emma Wilson",semi_automated,ats,medium,Silverline Systems,Emma Wilson,,Marketing Manager,,
JOB-00775,job_search,acceptance_progression,first_interview,Offer from Atlas Software,"We are pleased to offer you the UX Designer position. The offer details, proposed start date, and terms are available in the candidate portal at https://example.test/offer.",human,ats,medium,Atlas Software,,,UX Designer,,https://example.test/offer.
JOB-00776,job_search,application_notification,recruiter_acknowledgement,Thanks for applying to Northstar Technologies,We appreciate your interest in the Software Engineer opportunity. Your application is now with our recruitment team. You do not need to take any further action at this time.,semi_automated,hiring_manager,hard,Northstar Technologies,,,Software Engineer,,
JOB-00777,job_search,acceptance_progression,recruiter_screen,Offer from Pinecrest Media,"We are pleased to offer you the Sales Development Representative position. The offer details, proposed start date, and terms are available in the candidate portal at https://example.test/offer.",semi_automated,ats,easy,Pinecrest Media,,,Sales Development Representative,,https://example.test/offer.
JOB-00778,job_search,acceptance_progression,direct_acceptance,Next step in your application,We are pleased to let you know that your application has progressed to the next stage. Please provide your availability for an interview with the hiring team.,human,ats,adversarial,,,,,,
JOB-00779,job_search,rejection,post_application_review,Recruitment update,"We were impressed by your background and appreciated the opportunity to learn more about you. At this stage, however, we have chosen to take the process in a different direction.",semi_automated,ats,easy,,,,,,
JOB-00780,job_search,rejection,post_final_interview,Your application with Pinecrest Media,We appreciate the time you invested in the recruitment process. We have decided to continue with other candidates whose experience more closely matches the current requirements.,human,ats,medium,Pinecrest Media,,,,,
JOB-00781,job_search,rejection,post_interview,Recruitment update,"We were impressed by your background and appreciated the opportunity to learn more about you. At this stage, however, we have chosen to take the process in a different direction.",automated,company,hard,,,,,,
JOB-00782,job_search,rejection,post_interview,Update on your Financial Analyst application,"Thank you for applying for the Financial Analyst position at Pinecrest Media. After careful consideration, we have decided not to move forward with your application at this time.

Best regards,
Taylor Clark",automated,hiring_manager,medium,Pinecrest Media,Taylor Clark,,Financial Analyst,,
JOB-00783,job_search,rejection,generic_automated_rejection,Recruitment update,"We were impressed by your background and appreciated the opportunity to learn more about you. At this stage, however, we have chosen to take the process in a different direction.",human,hr,easy,,,,,,
JOB-00784,job_search,acceptance_progression,second_interview,Interview invitation — Sales Development Representative,We have reviewed your application for the Sales Development Representative position at Horizon Labs and would like to invite you to the next stage of the process. Please use https://example.test/schedule to select a convenient time.,automated,hiring_manager,medium,Horizon Labs,,,Sales Development Representative,,https://example.test/schedule
JOB-00785,job_search,application_notification,thank_you_for_applying,Application status update,Your application for Software Engineer is currently under review. We are assessing applications against the requirements of the role and will provide an update when the review is complete.,human,hiring_manager,hard,,,,Software Engineer,,
JOB-00786,job_search,rejection,generic_automated_rejection,Your application with Vertex Consulting,We appreciate the time you invested in the recruitment process. We have decided to continue with other candidates whose experience more closely matches the current requirements.,human,recruiter,medium,Vertex Consulting,,,,,
JOB-00787,job_search,acceptance_progression,assessment,Offer from Summit Retail,"We are pleased to offer you the Product Manager position. The offer details, proposed start date, and terms are available in the candidate portal at https://example.test/offer.",human,company,medium,Summit Retail,,,Product Manager,,https://example.test/offer.
JOB-00788,job_search,rejection,post_interview,Recruitment update,"We were impressed by your background and appreciated the opportunity to learn more about you. At this stage, however, we have chosen to take the process in a different direction.",semi_automated,hr,hard,,,,,,
JOB-00789,job_search,rejection,other_candidates,Regarding your application,"Thank you for speaking with our team about the Operations Specialist role. Unfortunately, we will not be progressing your application to the next stage.",automated,hr,hard,,,,Operations Specialist,,
JOB-00790,job_search,application_notification,thank_you_for_applying,Thanks for applying to Lighthouse Cloud,We appreciate your interest in the Business Analyst opportunity. Your application is now with our recruitment team. You do not need to take any further action at this time.,human,hr,medium,Lighthouse Cloud,,,Business Analyst,,
JOB-00791,job_search,rejection,post_application_review,Your application with Oakridge Financial,We appreciate the time you invested in the recruitment process. We have decided to continue with other candidates whose experience more closely matches the current requirements.,automated,hr,adversarial,Oakridge Financial,,,,,
JOB-00792,job_search,rejection,post_final_interview,Recruitment update,"We were impressed by your background and appreciated the opportunity to learn more about you. At this stage, however, we have chosen to take the process in a different direction.",automated,company,medium,,,,,,
JOB-00793,job_search,rejection,other_candidates,Regarding your application,"Thank you for speaking with our team about the Content Strategist role. Unfortunately, we will not be progressing your application to the next stage.",human,recruiter,easy,,,,Content Strategist,,
JOB-00794,job_search,application_notification,application_submitted,More opportunities for you,"Thank you for applying for Operations Specialist. While your application is being reviewed, you may also be interested in other roles that match your profile at Horizon Labs.",automated,hr,easy,Horizon Labs,,,Operations Specialist,,
JOB-00795,job_search,acceptance_progression,recruiter_screen,Offer from Northstar Technologies,"We are pleased to offer you the Operations Specialist position. The offer details, proposed start date, and terms are available in the candidate portal at https://example.test/offer.",human,hiring_manager,medium,Northstar Technologies,,,Operations Specialist,,https://example.test/offer.
JOB-00796,job_search,application_notification,application_received,More opportunities for you,"Thank you for applying for Software Engineer. While your application is being reviewed, you may also be interested in other roles that match your profile at Atlas Software.",human,recruiter,hard,Atlas Software,,,Software Engineer,,
JOB-00797,job_search,acceptance_progression,availability_request,We'd like to move forward,"Hello Morgan,

Thank you for speaking with us. The team enjoyed learning about your experience and would like to continue the conversation. We would like to arrange the next interview with you.

The interview team is based in Paris.

Best regards,
Morgan Garcia",human,company,adversarial,,Morgan Garcia,Paris,,,
JOB-00798,job_search,acceptance_progression,recruiter_screen,Assessment invitation,"Hello Avery,

We would like to invite you to complete the next stage of our selection process. The assessment will help the team evaluate your skills for the DevOps Engineer role.

The interview team is based in Stockholm.",semi_automated,hiring_manager,medium,,,Stockholm,DevOps Engineer,,
JOB-00799,job_search,acceptance_progression,final_interview,Offer from Meridian Health,"We are pleased to offer you the Machine Learning Engineer position. The offer details, proposed start date, and terms are available in the candidate portal at https://example.test/offer.

Best regards,
Chris Khan",semi_automated,hiring_manager,easy,Meridian Health,Chris Khan,,Machine Learning Engineer,,https://example.test/offer.
JOB-00800,job_search,rejection,different_direction,Your application with Vertex Consulting,We appreciate the time you invested in the recruitment process. We have decided to continue with other candidates whose experience more closely matches the current requirements.,automated,hiring_manager,easy,Vertex Consulting,,,,,
JOB-00801,job_search,rejection,different_direction,Your application with Horizon Labs,We appreciate the time you invested in the recruitment process. We have decided to continue with other candidates whose experience more closely matches the current requirements.,automated,recruiter,easy,Horizon Labs,,,,,
JOB-00802,job_search,acceptance_progression,move_forward,Assessment invitation,We would like to invite you to complete the next stage of our selection process. The assessment will help the team evaluate your skills for the Project Coordinator role.,semi_automated,hr,medium,,,,Project Coordinator,,
JOB-00803,job_search,acceptance_progression,first_interview,Assessment invitation,We would like to invite you to complete the next stage of our selection process. The assessment will help the team evaluate your skills for the UX Designer role.,semi_automated,company,easy,,,,UX Designer,,
JOB-00804,job_search,application_notification,application_submitted,More opportunities for you,"Thank you for applying for Operations Specialist. While your application is being reviewed, you may also be interested in other roles that match your profile at BluePeak Analytics. Please note that this message is only a confirmation that we received your application.",semi_automated,company,easy,BluePeak Analytics,,,Operations Specialist,,
JOB-00805,job_search,application_notification,application_recommended_jobs,More opportunities for you,"Thank you for applying for Project Coordinator. While your application is being reviewed, you may also be interested in other roles that match your profile at Aurora Mobility. Please note that this message is only a confirmation that we received your application.",human,hr,medium,Aurora Mobility,,,Project Coordinator,,
JOB-00806,job_search,application_notification,application_under_review,Application status update,"Your application for DevOps Engineer is currently under review. We are assessing applications against the requirements of the role and will provide an update when the review is complete.

Best regards,
Olivia Davis",semi_automated,ats,medium,,Olivia Davis,,DevOps Engineer,,
JOB-00807,job_search,rejection,post_interview,Application outcome,The review for the Data Analyst position is now complete. We will be moving forward with another candidate. Thank you for your interest in Meridian Health.,semi_automated,company,hard,Meridian Health,,,Data Analyst,,
JOB-00808,job_search,rejection,other_candidates,Application outcome,The review for the UX Designer position is now complete. We will be moving forward with another candidate. Thank you for your interest in Lighthouse Cloud.,semi_automated,hr,hard,Lighthouse Cloud,,,UX Designer,,
JOB-00809,job_search,rejection,post_interview,Application outcome,The review for the Machine Learning Engineer position is now complete. We will be moving forward with another candidate. Thank you for your interest in Cedar Digital.,semi_automated,hr,medium,Cedar Digital,,,Machine Learning Engineer,,
JOB-00810,job_search,acceptance_progression,final_interview,Next step in your application,"We are pleased to let you know that your application has progressed to the next stage. Please provide your availability for an interview with the hiring team.

Best regards,
Sam Chen",automated,company,hard,,Sam Chen,,,,
JOB-00811,job_search,rejection,post_final_interview,Regarding your application,"Thank you for speaking with our team about the Business Analyst role. Unfortunately, we will not be progressing your application to the next stage.",automated,recruiter,adversarial,,,,Business Analyst,,
JOB-00812,job_search,acceptance_progression,final_interview,Interview invitation — Content Strategist,"Hello Emma,

We have reviewed your application for the Content Strategist position at Aurora Mobility and would like to invite you to the next stage of the process. Please use https://example.test/schedule to select a convenient time.

The interview team is based in Helsinki.",semi_automated,ats,adversarial,Aurora Mobility,,Helsinki,Content Strategist,,https://example.test/schedule
JOB-00813,job_search,application_notification,thank_you_for_applying,More opportunities for you,"Thank you for applying for Content Strategist. While your application is being reviewed, you may also be interested in other roles that match your profile at Horizon Labs.",automated,hr,hard,Horizon Labs,,,Content Strategist,,
JOB-00814,job_search,acceptance_progression,first_interview,Assessment invitation,We would like to invite you to complete the next stage of our selection process. The assessment will help the team evaluate your skills for the Project Coordinator role.,semi_automated,company,hard,,,,Project Coordinator,,
JOB-00815,job_search,application_notification,application_recommended_jobs,Your application has been submitted,"Your application for UX Designer at Lighthouse Cloud was successfully submitted. This confirmation does not indicate a hiring decision. We appreciate your interest and will review your information. Please note that this message is only a confirmation that we received your application.

Best regards,
Robin Wilson",semi_automated,ats,adversarial,Lighthouse Cloud,Robin Wilson,,UX Designer,,
JOB-00816,job_search,acceptance_progression,other_progression,Offer from Lighthouse Cloud,"We are pleased to offer you the Sales Development Representative position. The offer details, proposed start date, and terms are available in the candidate portal at https://example.test/offer.",automated,hr,medium,Lighthouse Cloud,,,Sales Development Representative,,https://example.test/offer.
JOB-00817,job_search,acceptance_progression,other_progression,We'd like to move forward,Thank you for speaking with us. The team enjoyed learning about your experience and would like to continue the conversation. We would like to arrange the next interview with you.,semi_automated,company,medium,,,,,,
JOB-00818,job_search,rejection,position_related,Recruitment update,"We were impressed by your background and appreciated the opportunity to learn more about you. At this stage, however, we have chosen to take the process in a different direction.

Best regards,
Alex Wong",human,hiring_manager,medium,,Alex Wong,,,,
JOB-00819,job_search,application_notification,application_submitted,Thanks for applying to Vertex Consulting,We appreciate your interest in the Software Engineer opportunity. Your application is now with our recruitment team. You do not need to take any further action at this time. Please note that this message is only a confirmation that we received your application.,human,company,easy,Vertex Consulting,,,Software Engineer,,
JOB-00820,job_search,rejection,position_related,Update on your Financial Analyst application,"Thank you for applying for the Financial Analyst position at Summit Retail. After careful consideration, we have decided not to move forward with your application at this time.",automated,hiring_manager,adversarial,Summit Retail,,,Financial Analyst,,
JOB-00821,job_search,acceptance_progression,first_interview,Next step in your application,"We are pleased to let you know that your application has progressed to the next stage. Please provide your availability for an interview with the hiring team.

Best regards,
Casey Wilson",automated,hr,easy,,Casey Wilson,,,,
JOB-00822,job_search,application_notification,recruiter_acknowledgement,More opportunities for you,"Thank you for applying for Content Strategist. While your application is being reviewed, you may also be interested in other roles that match your profile at Meridian Health. Please note that this message is only a confirmation that we received your application.",semi_automated,company,medium,Meridian Health,,,Content Strategist,,
JOB-00823,job_search,acceptance_progression,offer,Assessment invitation,We would like to invite you to complete the next stage of our selection process. The assessment will help the team evaluate your skills for the Financial Analyst role.,semi_automated,recruiter,easy,,,,Financial Analyst,,
JOB-00824,job_search,rejection,generic_automated_rejection,Regarding your application,"Thank you for speaking with our team about the Machine Learning Engineer role. Unfortunately, we will not be progressing your application to the next stage.",semi_automated,hiring_manager,medium,,,,Machine Learning Engineer,,
JOB-00825,job_search,application_notification,application_received,Application status update,Your application for Project Coordinator is currently under review. We are assessing applications against the requirements of the role and will provide an update when the review is complete.,automated,recruiter,medium,,,,Project Coordinator,,
JOB-00826,job_search,rejection,other_candidates,Your application with Pinecrest Media,We appreciate the time you invested in the recruitment process. We have decided to continue with other candidates whose experience more closely matches the current requirements.,semi_automated,recruiter,hard,Pinecrest Media,,,,,
JOB-00827,job_search,rejection,other_candidates,Regarding your application,"Thank you for speaking with our team about the Frontend Developer role. Unfortunately, we will not be progressing your application to the next stage.

Best regards,
Chris Johnson",human,recruiter,medium,,Chris Johnson,,Frontend Developer,,
JOB-00828,job_search,application_notification,thank_you_for_applying,Your application has been submitted,Your application for Software Engineer at Lighthouse Cloud was successfully submitted. This confirmation does not indicate a hiring decision. We appreciate your interest and will review your information. Please note that this message is only a confirmation that we received your application.,human,ats,medium,Lighthouse Cloud,,,Software Engineer,,
JOB-00829,job_search,acceptance_progression,second_interview,We'd like to move forward,Thank you for speaking with us. The team enjoyed learning about your experience and would like to continue the conversation. We would like to arrange the next interview with you.,semi_automated,company,easy,,,,,,
JOB-00830,job_search,acceptance_progression,assessment,Interview invitation — Data Analyst,We have reviewed your application for the Data Analyst position at Summit Retail and would like to invite you to the next stage of the process. Please use https://example.test/schedule to select a convenient time.,semi_automated,recruiter,easy,Summit Retail,,,Data Analyst,,https://example.test/schedule
JOB-00831,job_search,application_notification,thank_you_for_applying,More opportunities for you,"Thank you for applying for Operations Specialist. While your application is being reviewed, you may also be interested in other roles that match your profile at Pinecrest Media. Please note that this message is only a confirmation that we received your application.",human,recruiter,medium,Pinecrest Media,,,Operations Specialist,,
JOB-00832,job_search,acceptance_progression,first_interview,We'd like to move forward,Thank you for speaking with us. The team enjoyed learning about your experience and would like to continue the conversation. We would like to arrange the next interview with you.,automated,recruiter,easy,,,,,,
JOB-00833,job_search,application_notification,application_submitted,Thanks for applying to Vertex Consulting,We appreciate your interest in the UX Designer opportunity. Your application is now with our recruitment team. You do not need to take any further action at this time.,human,ats,easy,Vertex Consulting,,,UX Designer,,
JOB-00834,job_search,application_notification,application_submitted,Thanks for applying to Horizon Labs,We appreciate your interest in the Machine Learning Engineer opportunity. Your application is now with our recruitment team. You do not need to take any further action at this time.,semi_automated,ats,easy,Horizon Labs,,,Machine Learning Engineer,,
JOB-00835,job_search,acceptance_progression,other_progression,We'd like to move forward,Thank you for speaking with us. The team enjoyed learning about your experience and would like to continue the conversation. We would like to arrange the next interview with you.,semi_automated,hr,easy,,,,,,
JOB-00836,job_search,acceptance_progression,offer,Interview invitation — Product Manager,We have reviewed your application for the Product Manager position at Redwood Solutions and would like to invite you to the next stage of the process. Please use https://example.test/schedule to select a convenient time.,automated,recruiter,hard,Redwood Solutions,,,Product Manager,,https://example.test/schedule
JOB-00837,job_search,application_notification,application_submitted,More opportunities for you,"Thank you for applying for Frontend Developer. While your application is being reviewed, you may also be interested in other roles that match your profile at Atlas Software.",human,hiring_manager,easy,Atlas Software,,,Frontend Developer,,
JOB-00838,job_search,acceptance_progression,offer,Assessment invitation,We would like to invite you to complete the next stage of our selection process. The assessment will help the team evaluate your skills for the Product Manager role.,human,hiring_manager,medium,,,,Product Manager,,
JOB-00839,job_search,rejection,post_application_review,Update on your Customer Success Manager application,"Thank you for applying for the Customer Success Manager position at Lighthouse Cloud. After careful consideration, we have decided not to move forward with your application at this time.",automated,ats,easy,Lighthouse Cloud,,,Customer Success Manager,,
JOB-00840,job_search,rejection,post_interview,Recruitment update,"We were impressed by your background and appreciated the opportunity to learn more about you. At this stage, however, we have chosen to take the process in a different direction.

Best regards,
Liam Evans",automated,recruiter,easy,,Liam Evans,,,,
JOB-00841,job_search,application_notification,application_received,Application received — Software Engineer,Thank you for your interest in the Software Engineer position at Vertex Consulting. We have received your application and our hiring team will review it. We will contact you if there is a suitable next step. Please note that this message is only a confirmation that we received your application.,semi_automated,hr,hard,Vertex Consulting,,,Software Engineer,,
JOB-00842,job_search,rejection,generic_automated_rejection,Update on your Customer Success Manager application,"Thank you for applying for the Customer Success Manager position at Meridian Health. After careful consideration, we have decided not to move forward with your application at this time.",automated,recruiter,hard,Meridian Health,,,Customer Success Manager,,
JOB-00843,job_search,application_notification,application_received,Your application has been submitted,Your application for Frontend Developer at Silverline Systems was successfully submitted. This confirmation does not indicate a hiring decision. We appreciate your interest and will review your information.,semi_automated,hiring_manager,easy,Silverline Systems,,,Frontend Developer,,
JOB-00844,job_search,application_notification,application_recommended_jobs,Application received — Data Analyst,Thank you for your interest in the Data Analyst position at Horizon Labs. We have received your application and our hiring team will review it. We will contact you if there is a suitable next step.,automated,hiring_manager,medium,Horizon Labs,,,Data Analyst,,
JOB-00845,job_search,rejection,post_interview,Regarding your application,"Thank you for speaking with our team about the Customer Success Manager role. Unfortunately, we will not be progressing your application to the next stage.",semi_automated,company,medium,,,,Customer Success Manager,,
JOB-00846,job_search,acceptance_progression,move_forward,Assessment invitation,We would like to invite you to complete the next stage of our selection process. The assessment will help the team evaluate your skills for the Sales Development Representative role.,human,hiring_manager,easy,,,,Sales Development Representative,,
JOB-00847,job_search,application_notification,thank_you_for_applying,Application received — Frontend Developer,Thank you for your interest in the Frontend Developer position at Aurora Mobility. We have received your application and our hiring team will review it. We will contact you if there is a suitable next step. Please note that this message is only a confirmation that we received your application.,automated,hiring_manager,medium,Aurora Mobility,,,Frontend Developer,,
JOB-00848,job_search,acceptance_progression,second_interview,Assessment invitation,"We would like to invite you to complete the next stage of our selection process. The assessment will help the team evaluate your skills for the Content Strategist role.

Best regards,
Robin Garcia",human,hiring_manager,medium,,Robin Garcia,,Content Strategist,,
JOB-00849,job_search,acceptance_progression,second_interview,Assessment invitation,"We would like to invite you to complete the next stage of our selection process. The assessment will help the team evaluate your skills for the Business Analyst role.

Best regards,
Taylor Chen",automated,recruiter,adversarial,,Taylor Chen,,Business Analyst,,
JOB-00850,job_search,application_notification,application_status_update,More opportunities for you,"Thank you for applying for DevOps Engineer. While your application is being reviewed, you may also be interested in other roles that match your profile at BrightPath Energy.",automated,company,medium,BrightPath Energy,,,DevOps Engineer,,
JOB-00851,job_search,application_notification,thank_you_for_applying,Application status update,Your application for Marketing Manager is currently under review. We are assessing applications against the requirements of the role and will provide an update when the review is complete.,human,company,medium,,,,Marketing Manager,,
JOB-00852,job_search,rejection,other_candidates,Update on your Frontend Developer application,"Thank you for applying for the Frontend Developer position at Silverline Systems. After careful consideration, we have decided not to move forward with your application at this time.",human,ats,hard,Silverline Systems,,,Frontend Developer,,
JOB-00853,job_search,application_notification,application_received,Your application has been submitted,Your application for Software Engineer at Silverline Systems was successfully submitted. This confirmation does not indicate a hiring decision. We appreciate your interest and will review your information. Please note that this message is only a confirmation that we received your application.,human,company,easy,Silverline Systems,,,Software Engineer,,
JOB-00854,job_search,rejection,other_candidates,Your application with Horizon Labs,We appreciate the time you invested in the recruitment process. We have decided to continue with other candidates whose experience more closely matches the current requirements.,automated,recruiter,easy,Horizon Labs,,,,,
JOB-00855,job_search,application_notification,application_received,Application received — Project Coordinator,Thank you for your interest in the Project Coordinator position at Summit Retail. We have received your application and our hiring team will review it. We will contact you if there is a suitable next step.,automated,company,hard,Summit Retail,,,Project Coordinator,,
JOB-00856,job_search,application_notification,application_under_review,Application status update,Your application for DevOps Engineer is currently under review. We are assessing applications against the requirements of the role and will provide an update when the review is complete.,semi_automated,recruiter,easy,,,,DevOps Engineer,,
JOB-00857,job_search,acceptance_progression,offer,We'd like to move forward,Thank you for speaking with us. The team enjoyed learning about your experience and would like to continue the conversation. We would like to arrange the next interview with you.,automated,company,easy,,,,,,
JOB-00858,job_search,rejection,position_related,Recruitment update,"We were impressed by your background and appreciated the opportunity to learn more about you. At this stage, however, we have chosen to take the process in a different direction.",semi_automated,company,easy,,,,,,
JOB-00859,job_search,acceptance_progression,first_interview,Offer from Cedar Digital,"We are pleased to offer you the Marketing Manager position. The offer details, proposed start date, and terms are available in the candidate portal at https://example.test/offer.",automated,hiring_manager,medium,Cedar Digital,,,Marketing Manager,,https://example.test/offer.
JOB-00860,job_search,application_notification,application_under_review,More opportunities for you,"Thank you for applying for Frontend Developer. While your application is being reviewed, you may also be interested in other roles that match your profile at Aurora Mobility.

Best regards,
Jamie Johnson",human,recruiter,easy,Aurora Mobility,Jamie Johnson,,Frontend Developer,,
JOB-00861,job_search,rejection,post_interview,Regarding your application,"Thank you for speaking with our team about the UX Designer role. Unfortunately, we will not be progressing your application to the next stage.",automated,hiring_manager,easy,,,,UX Designer,,
JOB-00862,job_search,application_notification,application_received,Application status update,Your application for Business Analyst is currently under review. We are assessing applications against the requirements of the role and will provide an update when the review is complete.,automated,ats,easy,,,,Business Analyst,,
JOB-00863,job_search,rejection,other_candidates,Recruitment update,"We were impressed by your background and appreciated the opportunity to learn more about you. At this stage, however, we have chosen to take the process in a different direction.

Best regards,
Maya Clark",semi_automated,hiring_manager,hard,,Maya Clark,,,,
JOB-00864,job_search,acceptance_progression,first_interview,Interview invitation — Content Strategist,We have reviewed your application for the Content Strategist position at BrightPath Energy and would like to invite you to the next stage of the process. Please use https://example.test/schedule to select a convenient time.,automated,hr,medium,BrightPath Energy,,,Content Strategist,,https://example.test/schedule
JOB-00865,job_search,acceptance_progression,availability_request,Offer from Redwood Solutions,"We are pleased to offer you the Customer Success Manager position. The offer details, proposed start date, and terms are available in the candidate portal at https://example.test/offer.",automated,hr,adversarial,Redwood Solutions,,,Customer Success Manager,,https://example.test/offer.
JOB-00866,job_search,application_notification,application_status_update,More opportunities for you,"Thank you for applying for Data Analyst. While your application is being reviewed, you may also be interested in other roles that match your profile at Lighthouse Cloud.",automated,recruiter,medium,Lighthouse Cloud,,,Data Analyst,,
JOB-00867,job_search,application_notification,application_recommended_jobs,Thanks for applying to Summit Retail,We appreciate your interest in the Product Manager opportunity. Your application is now with our recruitment team. You do not need to take any further action at this time.,human,ats,easy,Summit Retail,,,Product Manager,,
JOB-00868,job_search,application_notification,application_under_review,Application status update,Your application for DevOps Engineer is currently under review. We are assessing applications against the requirements of the role and will provide an update when the review is complete.,automated,hiring_manager,hard,,,,DevOps Engineer,,
JOB-00869,job_search,application_notification,application_submitted,Thanks for applying to Meridian Health,We appreciate your interest in the DevOps Engineer opportunity. Your application is now with our recruitment team. You do not need to take any further action at this time.,human,hr,medium,Meridian Health,,,DevOps Engineer,,
JOB-00870,job_search,rejection,personalized_recruiter,Regarding your application,"Thank you for speaking with our team about the Content Strategist role. Unfortunately, we will not be progressing your application to the next stage.",human,company,medium,,,,Content Strategist,,
JOB-00871,job_search,application_notification,application_submitted,Thanks for applying to Vertex Consulting,We appreciate your interest in the Financial Analyst opportunity. Your application is now with our recruitment team. You do not need to take any further action at this time.,automated,ats,hard,Vertex Consulting,,,Financial Analyst,,
JOB-00872,job_search,acceptance_progression,availability_request,Interview invitation — Frontend Developer,We have reviewed your application for the Frontend Developer position at Meridian Health and would like to invite you to the next stage of the process. Please use https://example.test/schedule to select a convenient time.,human,ats,adversarial,Meridian Health,,,Frontend Developer,,https://example.test/schedule
JOB-00873,job_search,rejection,other_candidates,Update on your Software Engineer application,"Thank you for applying for the Software Engineer position at Redwood Solutions. After careful consideration, we have decided not to move forward with your application at this time.",human,hiring_manager,hard,Redwood Solutions,,,Software Engineer,,
JOB-00874,job_search,application_notification,application_received,Thanks for applying to Horizon Labs,We appreciate your interest in the Project Coordinator opportunity. Your application is now with our recruitment team. You do not need to take any further action at this time.,semi_automated,recruiter,adversarial,Horizon Labs,,,Project Coordinator,,
JOB-00875,job_search,acceptance_progression,availability_request,Assessment invitation,We would like to invite you to complete the next stage of our selection process. The assessment will help the team evaluate your skills for the Project Coordinator role.,semi_automated,company,adversarial,,,,Project Coordinator,,
JOB-00876,job_search,acceptance_progression,first_interview,Next step in your application,We are pleased to let you know that your application has progressed to the next stage. Please provide your availability for an interview with the hiring team.,human,hr,medium,,,,,,
JOB-00877,job_search,application_notification,application_submitted,Application status update,Your application for Software Engineer is currently under review. We are assessing applications against the requirements of the role and will provide an update when the review is complete.,human,hr,medium,,,,Software Engineer,,
JOB-00878,job_search,application_notification,thank_you_for_applying,Application received — Customer Success Manager,Thank you for your interest in the Customer Success Manager position at Cedar Digital. We have received your application and our hiring team will review it. We will contact you if there is a suitable next step.,automated,hr,easy,Cedar Digital,,,Customer Success Manager,,
JOB-00879,job_search,acceptance_progression,other_progression,Interview invitation — Project Coordinator,We have reviewed your application for the Project Coordinator position at BrightPath Energy and would like to invite you to the next stage of the process. Please use https://example.test/schedule to select a convenient time.,automated,company,hard,BrightPath Energy,,,Project Coordinator,,https://example.test/schedule
JOB-00880,job_search,rejection,other_candidates,Update on your Operations Specialist application,"Thank you for applying for the Operations Specialist position at BluePeak Analytics. After careful consideration, we have decided not to move forward with your application at this time.",human,hiring_manager,medium,BluePeak Analytics,,,Operations Specialist,,
JOB-00881,job_search,application_notification,thank_you_for_applying,Application received — UX Designer,Thank you for your interest in the UX Designer position at Summit Retail. We have received your application and our hiring team will review it. We will contact you if there is a suitable next step.,semi_automated,ats,medium,Summit Retail,,,UX Designer,,
JOB-00882,job_search,application_notification,application_under_review,Thanks for applying to Vertex Consulting,We appreciate your interest in the Project Coordinator opportunity. Your application is now with our recruitment team. You do not need to take any further action at this time.,automated,hiring_manager,medium,Vertex Consulting,,,Project Coordinator,,
JOB-00883,job_search,acceptance_progression,move_forward,Next step in your application,We are pleased to let you know that your application has progressed to the next stage. Please provide your availability for an interview with the hiring team.,semi_automated,ats,medium,,,,,,
JOB-00884,job_search,application_notification,application_received,Application received — Sales Development Representative,Thank you for your interest in the Sales Development Representative position at Meridian Health. We have received your application and our hiring team will review it. We will contact you if there is a suitable next step.,human,recruiter,easy,Meridian Health,,,Sales Development Representative,,
JOB-00885,job_search,rejection,generic_automated_rejection,Your application with Redwood Solutions,We appreciate the time you invested in the recruitment process. We have decided to continue with other candidates whose experience more closely matches the current requirements.,human,company,adversarial,Redwood Solutions,,,,,
JOB-00886,job_search,acceptance_progression,offer,Assessment invitation,We would like to invite you to complete the next stage of our selection process. The assessment will help the team evaluate your skills for the Product Manager role.,automated,recruiter,medium,,,,Product Manager,,
JOB-00887,job_search,application_notification,thank_you_for_applying,Application received — Data Analyst,"Thank you for your interest in the Data Analyst position at Northstar Technologies. We have received your application and our hiring team will review it. We will contact you if there is a suitable next step.

Best regards,
Noah Brown",automated,company,hard,Northstar Technologies,Noah Brown,,Data Analyst,,
JOB-00888,job_search,application_notification,application_status_update,Thanks for applying to Atlas Software,We appreciate your interest in the Machine Learning Engineer opportunity. Your application is now with our recruitment team. You do not need to take any further action at this time. Please note that this message is only a confirmation that we received your application.,semi_automated,ats,easy,Atlas Software,,,Machine Learning Engineer,,
JOB-00889,job_search,rejection,post_application_review,Update on your Content Strategist application,"Thank you for applying for the Content Strategist position at BluePeak Analytics. After careful consideration, we have decided not to move forward with your application at this time.",semi_automated,company,adversarial,BluePeak Analytics,,,Content Strategist,,
JOB-00890,job_search,application_notification,application_status_update,More opportunities for you,"Thank you for applying for Product Manager. While your application is being reviewed, you may also be interested in other roles that match your profile at Lighthouse Cloud.",human,recruiter,easy,Lighthouse Cloud,,,Product Manager,,
JOB-00891,job_search,application_notification,application_status_update,Application status update,Your application for Financial Analyst is currently under review. We are assessing applications against the requirements of the role and will provide an update when the review is complete.,semi_automated,hiring_manager,hard,,,,Financial Analyst,,
JOB-00892,job_search,acceptance_progression,offer,Next step in your application,"Hello Sarah,

We are pleased to let you know that your application has progressed to the next stage. Please provide your availability for an interview with the hiring team.

The interview team is based in Berlin.",semi_automated,hr,medium,,,Berlin,,,
JOB-00893,job_search,rejection,generic_automated_rejection,Update on your Project Coordinator application,"Thank you for applying for the Project Coordinator position at Silverline Systems. After careful consideration, we have will not be progressing with your application at this time.",automated,company,medium,Silverline Systems,,,Project Coordinator,,
JOB-00894,job_search,rejection,post_final_interview,Your application with Horizon Labs,We appreciate the time you invested in the recruitment process. We have decided to continue with other candidates whose experience more closely matches the current requirements.,semi_automated,hiring_manager,hard,Horizon Labs,,,,,
JOB-00895,job_search,application_notification,thank_you_for_applying,Your application has been submitted,Your application for Content Strategist at Redwood Solutions was successfully submitted. This confirmation does not indicate a hiring decision. We appreciate your interest and will review your information.,automated,ats,medium,Redwood Solutions,,,Content Strategist,,
JOB-00896,job_search,application_notification,application_received,Application received — Frontend Developer,Thank you for your interest in the Frontend Developer position at BrightPath Energy. We have received your application and our hiring team will review it. We will contact you if there is a suitable next step.,human,recruiter,hard,BrightPath Energy,,,Frontend Developer,,
JOB-00897,job_search,acceptance_progression,first_interview,Interview invitation — Business Analyst,We have reviewed your application for the Business Analyst position at Meridian Health and would like to invite you to the next stage of the process. Please use https://example.test/schedule to select a convenient time.,semi_automated,recruiter,medium,Meridian Health,,,Business Analyst,,https://example.test/schedule
JOB-00898,job_search,application_notification,application_received,Your application has been submitted,"Your application for Project Coordinator at BluePeak Analytics was successfully submitted. This confirmation does not indicate a hiring decision. We appreciate your interest and will review your information.

Best regards,
Dana Turner",automated,hiring_manager,hard,BluePeak Analytics,Dana Turner,,Project Coordinator,,
JOB-00899,job_search,acceptance_progression,first_interview,Interview invitation — UX Designer,"Hello Dana,

We have reviewed your application for the UX Designer position at Lighthouse Cloud and would like to invite you to the next stage of the process. Please use https://example.test/schedule to select a convenient time.

The interview team is based in Oslo.",automated,hiring_manager,medium,Lighthouse Cloud,,Oslo,UX Designer,,https://example.test/schedule
JOB-00900,job_search,acceptance_progression,assessment,Assessment invitation,"Hello Morgan,

We would like to invite you to complete the next stage of our selection process. The assessment will help the team evaluate your skills for the Content Strategist role.

The interview team is based in London.

Best regards,
Morgan Turner",semi_automated,company,medium,,Morgan Turner,London,Content Strategist,,
JOB-00901,job_search,rejection,generic_automated_rejection,Recruitment update,"We were impressed by your background and appreciated the opportunity to learn more about you. At this stage, however, we have chosen to take the process in a different direction.",semi_automated,company,medium,,,,,,
JOB-00902,job_search,acceptance_progression,first_interview,We'd like to move forward,"Hello Maya,

Thank you for speaking with us. The team enjoyed learning about your experience and would like to continue the conversation. We would like to arrange the next interview with you.

The interview team is based in Copenhagen.",human,hiring_manager,medium,,,Copenhagen,,,
JOB-00903,job_search,acceptance_progression,second_interview,Offer from Cedar Digital,"We are pleased to offer you the Sales Development Representative position. The offer details, proposed start date, and terms are available in the candidate portal at https://example.test/offer.",automated,company,medium,Cedar Digital,,,Sales Development Representative,,https://example.test/offer.
JOB-00904,job_search,rejection,post_interview,Recruitment update,"We were impressed by your background and appreciated the opportunity to learn more about you. At this stage, however, we have chosen to take the process in a different direction.",automated,hiring_manager,hard,,,,,,
JOB-00905,job_search,rejection,personalized_recruiter,Your application with Summit Retail,We appreciate the time you invested in the recruitment process. We have decided to continue with other candidates whose experience more closely matches the current requirements.,automated,ats,easy,Summit Retail,,,,,
JOB-00906,job_search,application_notification,application_under_review,More opportunities for you,"Thank you for applying for Product Manager. While your application is being reviewed, you may also be interested in other roles that match your profile at Aurora Mobility.",semi_automated,ats,easy,Aurora Mobility,,,Product Manager,,
JOB-00907,job_search,acceptance_progression,offer,Offer from Cedar Digital,"We are pleased to offer you the Project Coordinator position. The offer details, proposed start date, and terms are available in the candidate portal at https://example.test/offer.",semi_automated,hiring_manager,medium,Cedar Digital,,,Project Coordinator,,https://example.test/offer.
JOB-00908,job_search,acceptance_progression,offer,We'd like to move forward,Thank you for speaking with us. The team enjoyed learning about your experience and would like to continue the conversation. We would like to arrange the next interview with you.,automated,hr,easy,,,,,,
JOB-00909,job_search,acceptance_progression,recruiter_screen,Next step in your application,We are pleased to let you know that your application has progressed to the next stage. Please provide your availability for an interview with the hiring team.,semi_automated,hiring_manager,easy,,,,,,
JOB-00910,job_search,rejection,generic_automated_rejection,Regarding your application,"Thank you for speaking with our team about the DevOps Engineer role. Unfortunately, we will not be progressing your application to the next stage.

Best regards,
Taylor Davis",semi_automated,hiring_manager,easy,,Taylor Davis,,DevOps Engineer,,
JOB-00911,job_search,application_notification,application_recommended_jobs,Application status update,Your application for Data Analyst is currently under review. We are assessing applications against the requirements of the role and will provide an update when the review is complete.,automated,hiring_manager,adversarial,,,,Data Analyst,,
JOB-00912,job_search,application_notification,application_submitted,Your application has been submitted,Your application for Project Coordinator at Oakridge Financial was successfully submitted. This confirmation does not indicate a hiring decision. We appreciate your interest and will review your information.,semi_automated,recruiter,easy,Oakridge Financial,,,Project Coordinator,,
JOB-00913,job_search,rejection,other_candidates,Your application with Horizon Labs,We appreciate the time you invested in the recruitment process. We have decided to continue with other candidates whose experience more closely matches the current requirements.,automated,company,adversarial,Horizon Labs,,,,,
JOB-00914,job_search,acceptance_progression,final_interview,We'd like to move forward,Thank you for speaking with us. The team enjoyed learning about your experience and would like to continue the conversation. We would like to arrange the next interview with you.,semi_automated,recruiter,medium,,,,,,
JOB-00915,job_search,rejection,generic_automated_rejection,Update on your Frontend Developer application,"Thank you for applying for the Frontend Developer position at Atlas Software. After careful consideration, we have will not be progressing with your application at this time.",human,company,hard,Atlas Software,,,Frontend Developer,,
JOB-00916,job_search,application_notification,application_status_update,Thanks for applying to Lighthouse Cloud,We appreciate your interest in the DevOps Engineer opportunity. Your application is now with our recruitment team. You do not need to take any further action at this time. Please note that this message is only a confirmation that we received your application.,semi_automated,ats,medium,Lighthouse Cloud,,,DevOps Engineer,,
JOB-00917,job_search,acceptance_progression,offer,Interview invitation — DevOps Engineer,"We have reviewed your application for the DevOps Engineer position at BluePeak Analytics and would like to invite you to the next stage of the process. Please use https://example.test/schedule to select a convenient time.

Best regards,
Daniel Garcia",automated,recruiter,medium,BluePeak Analytics,Daniel Garcia,,DevOps Engineer,,https://example.test/schedule
JOB-00918,job_search,application_notification,application_submitted,More opportunities for you,"Thank you for applying for Frontend Developer. While your application is being reviewed, you may also be interested in other roles that match your profile at Summit Retail.",semi_automated,company,easy,Summit Retail,,,Frontend Developer,,
JOB-00919,job_search,acceptance_progression,recruiter_screen,We'd like to move forward,"Thank you for speaking with us. The team enjoyed learning about your experience and would like to continue the conversation. We would like to arrange the next interview with you.

Best regards,
Emma Evans",automated,hr,medium,,Emma Evans,,,,
JOB-00920,job_search,rejection,post_application_review,Regarding your application,"Thank you for speaking with our team about the DevOps Engineer role. Unfortunately, we will not be progressing your application to the next stage.",semi_automated,ats,medium,,,,DevOps Engineer,,
JOB-00921,job_search,acceptance_progression,availability_request,Interview invitation — Content Strategist,We have reviewed your application for the Content Strategist position at Northstar Technologies and would like to invite you to the next stage of the process. Please use https://example.test/schedule to select a convenient time.,semi_automated,company,medium,Northstar Technologies,,,Content Strategist,,https://example.test/schedule
JOB-00922,job_search,rejection,position_related,Regarding your application,"Thank you for speaking with our team about the Marketing Manager role. Unfortunately, we will not be progressing your application to the next stage.",semi_automated,hiring_manager,easy,,,,Marketing Manager,,
JOB-00923,job_search,acceptance_progression,move_forward,We'd like to move forward,Thank you for speaking with us. The team enjoyed learning about your experience and would like to continue the conversation. We would like to arrange the next interview with you.,human,hr,medium,,,,,,
JOB-00924,job_search,application_notification,application_submitted,More opportunities for you,"Thank you for applying for Data Analyst. While your application is being reviewed, you may also be interested in other roles that match your profile at Meridian Health.",semi_automated,hr,easy,Meridian Health,,,Data Analyst,,
JOB-00925,job_search,acceptance_progression,other_progression,Next step in your application,"Hello Chris,

We are pleased to let you know that your application has progressed to the next stage. Please provide your availability for an interview with the hiring team.

The interview team is based in Berlin.",automated,recruiter,easy,,,Berlin,,,
JOB-00926,job_search,application_notification,application_status_update,More opportunities for you,"Thank you for applying for Operations Specialist. While your application is being reviewed, you may also be interested in other roles that match your profile at Pinecrest Media.

Best regards,
Jamie Berg",human,recruiter,medium,Pinecrest Media,Jamie Berg,,Operations Specialist,,
JOB-00927,job_search,acceptance_progression,move_forward,We'd like to move forward,Thank you for speaking with us. The team enjoyed learning about your experience and would like to continue the conversation. We would like to arrange the next interview with you.,human,company,easy,,,,,,
JOB-00928,job_search,rejection,generic_automated_rejection,Update on your Operations Specialist application,"Thank you for applying for the Operations Specialist position at BluePeak Analytics. After careful consideration, we have decided not to move forward with your application at this time.",automated,hiring_manager,hard,BluePeak Analytics,,,Operations Specialist,,
JOB-00929,job_search,rejection,position_related,Your application with Pinecrest Media,We appreciate the time you invested in the recruitment process. We have decided to continue with other candidates whose experience more closely matches the current requirements.,automated,hr,hard,Pinecrest Media,,,,,
JOB-00930,job_search,application_notification,application_received,More opportunities for you,"Thank you for applying for Content Strategist. While your application is being reviewed, you may also be interested in other roles that match your profile at Horizon Labs.",automated,hr,medium,Horizon Labs,,,Content Strategist,,
JOB-00931,job_search,rejection,post_final_interview,Application outcome,The review for the Frontend Developer position is now complete. We will be moving forward with another candidate. Thank you for your interest in Lighthouse Cloud.,human,company,easy,Lighthouse Cloud,,,Frontend Developer,,
JOB-00932,job_search,rejection,generic_automated_rejection,Regarding your application,"Thank you for speaking with our team about the Business Analyst role. Unfortunately, we will not be progressing your application to the next stage.",human,company,easy,,,,Business Analyst,,
JOB-00933,job_search,rejection,different_direction,Regarding your application,"Thank you for speaking with our team about the Business Analyst role. Unfortunately, we will not be progressing your application to the next stage.",automated,recruiter,easy,,,,Business Analyst,,
JOB-00934,job_search,acceptance_progression,second_interview,We'd like to move forward,"Hello Maya,

Thank you for speaking with us. The team enjoyed learning about your experience and would like to continue the conversation. We would like to arrange the next interview with you.

The interview team is based in Amsterdam.",human,hiring_manager,medium,,,Amsterdam,,,
JOB-00935,job_search,rejection,generic_automated_rejection,Recruitment update,"We were impressed by your background and appreciated the opportunity to learn more about you. At this stage, however, we have chosen to take the process in a different direction.",semi_automated,hiring_manager,hard,,,,,,
JOB-00936,job_search,application_notification,application_submitted,Application received — Data Analyst,Thank you for your interest in the Data Analyst position at BrightPath Energy. We have received your application and our hiring team will review it. We will contact you if there is a suitable next step. Please note that this message is only a confirmation that we received your application.,automated,hiring_manager,medium,BrightPath Energy,,,Data Analyst,,
JOB-00937,job_search,acceptance_progression,first_interview,Offer from Meridian Health,"We are pleased to offer you the Financial Analyst position. The offer details, proposed start date, and terms are available in the candidate portal at https://example.test/offer.",automated,hiring_manager,medium,Meridian Health,,,Financial Analyst,,https://example.test/offer.
JOB-00938,job_search,acceptance_progression,assessment,We'd like to move forward,Thank you for speaking with us. The team enjoyed learning about your experience and would like to continue the conversation. We would like to arrange the next interview with you.,semi_automated,ats,medium,,,,,,
JOB-00939,job_search,rejection,other_candidates,Update on your Content Strategist application,"Thank you for applying for the Content Strategist position at BluePeak Analytics. After careful consideration, we have decided not to move forward with your application at this time.",human,ats,medium,BluePeak Analytics,,,Content Strategist,,
JOB-00940,job_search,rejection,post_interview,Application outcome,The review for the UX Designer position is now complete. We will be moving forward with another candidate. Thank you for your interest in Aurora Mobility.,human,recruiter,medium,Aurora Mobility,,,UX Designer,,
JOB-00941,job_search,application_notification,application_recommended_jobs,Application received — Product Manager,Thank you for your interest in the Product Manager position at Northstar Technologies. We have received your application and our hiring team will review it. We will contact you if there is a suitable next step.,human,ats,hard,Northstar Technologies,,,Product Manager,,
JOB-00942,job_search,acceptance_progression,second_interview,Interview invitation — Content Strategist,"Hello Sarah,

We have reviewed your application for the Content Strategist position at BluePeak Analytics and would like to invite you to the next stage of the process. Please use https://example.test/schedule to select a convenient time.

The interview team is based in Berlin.",human,ats,easy,BluePeak Analytics,,Berlin,Content Strategist,,https://example.test/schedule
JOB-00943,job_search,rejection,personalized_recruiter,Update on your Sales Development Representative application,"Thank you for applying for the Sales Development Representative position at Aurora Mobility. After careful consideration, we have decided not to move forward with your application at this time.",automated,hiring_manager,medium,Aurora Mobility,,,Sales Development Representative,,
JOB-00944,job_search,rejection,post_interview,Recruitment update,"We were impressed by your background and appreciated the opportunity to learn more about you. At this stage, however, we have chosen to take the process in a different direction.

Best regards,
Morgan Patel",semi_automated,company,medium,,Morgan Patel,,,,
JOB-00945,job_search,application_notification,thank_you_for_applying,More opportunities for you,"Thank you for applying for Sales Development Representative. While your application is being reviewed, you may also be interested in other roles that match your profile at Summit Retail. Please note that this message is only a confirmation that we received your application.",automated,company,hard,Summit Retail,,,Sales Development Representative,,
JOB-00946,job_search,rejection,post_application_review,Update on your Financial Analyst application,"Thank you for applying for the Financial Analyst position at Northstar Technologies. After careful consideration, we have will not be progressing with your application at this time.",human,recruiter,medium,Northstar Technologies,,,Financial Analyst,,
JOB-00947,job_search,application_notification,thank_you_for_applying,Application received — Project Coordinator,"Thank you for your interest in the Project Coordinator position at Summit Retail. We have received your application and our hiring team will review it. We will contact you if there is a suitable next step. Please note that this message is only a confirmation that we received your application.

Best regards,
Olivia Patel",automated,ats,medium,Summit Retail,Olivia Patel,,Project Coordinator,,
JOB-00948,job_search,acceptance_progression,offer,Next step in your application,"Hello Olivia,

We are pleased to let you know that your application has progressed to the next stage. Please provide your availability for an interview with the hiring team.

The interview team is based in Munich.

Best regards,
Olivia Khan",automated,recruiter,easy,,Olivia Khan,Munich,,,
JOB-00949,job_search,rejection,post_application_review,Your application with Summit Retail,We appreciate the time you invested in the recruitment process. We have decided to continue with other candidates whose experience more closely matches the current requirements.,automated,ats,hard,Summit Retail,,,,,
JOB-00950,job_search,rejection,post_interview,Regarding your application,"Thank you for speaking with our team about the Product Manager role. Unfortunately, we will not be progressing your application to the next stage.",human,recruiter,easy,,,,Product Manager,,
JOB-00951,job_search,rejection,different_direction,Recruitment update,"We were impressed by your background and appreciated the opportunity to learn more about you. At this stage, however, we have chosen to take the process in a different direction.",automated,recruiter,hard,,,,,,
JOB-00952,job_search,rejection,generic_automated_rejection,Recruitment update,"We were impressed by your background and appreciated the opportunity to learn more about you. At this stage, however, we have chosen to take the process in a different direction.",automated,ats,hard,,,,,,
JOB-00953,job_search,acceptance_progression,final_interview,Next step in your application,We are pleased to let you know that your application has progressed to the next stage. Please provide your availability for an interview with the hiring team.,semi_automated,hr,medium,,,,,,
JOB-00954,job_search,rejection,other_candidates,Application outcome,The review for the Project Coordinator position is now complete. We will be moving forward with another candidate. Thank you for your interest in Pinecrest Media.,human,company,easy,Pinecrest Media,,,Project Coordinator,,
JOB-00955,job_search,acceptance_progression,direct_acceptance,Interview invitation — Sales Development Representative,"Hello Robin,

We have reviewed your application for the Sales Development Representative position at Northstar Technologies and would like to invite you to the next stage of the process. Please use https://example.test/schedule to select a convenient time.

The interview team is based in Munich.",semi_automated,recruiter,easy,Northstar Technologies,,Munich,Sales Development Representative,,https://example.test/schedule
JOB-00956,job_search,rejection,post_final_interview,Recruitment update,"We were impressed by your background and appreciated the opportunity to learn more about you. At this stage, however, we have chosen to take the process in a different direction.",human,ats,medium,,,,,,
JOB-00957,job_search,acceptance_progression,offer,Assessment invitation,We would like to invite you to complete the next stage of our selection process. The assessment will help the team evaluate your skills for the Business Analyst role.,automated,ats,easy,,,,Business Analyst,,
JOB-00958,job_search,acceptance_progression,assessment,Offer from Summit Retail,"We are pleased to offer you the UX Designer position. The offer details, proposed start date, and terms are available in the candidate portal at https://example.test/offer.",semi_automated,hiring_manager,medium,Summit Retail,,,UX Designer,,https://example.test/offer.
JOB-00959,job_search,application_notification,application_submitted,Application received — Sales Development Representative,Thank you for your interest in the Sales Development Representative position at Aurora Mobility. We have received your application and our hiring team will review it. We will contact you if there is a suitable next step.,semi_automated,hiring_manager,medium,Aurora Mobility,,,Sales Development Representative,,
JOB-00960,job_search,acceptance_progression,second_interview,We'd like to move forward,Thank you for speaking with us. The team enjoyed learning about your experience and would like to continue the conversation. We would like to arrange the next interview with you.,automated,company,medium,,,,,,
JOB-00961,job_search,application_notification,application_submitted,Application status update,Your application for DevOps Engineer is currently under review. We are assessing applications against the requirements of the role and will provide an update when the review is complete. Please note that this message is only a confirmation that we received your application.,automated,ats,adversarial,,,,DevOps Engineer,,
JOB-00962,job_search,application_notification,application_received,Your application has been submitted,Your application for Business Analyst at Atlas Software was successfully submitted. This confirmation does not indicate a hiring decision. We appreciate your interest and will review your information. Please note that this message is only a confirmation that we received your application.,human,ats,medium,Atlas Software,,,Business Analyst,,
JOB-00963,job_search,acceptance_progression,second_interview,Next step in your application,We are pleased to let you know that your application has progressed to the next stage. Please provide your availability for an interview with the hiring team.,semi_automated,hiring_manager,medium,,,,,,
JOB-00964,job_search,application_notification,other_application_system,Your application has been submitted,Your application for Data Analyst at Redwood Solutions was successfully submitted. This confirmation does not indicate a hiring decision. We appreciate your interest and will review your information.,automated,company,easy,Redwood Solutions,,,Data Analyst,,
JOB-00965,job_search,rejection,generic_automated_rejection,Regarding your application,"Thank you for speaking with our team about the Marketing Manager role. Unfortunately, we will not be progressing your application to the next stage.

Best regards,
Noah Larsson",automated,company,medium,,Noah Larsson,,Marketing Manager,,
JOB-00966,job_search,acceptance_progression,first_interview,Next step in your application,We are pleased to let you know that your application has progressed to the next stage. Please provide your availability for an interview with the hiring team.,semi_automated,ats,easy,,,,,,
JOB-00967,job_search,acceptance_progression,first_interview,Next step in your application,We are pleased to let you know that your application has progressed to the next stage. Please provide your availability for an interview with the hiring team.,automated,company,hard,,,,,,
JOB-00968,job_search,application_notification,application_under_review,More opportunities for you,"Thank you for applying for Sales Development Representative. While your application is being reviewed, you may also be interested in other roles that match your profile at Atlas Software.",automated,company,medium,Atlas Software,,,Sales Development Representative,,
JOB-00969,job_search,acceptance_progression,offer,We'd like to move forward,Thank you for speaking with us. The team enjoyed learning about your experience and would like to continue the conversation. We would like to arrange the next interview with you.,automated,recruiter,medium,,,,,,
JOB-00970,job_search,application_notification,application_status_update,Application received — Project Coordinator,Thank you for your interest in the Project Coordinator position at Vertex Consulting. We have received your application and our hiring team will review it. We will contact you if there is a suitable next step.,automated,hr,medium,Vertex Consulting,,,Project Coordinator,,
JOB-00971,job_search,application_notification,application_received,Application status update,Your application for Software Engineer is currently under review. We are assessing applications against the requirements of the role and will provide an update when the review is complete.,semi_automated,hiring_manager,easy,,,,Software Engineer,,
JOB-00972,job_search,rejection,other_candidates,Your application with Horizon Labs,We appreciate the time you invested in the recruitment process. We have decided to continue with other candidates whose experience more closely matches the current requirements.,automated,hr,medium,Horizon Labs,,,,,
JOB-00973,job_search,rejection,generic_automated_rejection,Recruitment update,"We were impressed by your background and appreciated the opportunity to learn more about you. At this stage, however, we have chosen to take the process in a different direction.

Best regards,
Jordan Larsson",human,recruiter,medium,,Jordan Larsson,,,,
JOB-00974,job_search,rejection,generic_automated_rejection,Recruitment update,"We were impressed by your background and appreciated the opportunity to learn more about you. At this stage, however, we have chosen to take the process in a different direction.",automated,ats,adversarial,,,,,,
JOB-00975,job_search,acceptance_progression,final_interview,We'd like to move forward,"Thank you for speaking with us. The team enjoyed learning about your experience and would like to continue the conversation. We would like to arrange the next interview with you.

Best regards,
Casey Miller",human,ats,hard,,Casey Miller,,,,
JOB-00976,job_search,application_notification,thank_you_for_applying,Your application has been submitted,"Your application for Sales Development Representative at Atlas Software was successfully submitted. This confirmation does not indicate a hiring decision. We appreciate your interest and will review your information.

Best regards,
Sofia Patel",automated,hiring_manager,hard,Atlas Software,Sofia Patel,,Sales Development Representative,,
JOB-00977,job_search,application_notification,application_received,Your application has been submitted,Your application for Machine Learning Engineer at Oakridge Financial was successfully submitted. This confirmation does not indicate a hiring decision. We appreciate your interest and will review your information. Please note that this message is only a confirmation that we received your application.,automated,ats,medium,Oakridge Financial,,,Machine Learning Engineer,,
JOB-00978,job_search,acceptance_progression,move_forward,Offer from Silverline Systems,"We are pleased to offer you the Content Strategist position. The offer details, proposed start date, and terms are available in the candidate portal at https://example.test/offer.",automated,hr,medium,Silverline Systems,,,Content Strategist,,https://example.test/offer.
JOB-00979,job_search,rejection,post_interview,Regarding your application,"Thank you for speaking with our team about the Business Analyst role. Unfortunately, we will not be progressing your application to the next stage.",human,hr,easy,,,,Business Analyst,,
JOB-00980,job_search,rejection,other_candidates,Regarding your application,Thank you for speaking with our team about the Data Analyst role. we will not be progressing your application to the next stage.,semi_automated,company,medium,,,,Data Analyst,,
JOB-00981,job_search,rejection,post_application_review,Application outcome,The review for the Machine Learning Engineer position is now complete. We will be moving forward with another candidate. Thank you for your interest in Summit Retail.,automated,hr,medium,Summit Retail,,,Machine Learning Engineer,,
JOB-00982,job_search,rejection,post_interview,Your application with Atlas Software,We appreciate the time you invested in the recruitment process. We have decided to continue with other candidates whose experience more closely matches the current requirements.,automated,company,medium,Atlas Software,,,,,
JOB-00983,job_search,acceptance_progression,availability_request,Next step in your application,We are pleased to let you know that your application has progressed to the next stage. Please provide your availability for an interview with the hiring team.,automated,company,medium,,,,,,
JOB-00984,job_search,acceptance_progression,recruiter_screen,We'd like to move forward,"Hello Olivia,

Thank you for speaking with us. The team enjoyed learning about your experience and would like to continue the conversation. We would like to arrange the next interview with you.

The interview team is based in Paris.

Best regards,
Olivia Clark",automated,hiring_manager,easy,,Olivia Clark,Paris,,,
JOB-00985,job_search,rejection,other_candidates,Update on your Product Manager application,"Thank you for applying for the Product Manager position at Vertex Consulting. After careful consideration, we have decided not to move forward with your application at this time.",automated,recruiter,hard,Vertex Consulting,,,Product Manager,,
JOB-00986,job_search,application_notification,application_under_review,More opportunities for you,"Thank you for applying for Financial Analyst. While your application is being reviewed, you may also be interested in other roles that match your profile at Vertex Consulting. Please note that this message is only a confirmation that we received your application.",automated,ats,easy,Vertex Consulting,,,Financial Analyst,,
JOB-00987,job_search,application_notification,application_submitted,Application status update,Your application for Sales Development Representative is currently under review. We are assessing applications against the requirements of the role and will provide an update when the review is complete.,human,recruiter,hard,,,,Sales Development Representative,,
JOB-00988,job_search,rejection,post_application_review,Regarding your application,"Thank you for speaking with our team about the Financial Analyst role. Unfortunately, we will not be progressing your application to the next stage.

Best regards,
Olivia Evans",semi_automated,recruiter,easy,,Olivia Evans,,Financial Analyst,,
JOB-00989,job_search,application_notification,thank_you_for_applying,Application received — Business Analyst,Thank you for your interest in the Business Analyst position at Meridian Health. We have received your application and our hiring team will review it. We will contact you if there is a suitable next step. Please note that this message is only a confirmation that we received your application.,human,recruiter,medium,Meridian Health,,,Business Analyst,,
JOB-00990,job_search,application_notification,application_received,Application received — Frontend Developer,Thank you for your interest in the Frontend Developer position at Horizon Labs. We have received your application and our hiring team will review it. We will contact you if there is a suitable next step.,semi_automated,company,medium,Horizon Labs,,,Frontend Developer,,
JOB-00991,job_search,acceptance_progression,final_interview,Assessment invitation,We would like to invite you to complete the next stage of our selection process. The assessment will help the team evaluate your skills for the Software Engineer role.,automated,hr,easy,,,,Software Engineer,,
JOB-00992,job_search,acceptance_progression,direct_acceptance,Assessment invitation,We would like to invite you to complete the next stage of our selection process. The assessment will help the team evaluate your skills for the Project Coordinator role.,semi_automated,hr,medium,,,,Project Coordinator,,
JOB-00993,job_search,rejection,post_application_review,Application outcome,The review for the UX Designer position is now complete. We will be moving forward with another candidate. Thank you for your interest in Atlas Software.,human,ats,medium,Atlas Software,,,UX Designer,,
JOB-00994,job_search,rejection,post_interview,Update on your Marketing Manager application,"Thank you for applying for the Marketing Manager position at Meridian Health. After careful consideration, we have decided not to move forward with your application at this time.",semi_automated,ats,medium,Meridian Health,,,Marketing Manager,,
JOB-00995,job_search,rejection,generic_automated_rejection,Application outcome,The review for the Marketing Manager position is now complete. We will be moving forward with another candidate. Thank you for your interest in Cedar Digital.,human,hiring_manager,easy,Cedar Digital,,,Marketing Manager,,
JOB-00996,job_search,acceptance_progression,move_forward,Interview invitation — Project Coordinator,"We have reviewed your application for the Project Coordinator position at Oakridge Financial and would like to invite you to the next stage of the process. Please use https://example.test/schedule to select a convenient time.

Best regards,
Robin Chen",human,company,easy,Oakridge Financial,Robin Chen,,Project Coordinator,,https://example.test/schedule
JOB-00997,job_search,application_notification,application_received,Your application has been submitted,Your application for UX Designer at Redwood Solutions was successfully submitted. This confirmation does not indicate a hiring decision. We appreciate your interest and will review your information.,human,hr,medium,Redwood Solutions,,,UX Designer,,
JOB-00998,job_search,acceptance_progression,final_interview,Interview invitation — Software Engineer,We have reviewed your application for the Software Engineer position at Cedar Digital and would like to invite you to the next stage of the process. Please use https://example.test/schedule to select a convenient time.,semi_automated,hiring_manager,hard,Cedar Digital,,,Software Engineer,,https://example.test/schedule
JOB-00999,job_search,rejection,different_direction,Regarding your application,"Thank you for speaking with our team about the Project Coordinator role. Unfortunately, we will not be progressing your application to the next stage.",automated,recruiter,medium,,,,Project Coordinator,,
JOB-01000,job_search,acceptance_progression,second_interview,Next step in your application,We are pleased to let you know that your application has progressed to the next stage. Please provide your availability for an interview with the hiring team.,semi_automated,ats,medium,,,,,,
JOB-01001,job_search,acceptance_progression,availability_request,We'd like to move forward,"Thank you for speaking with us. The team enjoyed learning about your experience and would like to continue the conversation. We would like to arrange the next interview with you.

Best regards,
Noah Chen",semi_automated,company,easy,,Noah Chen,,,,
JOB-01002,job_search,acceptance_progression,recruiter_screen,Next step in your application,We are pleased to let you know that your application has progressed to the next stage. Please provide your availability for an interview with the hiring team.,automated,hiring_manager,easy,,,,,,
JOB-01003,job_search,acceptance_progression,assessment,Interview invitation — Customer Success Manager,"Hello Avery,

We have reviewed your application for the Customer Success Manager position at BluePeak Analytics and would like to invite you to the next stage of the process. Please use https://example.test/schedule to select a convenient time.

The interview team is based in Berlin.",semi_automated,hr,easy,BluePeak Analytics,,Berlin,Customer Success Manager,,https://example.test/schedule
JOB-01004,job_search,acceptance_progression,first_interview,Next step in your application,We are pleased to let you know that your application has progressed to the next stage. Please provide your availability for an interview with the hiring team.,semi_automated,hiring_manager,easy,,,,,,
JOB-01005,job_search,application_notification,application_under_review,Your application has been submitted,Your application for Product Manager at Vertex Consulting was successfully submitted. This confirmation does not indicate a hiring decision. We appreciate your interest and will review your information.,semi_automated,hr,easy,Vertex Consulting,,,Product Manager,,
JOB-01006,job_search,rejection,generic_automated_rejection,Update on your Software Engineer application,"Thank you for applying for the Software Engineer position at Atlas Software. After careful consideration, we have decided not to move forward with your application at this time.",automated,company,medium,Atlas Software,,,Software Engineer,,
JOB-01007,job_search,acceptance_progression,assessment,Interview invitation — DevOps Engineer,We have reviewed your application for the DevOps Engineer position at Silverline Systems and would like to invite you to the next stage of the process. Please use https://example.test/schedule to select a convenient time.,human,hiring_manager,easy,Silverline Systems,,,DevOps Engineer,,https://example.test/schedule
JOB-01008,job_search,rejection,post_interview,Update on your DevOps Engineer application,"Thank you for applying for the DevOps Engineer position at Atlas Software. After careful consideration, we have decided not to move forward with your application at this time.",human,company,medium,Atlas Software,,,DevOps Engineer,,
JOB-01009,job_search,rejection,generic_automated_rejection,Application outcome,The review for the Operations Specialist position is now complete. We will be moving forward with another candidate. Thank you for your interest in Oakridge Financial.,human,recruiter,medium,Oakridge Financial,,,Operations Specialist,,
JOB-01010,job_search,application_notification,thank_you_for_applying,Application status update,Your application for Customer Success Manager is currently under review. We are assessing applications against the requirements of the role and will provide an update when the review is complete.,automated,hr,medium,,,,Customer Success Manager,,
JOB-01011,job_search,acceptance_progression,first_interview,Assessment invitation,We would like to invite you to complete the next stage of our selection process. The assessment will help the team evaluate your skills for the Operations Specialist role.,semi_automated,hiring_manager,easy,,,,Operations Specialist,,
JOB-01012,job_search,application_notification,thank_you_for_applying,More opportunities for you,"Thank you for applying for DevOps Engineer. While your application is being reviewed, you may also be interested in other roles that match your profile at Pinecrest Media.",semi_automated,hiring_manager,medium,Pinecrest Media,,,DevOps Engineer,,
JOB-01013,job_search,rejection,other_candidates,Recruitment update,"We were impressed by your background and appreciated the opportunity to learn more about you. At this stage, however, we have chosen to take the process in a different direction.",automated,recruiter,medium,,,,,,
JOB-01014,job_search,rejection,post_final_interview,Update on your Product Manager application,"Thank you for applying for the Product Manager position at Aurora Mobility. After careful consideration, we have decided not to move forward with your application at this time.",automated,hr,easy,Aurora Mobility,,,Product Manager,,
JOB-01015,job_search,rejection,generic_automated_rejection,Update on your Content Strategist application,"Thank you for applying for the Content Strategist position at BrightPath Energy. After careful consideration, we have decided not to move forward with your application at this time.",semi_automated,company,hard,BrightPath Energy,,,Content Strategist,,
JOB-01016,job_search,rejection,generic_automated_rejection,Your application with Atlas Software,We appreciate the time you invested in the recruitment process. We have decided to continue with other candidates whose experience more closely matches the current requirements.,human,ats,easy,Atlas Software,,,,,
JOB-01017,job_search,application_notification,thank_you_for_applying,Thanks for applying to Lighthouse Cloud,We appreciate your interest in the Sales Development Representative opportunity. Your application is now with our recruitment team. You do not need to take any further action at this time.,automated,company,hard,Lighthouse Cloud,,,Sales Development Representative,,
JOB-01018,job_search,rejection,different_direction,Regarding your application,"Thank you for speaking with our team about the Operations Specialist role. Unfortunately, we will not be progressing your application to the next stage.",human,recruiter,easy,,,,Operations Specialist,,
JOB-01019,job_search,acceptance_progression,assessment,We'd like to move forward,Thank you for speaking with us. The team enjoyed learning about your experience and would like to continue the conversation. We would like to arrange the next interview with you.,human,hr,easy,,,,,,
JOB-01020,job_search,acceptance_progression,availability_request,Next step in your application,We are pleased to let you know that your application has progressed to the next stage. Please provide your availability for an interview with the hiring team.,semi_automated,recruiter,easy,,,,,,
JOB-01021,job_search,rejection,post_interview,Regarding your application,"Thank you for speaking with our team about the Machine Learning Engineer role. Unfortunately, we will not be progressing your application to the next stage.",human,company,medium,,,,Machine Learning Engineer,,
JOB-01022,job_search,rejection,post_application_review,Regarding your application,Thank you for speaking with our team about the UX Designer role. we will not be progressing your application to the next stage.,human,recruiter,medium,,,,UX Designer,,
JOB-01023,job_search,acceptance_progression,offer,Assessment invitation,We would like to invite you to complete the next stage of our selection process. The assessment will help the team evaluate your skills for the Content Strategist role.,human,hiring_manager,medium,,,,Content Strategist,,
JOB-01024,job_search,acceptance_progression,assessment,We'd like to move forward,"Hello Liam,

Thank you for speaking with us. The team enjoyed learning about your experience and would like to continue the conversation. We would like to arrange the next interview with you.

The interview team is based in London.",semi_automated,hiring_manager,hard,,,London,,,
JOB-01025,job_search,application_notification,application_received,More opportunities for you,"Thank you for applying for Frontend Developer. While your application is being reviewed, you may also be interested in other roles that match your profile at Oakridge Financial.",automated,company,medium,Oakridge Financial,,,Frontend Developer,,
JOB-01026,job_search,application_notification,application_status_update,More opportunities for you,"Thank you for applying for UX Designer. While your application is being reviewed, you may also be interested in other roles that match your profile at Cedar Digital.",semi_automated,recruiter,hard,Cedar Digital,,,UX Designer,,
JOB-01027,job_search,application_notification,recruiter_acknowledgement,Thanks for applying to Atlas Software,We appreciate your interest in the Marketing Manager opportunity. Your application is now with our recruitment team. You do not need to take any further action at this time.,human,recruiter,easy,Atlas Software,,,Marketing Manager,,
JOB-01028,job_search,application_notification,thank_you_for_applying,Thanks for applying to Silverline Systems,We appreciate your interest in the Machine Learning Engineer opportunity. Your application is now with our recruitment team. You do not need to take any further action at this time. Please note that this message is only a confirmation that we received your application.,human,company,medium,Silverline Systems,,,Machine Learning Engineer,,
JOB-01029,job_search,application_notification,application_received,Application status update,Your application for Sales Development Representative is currently under review. We are assessing applications against the requirements of the role and will provide an update when the review is complete.,semi_automated,recruiter,easy,,,,Sales Development Representative,,
JOB-01030,job_search,rejection,personalized_recruiter,Your application with BrightPath Energy,We appreciate the time you invested in the recruitment process. We have decided to continue with other candidates whose experience more closely matches the current requirements.,human,hr,hard,BrightPath Energy,,,,,
JOB-01031,job_search,rejection,generic_automated_rejection,Application outcome,The review for the Customer Success Manager position is now complete. We will be moving forward with another candidate. Thank you for your interest in Atlas Software.,automated,hiring_manager,adversarial,Atlas Software,,,Customer Success Manager,,
JOB-01032,job_search,rejection,post_final_interview,Update on your Financial Analyst application,"Thank you for applying for the Financial Analyst position at Oakridge Financial. After careful consideration, we have will not be progressing with your application at this time.",semi_automated,recruiter,hard,Oakridge Financial,,,Financial Analyst,,
JOB-01033,job_search,application_notification,application_submitted,More opportunities for you,"Thank you for applying for Business Analyst. While your application is being reviewed, you may also be interested in other roles that match your profile at Summit Retail.",semi_automated,hiring_manager,adversarial,Summit Retail,,,Business Analyst,,
JOB-01034,job_search,application_notification,application_under_review,More opportunities for you,"Thank you for applying for Product Manager. While your application is being reviewed, you may also be interested in other roles that match your profile at Northstar Technologies.

Best regards,
Taylor Davis",human,recruiter,adversarial,Northstar Technologies,Taylor Davis,,Product Manager,,
JOB-01035,job_search,acceptance_progression,recruiter_screen,Interview invitation — Data Analyst,We have reviewed your application for the Data Analyst position at BluePeak Analytics and would like to invite you to the next stage of the process. Please use https://example.test/schedule to select a convenient time.,automated,recruiter,medium,BluePeak Analytics,,,Data Analyst,,https://example.test/schedule
JOB-01036,job_search,acceptance_progression,second_interview,Offer from Atlas Software,"We are pleased to offer you the Product Manager position. The offer details, proposed start date, and terms are available in the candidate portal at https://example.test/offer.",automated,hiring_manager,easy,Atlas Software,,,Product Manager,,https://example.test/offer.
JOB-01037,job_search,acceptance_progression,assessment,Next step in your application,"Hello Sarah,

We are pleased to let you know that your application has progressed to the next stage. Please provide your availability for an interview with the hiring team.

The interview team is based in Paris.",automated,hiring_manager,hard,,,Paris,,,
JOB-01038,job_search,rejection,position_related,Regarding your application,"Thank you for speaking with our team about the Software Engineer role. Unfortunately, we will not be progressing your application to the next stage.",semi_automated,hr,easy,,,,Software Engineer,,
JOB-01039,job_search,acceptance_progression,offer,We'd like to move forward,Thank you for speaking with us. The team enjoyed learning about your experience and would like to continue the conversation. We would like to arrange the next interview with you.,automated,recruiter,medium,,,,,,
JOB-01040,job_search,rejection,post_application_review,Update on your Project Coordinator application,"Thank you for applying for the Project Coordinator position at Summit Retail. After careful consideration, we have decided not to move forward with your application at this time.",automated,hiring_manager,hard,Summit Retail,,,Project Coordinator,,
JOB-01041,job_search,application_notification,application_submitted,More opportunities for you,"Thank you for applying for UX Designer. While your application is being reviewed, you may also be interested in other roles that match your profile at Pinecrest Media.",automated,ats,easy,Pinecrest Media,,,UX Designer,,
JOB-01042,job_search,acceptance_progression,final_interview,Offer from Aurora Mobility,"We are pleased to offer you the Data Analyst position. The offer details, proposed start date, and terms are available in the candidate portal at https://example.test/offer.",automated,ats,hard,Aurora Mobility,,,Data Analyst,,https://example.test/offer.
JOB-01043,job_search,application_notification,application_submitted,Thanks for applying to Cedar Digital,We appreciate your interest in the Sales Development Representative opportunity. Your application is now with our recruitment team. You do not need to take any further action at this time.,semi_automated,hiring_manager,hard,Cedar Digital,,,Sales Development Representative,,
JOB-01044,job_search,rejection,personalized_recruiter,Application outcome,The review for the Frontend Developer position is now complete. We will be moving forward with another candidate. Thank you for your interest in Lighthouse Cloud.,automated,hr,medium,Lighthouse Cloud,,,Frontend Developer,,
JOB-01045,job_search,application_notification,application_submitted,Your application has been submitted,Your application for Sales Development Representative at Pinecrest Media was successfully submitted. This confirmation does not indicate a hiring decision. We appreciate your interest and will review your information.,human,company,medium,Pinecrest Media,,,Sales Development Representative,,
JOB-01046,job_search,application_notification,thank_you_for_applying,Thanks for applying to BrightPath Energy,We appreciate your interest in the Sales Development Representative opportunity. Your application is now with our recruitment team. You do not need to take any further action at this time.,semi_automated,recruiter,easy,BrightPath Energy,,,Sales Development Representative,,
JOB-01047,job_search,application_notification,application_status_update,Thanks for applying to Summit Retail,We appreciate your interest in the Financial Analyst opportunity. Your application is now with our recruitment team. You do not need to take any further action at this time.,semi_automated,recruiter,easy,Summit Retail,,,Financial Analyst,,
JOB-01048,job_search,rejection,personalized_recruiter,Update on your Customer Success Manager application,"Thank you for applying for the Customer Success Manager position at Redwood Solutions. After careful consideration, we have decided not to move forward with your application at this time.",automated,company,easy,Redwood Solutions,,,Customer Success Manager,,
JOB-01049,job_search,acceptance_progression,recruiter_screen,Offer from BrightPath Energy,"We are pleased to offer you the Business Analyst position. The offer details, proposed start date, and terms are available in the candidate portal at https://example.test/offer.",automated,hiring_manager,hard,BrightPath Energy,,,Business Analyst,,https://example.test/offer.
JOB-01050,job_search,application_notification,thank_you_for_applying,More opportunities for you,"Thank you for applying for Product Manager. While your application is being reviewed, you may also be interested in other roles that match your profile at Meridian Health.",semi_automated,hiring_manager,hard,Meridian Health,,,Product Manager,,
JOB-01051,job_search,application_notification,application_under_review,Your application has been submitted,Your application for Product Manager at Summit Retail was successfully submitted. This confirmation does not indicate a hiring decision. We appreciate your interest and will review your information. Please note that this message is only a confirmation that we received your application.,human,company,adversarial,Summit Retail,,,Product Manager,,
JOB-01052,job_search,application_notification,application_received,More opportunities for you,"Thank you for applying for UX Designer. While your application is being reviewed, you may also be interested in other roles that match your profile at Horizon Labs. Please note that this message is only a confirmation that we received your application.",automated,recruiter,medium,Horizon Labs,,,UX Designer,,
JOB-01053,job_search,application_notification,thank_you_for_applying,Thanks for applying to Atlas Software,"We appreciate your interest in the Sales Development Representative opportunity. Your application is now with our recruitment team. You do not need to take any further action at this time.

Best regards,
Liam Mitchell",semi_automated,hiring_manager,medium,Atlas Software,Liam Mitchell,,Sales Development Representative,,
JOB-01054,job_search,application_notification,other_application_system,Application status update,Your application for Data Analyst is currently under review. We are assessing applications against the requirements of the role and will provide an update when the review is complete.,automated,hr,easy,,,,Data Analyst,,
JOB-01055,job_search,application_notification,application_received,Application received — Business Analyst,Thank you for your interest in the Business Analyst position at Cedar Digital. We have received your application and our hiring team will review it. We will contact you if there is a suitable next step.,automated,ats,easy,Cedar Digital,,,Business Analyst,,
JOB-01056,job_search,rejection,generic_automated_rejection,Application outcome,The review for the Product Manager position is now complete. We will be moving forward with another candidate. Thank you for your interest in BluePeak Analytics.,human,recruiter,hard,BluePeak Analytics,,,Product Manager,,
JOB-01057,job_search,application_notification,application_under_review,Application received — Customer Success Manager,Thank you for your interest in the Customer Success Manager position at BrightPath Energy. We have received your application and our hiring team will review it. We will contact you if there is a suitable next step.,human,company,hard,BrightPath Energy,,,Customer Success Manager,,
JOB-01058,job_search,rejection,generic_automated_rejection,Regarding your application,"Thank you for speaking with our team about the Product Manager role. we will not be progressing your application to the next stage.

Best regards,
Sam Wong",human,recruiter,hard,,Sam Wong,,Product Manager,,
JOB-01059,job_search,application_notification,application_submitted,Thanks for applying to Redwood Solutions,We appreciate your interest in the Software Engineer opportunity. Your application is now with our recruitment team. You do not need to take any further action at this time. Please note that this message is only a confirmation that we received your application.,automated,recruiter,medium,Redwood Solutions,,,Software Engineer,,
JOB-01060,job_search,application_notification,application_recommended_jobs,Thanks for applying to Vertex Consulting,We appreciate your interest in the Content Strategist opportunity. Your application is now with our recruitment team. You do not need to take any further action at this time.,automated,hr,hard,Vertex Consulting,,,Content Strategist,,
JOB-01061,job_search,rejection,different_direction,Update on your Marketing Manager application,"Thank you for applying for the Marketing Manager position at Atlas Software. After careful consideration, we have will not be progressing with your application at this time.",human,ats,medium,Atlas Software,,,Marketing Manager,,
JOB-01062,job_search,acceptance_progression,second_interview,Offer from Atlas Software,"We are pleased to offer you the Business Analyst position. The offer details, proposed start date, and terms are available in the candidate portal at https://example.test/offer.",human,ats,medium,Atlas Software,,,Business Analyst,,https://example.test/offer.
JOB-01063,job_search,acceptance_progression,recruiter_screen,We'd like to move forward,Thank you for speaking with us. The team enjoyed learning about your experience and would like to continue the conversation. We would like to arrange the next interview with you.,semi_automated,hr,easy,,,,,,
JOB-01064,job_search,application_notification,application_received,Application status update,Your application for Sales Development Representative is currently under review. We are assessing applications against the requirements of the role and will provide an update when the review is complete. Please note that this message is only a confirmation that we received your application.,semi_automated,company,hard,,,,Sales Development Representative,,
JOB-01065,job_search,acceptance_progression,second_interview,Assessment invitation,"We would like to invite you to complete the next stage of our selection process. The assessment will help the team evaluate your skills for the Frontend Developer role.

Best regards,
Riley Larsson",semi_automated,company,easy,,Riley Larsson,,Frontend Developer,,
JOB-01066,job_search,application_notification,application_recommended_jobs,Thanks for applying to Oakridge Financial,We appreciate your interest in the DevOps Engineer opportunity. Your application is now with our recruitment team. You do not need to take any further action at this time. Please note that this message is only a confirmation that we received your application.,semi_automated,hr,easy,Oakridge Financial,,,DevOps Engineer,,
JOB-01067,job_search,rejection,different_direction,Application outcome,The review for the Content Strategist position is now complete. We will be moving forward with another candidate. Thank you for your interest in Redwood Solutions.,human,company,hard,Redwood Solutions,,,Content Strategist,,
JOB-01068,job_search,acceptance_progression,assessment,Interview invitation — UX Designer,We have reviewed your application for the UX Designer position at Horizon Labs and would like to invite you to the next stage of the process. Please use https://example.test/schedule to select a convenient time.,semi_automated,company,easy,Horizon Labs,,,UX Designer,,https://example.test/schedule
JOB-01069,job_search,application_notification,application_recommended_jobs,Application received — UX Designer,"Thank you for your interest in the UX Designer position at Cedar Digital. We have received your application and our hiring team will review it. We will contact you if there is a suitable next step.

Best regards,
Casey Larsson",human,recruiter,medium,Cedar Digital,Casey Larsson,,UX Designer,,
JOB-01070,job_search,application_notification,application_status_update,Application received — UX Designer,Thank you for your interest in the UX Designer position at Aurora Mobility. We have received your application and our hiring team will review it. We will contact you if there is a suitable next step.,automated,company,medium,Aurora Mobility,,,UX Designer,,
JOB-01071,job_search,rejection,post_interview,Your application with Atlas Software,"We appreciate the time you invested in the recruitment process. We have decided to continue with other candidates whose experience more closely matches the current requirements.

Best regards,
Taylor Garcia",automated,recruiter,adversarial,Atlas Software,Taylor Garcia,,,,
JOB-01072,job_search,acceptance_progression,assessment,Offer from Pinecrest Media,"We are pleased to offer you the Customer Success Manager position. The offer details, proposed start date, and terms are available in the candidate portal at https://example.test/offer.",automated,hr,adversarial,Pinecrest Media,,,Customer Success Manager,,https://example.test/offer.
JOB-01073,job_search,rejection,different_direction,Update on your Marketing Manager application,"Thank you for applying for the Marketing Manager position at Summit Retail. After careful consideration, we have decided not to move forward with your application at this time.",semi_automated,company,medium,Summit Retail,,,Marketing Manager,,
JOB-01074,job_search,acceptance_progression,second_interview,Offer from Vertex Consulting,"We are pleased to offer you the Business Analyst position. The offer details, proposed start date, and terms are available in the candidate portal at https://example.test/offer.",human,recruiter,adversarial,Vertex Consulting,,,Business Analyst,,https://example.test/offer.
JOB-01075,job_search,acceptance_progression,second_interview,Next step in your application,We are pleased to let you know that your application has progressed to the next stage. Please provide your availability for an interview with the hiring team.,semi_automated,hr,medium,,,,,,
JOB-01076,job_search,rejection,post_interview,Application outcome,The review for the Data Analyst position is now complete. We will be moving forward with another candidate. Thank you for your interest in Silverline Systems.,human,ats,easy,Silverline Systems,,,Data Analyst,,
JOB-01077,job_search,acceptance_progression,second_interview,Next step in your application,We are pleased to let you know that your application has progressed to the next stage. Please provide your availability for an interview with the hiring team.,automated,hiring_manager,medium,,,,,,
JOB-01078,job_search,rejection,personalized_recruiter,Recruitment update,"We were impressed by your background and appreciated the opportunity to learn more about you. At this stage, however, we have chosen to take the process in a different direction.",semi_automated,ats,adversarial,,,,,,
JOB-01079,job_search,acceptance_progression,second_interview,We'd like to move forward,Thank you for speaking with us. The team enjoyed learning about your experience and would like to continue the conversation. We would like to arrange the next interview with you.,human,company,medium,,,,,,
JOB-01080,job_search,application_notification,thank_you_for_applying,More opportunities for you,"Thank you for applying for Content Strategist. While your application is being reviewed, you may also be interested in other roles that match your profile at Lighthouse Cloud.

Best regards,
Liam Wilson",human,ats,hard,Lighthouse Cloud,Liam Wilson,,Content Strategist,,
JOB-01081,job_search,rejection,generic_automated_rejection,Update on your Customer Success Manager application,"Thank you for applying for the Customer Success Manager position at Atlas Software. After careful consideration, we have will not be progressing with your application at this time.",automated,ats,medium,Atlas Software,,,Customer Success Manager,,
JOB-01082,job_search,rejection,generic_automated_rejection,Update on your DevOps Engineer application,"Thank you for applying for the DevOps Engineer position at Lighthouse Cloud. After careful consideration, we have will not be progressing with your application at this time.",semi_automated,recruiter,hard,Lighthouse Cloud,,,DevOps Engineer,,
JOB-01083,job_search,acceptance_progression,first_interview,We'd like to move forward,Thank you for speaking with us. The team enjoyed learning about your experience and would like to continue the conversation. We would like to arrange the next interview with you.,semi_automated,recruiter,medium,,,,,,
JOB-01084,job_search,application_notification,application_status_update,Application received — DevOps Engineer,Thank you for your interest in the DevOps Engineer position at BrightPath Energy. We have received your application and our hiring team will review it. We will contact you if there is a suitable next step.,semi_automated,company,hard,BrightPath Energy,,,DevOps Engineer,,
JOB-01085,job_search,application_notification,thank_you_for_applying,Application received — Machine Learning Engineer,Thank you for your interest in the Machine Learning Engineer position at Lighthouse Cloud. We have received your application and our hiring team will review it. We will contact you if there is a suitable next step.,human,ats,medium,Lighthouse Cloud,,,Machine Learning Engineer,,
JOB-01086,job_search,acceptance_progression,availability_request,We'd like to move forward,Thank you for speaking with us. The team enjoyed learning about your experience and would like to continue the conversation. We would like to arrange the next interview with you.,semi_automated,hr,hard,,,,,,
JOB-01087,job_search,application_notification,thank_you_for_applying,Thanks for applying to Horizon Labs,We appreciate your interest in the Frontend Developer opportunity. Your application is now with our recruitment team. You do not need to take any further action at this time.,human,ats,easy,Horizon Labs,,,Frontend Developer,,
JOB-01088,job_search,application_notification,application_status_update,Application status update,Your application for Financial Analyst is currently under review. We are assessing applications against the requirements of the role and will provide an update when the review is complete.,semi_automated,recruiter,easy,,,,Financial Analyst,,
JOB-01089,job_search,application_notification,application_recommended_jobs,Application received — DevOps Engineer,Thank you for your interest in the DevOps Engineer position at Horizon Labs. We have received your application and our hiring team will review it. We will contact you if there is a suitable next step. Please note that this message is only a confirmation that we received your application.,semi_automated,recruiter,medium,Horizon Labs,,,DevOps Engineer,,
JOB-01090,job_search,rejection,other_candidates,Update on your Content Strategist application,"Thank you for applying for the Content Strategist position at Summit Retail. After careful consideration, we have will not be progressing with your application at this time.",semi_automated,company,easy,Summit Retail,,,Content Strategist,,
JOB-01091,job_search,acceptance_progression,second_interview,Next step in your application,We are pleased to let you know that your application has progressed to the next stage. Please provide your availability for an interview with the hiring team.,automated,hr,easy,,,,,,
JOB-01092,job_search,application_notification,thank_you_for_applying,Your application has been submitted,Your application for Marketing Manager at Northstar Technologies was successfully submitted. This confirmation does not indicate a hiring decision. We appreciate your interest and will review your information. Please note that this message is only a confirmation that we received your application.,semi_automated,company,hard,Northstar Technologies,,,Marketing Manager,,
JOB-01093,job_search,acceptance_progression,assessment,We'd like to move forward,Thank you for speaking with us. The team enjoyed learning about your experience and would like to continue the conversation. We would like to arrange the next interview with you.,automated,hiring_manager,hard,,,,,,
JOB-01094,job_search,acceptance_progression,first_interview,Interview invitation — Machine Learning Engineer,"Hello Liam,

We have reviewed your application for the Machine Learning Engineer position at Oakridge Financial and would like to invite you to the next stage of the process. Please use https://example.test/schedule to select a convenient time.

The interview team is based in Berlin.",human,ats,hard,Oakridge Financial,,Berlin,Machine Learning Engineer,,https://example.test/schedule
JOB-01095,job_search,acceptance_progression,first_interview,Interview invitation — Frontend Developer,We have reviewed your application for the Frontend Developer position at Meridian Health and would like to invite you to the next stage of the process. Please use https://example.test/schedule to select a convenient time.,semi_automated,recruiter,medium,Meridian Health,,,Frontend Developer,,https://example.test/schedule
JOB-01096,job_search,application_notification,thank_you_for_applying,Your application has been submitted,Your application for Operations Specialist at Atlas Software was successfully submitted. This confirmation does not indicate a hiring decision. We appreciate your interest and will review your information. Please note that this message is only a confirmation that we received your application.,semi_automated,ats,medium,Atlas Software,,,Operations Specialist,,
JOB-01097,job_search,rejection,post_application_review,Application outcome,"The review for the Project Coordinator position is now complete. We will be moving forward with another candidate. Thank you for your interest in Oakridge Financial.

Best regards,
Daniel Nielsen",human,hiring_manager,medium,Oakridge Financial,Daniel Nielsen,,Project Coordinator,,
JOB-01098,job_search,rejection,post_interview,Regarding your application,"Thank you for speaking with our team about the Marketing Manager role. Unfortunately, we will not be progressing your application to the next stage.",semi_automated,hiring_manager,easy,,,,Marketing Manager,,
JOB-01099,job_search,application_notification,application_submitted,Your application has been submitted,Your application for UX Designer at Horizon Labs was successfully submitted. This confirmation does not indicate a hiring decision. We appreciate your interest and will review your information.,human,hr,medium,Horizon Labs,,,UX Designer,,
JOB-01100,job_search,rejection,different_direction,Update on your Frontend Developer application,"Thank you for applying for the Frontend Developer position at BluePeak Analytics. After careful consideration, we have decided not to move forward with your application at this time.

Best regards,
Noah Clark",semi_automated,hiring_manager,hard,BluePeak Analytics,Noah Clark,,Frontend Developer,,
JOB-01101,job_search,acceptance_progression,final_interview,Interview invitation — Data Analyst,"Hello Noah,

We have reviewed your application for the Data Analyst position at Vertex Consulting and would like to invite you to the next stage of the process. Please use https://example.test/schedule to select a convenient time.

The interview team is based in Copenhagen.",automated,ats,easy,Vertex Consulting,,Copenhagen,Data Analyst,,https://example.test/schedule
JOB-01102,job_search,acceptance_progression,final_interview,Interview invitation — Customer Success Manager,We have reviewed your application for the Customer Success Manager position at Lighthouse Cloud and would like to invite you to the next stage of the process. Please use https://example.test/schedule to select a convenient time.,automated,recruiter,medium,Lighthouse Cloud,,,Customer Success Manager,,https://example.test/schedule
JOB-01103,job_search,rejection,other_candidates,Regarding your application,"Thank you for speaking with our team about the Machine Learning Engineer role. Unfortunately, we will not be progressing your application to the next stage.",human,company,easy,,,,Machine Learning Engineer,,
JOB-01104,job_search,rejection,post_application_review,Update on your Product Manager application,"Thank you for applying for the Product Manager position at Meridian Health. After careful consideration, we have will not be progressing with your application at this time.",automated,hiring_manager,medium,Meridian Health,,,Product Manager,,
JOB-01105,job_search,application_notification,application_received,Thanks for applying to Cedar Digital,We appreciate your interest in the Marketing Manager opportunity. Your application is now with our recruitment team. You do not need to take any further action at this time.,semi_automated,ats,medium,Cedar Digital,,,Marketing Manager,,
JOB-01106,job_search,acceptance_progression,first_interview,Interview invitation — Data Analyst,We have reviewed your application for the Data Analyst position at Oakridge Financial and would like to invite you to the next stage of the process. Please use https://example.test/schedule to select a convenient time.,automated,hiring_manager,easy,Oakridge Financial,,,Data Analyst,,https://example.test/schedule
JOB-01107,job_search,rejection,other_candidates,Update on your UX Designer application,"Thank you for applying for the UX Designer position at Northstar Technologies. After careful consideration, we have decided not to move forward with your application at this time.",human,hr,easy,Northstar Technologies,,,UX Designer,,
JOB-01108,job_search,rejection,position_related,Regarding your application,"Thank you for speaking with our team about the Business Analyst role. Unfortunately, we will not be progressing your application to the next stage.",automated,company,medium,,,,Business Analyst,,
JOB-01109,job_search,application_notification,thank_you_for_applying,Thanks for applying to Aurora Mobility,We appreciate your interest in the DevOps Engineer opportunity. Your application is now with our recruitment team. You do not need to take any further action at this time.,semi_automated,hiring_manager,easy,Aurora Mobility,,,DevOps Engineer,,
JOB-01110,job_search,acceptance_progression,availability_request,Assessment invitation,"Hello Sarah,

We would like to invite you to complete the next stage of our selection process. The assessment will help the team evaluate your skills for the Customer Success Manager role.

The interview team is based in London.

Best regards,
Sarah Mitchell",automated,hr,easy,,Sarah Mitchell,London,Customer Success Manager,,
JOB-01111,job_search,acceptance_progression,first_interview,We'd like to move forward,Thank you for speaking with us. The team enjoyed learning about your experience and would like to continue the conversation. We would like to arrange the next interview with you.,semi_automated,hr,medium,,,,,,
JOB-01112,job_search,acceptance_progression,recruiter_screen,Offer from Aurora Mobility,"We are pleased to offer you the DevOps Engineer position. The offer details, proposed start date, and terms are available in the candidate portal at https://example.test/offer.",human,ats,hard,Aurora Mobility,,,DevOps Engineer,,https://example.test/offer.
JOB-01113,job_search,acceptance_progression,second_interview,Interview invitation — Marketing Manager,We have reviewed your application for the Marketing Manager position at Atlas Software and would like to invite you to the next stage of the process. Please use https://example.test/schedule to select a convenient time.,human,recruiter,hard,Atlas Software,,,Marketing Manager,,https://example.test/schedule
JOB-01114,job_search,application_notification,application_under_review,Your application has been submitted,Your application for Sales Development Representative at Silverline Systems was successfully submitted. This confirmation does not indicate a hiring decision. We appreciate your interest and will review your information.,automated,recruiter,hard,Silverline Systems,,,Sales Development Representative,,
JOB-01115,job_search,application_notification,application_submitted,Thanks for applying to BrightPath Energy,We appreciate your interest in the Project Coordinator opportunity. Your application is now with our recruitment team. You do not need to take any further action at this time. Please note that this message is only a confirmation that we received your application.,semi_automated,ats,hard,BrightPath Energy,,,Project Coordinator,,
JOB-01116,job_search,application_notification,application_status_update,More opportunities for you,"Thank you for applying for Data Analyst. While your application is being reviewed, you may also be interested in other roles that match your profile at Aurora Mobility. Please note that this message is only a confirmation that we received your application.",automated,hiring_manager,easy,Aurora Mobility,,,Data Analyst,,
JOB-01117,job_search,rejection,different_direction,Recruitment update,"We were impressed by your background and appreciated the opportunity to learn more about you. At this stage, however, we have chosen to take the process in a different direction.",human,hr,easy,,,,,,
JOB-01118,job_search,rejection,post_application_review,Application outcome,The review for the Frontend Developer position is now complete. We will be moving forward with another candidate. Thank you for your interest in Pinecrest Media.,automated,hr,medium,Pinecrest Media,,,Frontend Developer,,
JOB-01119,job_search,acceptance_progression,offer,We'd like to move forward,Thank you for speaking with us. The team enjoyed learning about your experience and would like to continue the conversation. We would like to arrange the next interview with you.,automated,hiring_manager,easy,,,,,,
JOB-01120,job_search,rejection,generic_automated_rejection,Regarding your application,"Thank you for speaking with our team about the Operations Specialist role. Unfortunately, we will not be progressing your application to the next stage.",human,hiring_manager,easy,,,,Operations Specialist,,
JOB-01121,job_search,application_notification,recruiter_acknowledgement,Thanks for applying to Northstar Technologies,We appreciate your interest in the Operations Specialist opportunity. Your application is now with our recruitment team. You do not need to take any further action at this time.,automated,hiring_manager,medium,Northstar Technologies,,,Operations Specialist,,
JOB-01122,job_search,acceptance_progression,first_interview,Interview invitation — Sales Development Representative,We have reviewed your application for the Sales Development Representative position at Vertex Consulting and would like to invite you to the next stage of the process. Please use https://example.test/schedule to select a convenient time.,semi_automated,hiring_manager,medium,Vertex Consulting,,,Sales Development Representative,,https://example.test/schedule
JOB-01123,job_search,acceptance_progression,first_interview,Assessment invitation,We would like to invite you to complete the next stage of our selection process. The assessment will help the team evaluate your skills for the Financial Analyst role.,automated,hiring_manager,easy,,,,Financial Analyst,,
JOB-01124,job_search,rejection,different_direction,Update on your DevOps Engineer application,"Thank you for applying for the DevOps Engineer position at Meridian Health. After careful consideration, we have decided not to move forward with your application at this time.",semi_automated,ats,hard,Meridian Health,,,DevOps Engineer,,
JOB-01125,job_search,application_notification,application_submitted,More opportunities for you,"Thank you for applying for Data Analyst. While your application is being reviewed, you may also be interested in other roles that match your profile at BluePeak Analytics.",automated,hr,adversarial,BluePeak Analytics,,,Data Analyst,,
JOB-01126,job_search,application_notification,application_under_review,Thanks for applying to Lighthouse Cloud,We appreciate your interest in the UX Designer opportunity. Your application is now with our recruitment team. You do not need to take any further action at this time. Please note that this message is only a confirmation that we received your application.,automated,ats,easy,Lighthouse Cloud,,,UX Designer,,
JOB-01127,job_search,application_notification,application_recommended_jobs,Thanks for applying to BrightPath Energy,We appreciate your interest in the UX Designer opportunity. Your application is now with our recruitment team. You do not need to take any further action at this time.,human,company,easy,BrightPath Energy,,,UX Designer,,
JOB-01128,job_search,application_notification,application_recommended_jobs,Thanks for applying to Lighthouse Cloud,We appreciate your interest in the Sales Development Representative opportunity. Your application is now with our recruitment team. You do not need to take any further action at this time.,automated,recruiter,medium,Lighthouse Cloud,,,Sales Development Representative,,
JOB-01129,job_search,acceptance_progression,first_interview,We'd like to move forward,Thank you for speaking with us. The team enjoyed learning about your experience and would like to continue the conversation. We would like to arrange the next interview with you.,semi_automated,recruiter,hard,,,,,,
JOB-01130,job_search,rejection,post_interview,Application outcome,The review for the Machine Learning Engineer position is now complete. We will be moving forward with another candidate. Thank you for your interest in BrightPath Energy.,human,hr,medium,BrightPath Energy,,,Machine Learning Engineer,,
JOB-01131,job_search,rejection,generic_automated_rejection,Application outcome,The review for the Operations Specialist position is now complete. We will be moving forward with another candidate. Thank you for your interest in Summit Retail.,automated,recruiter,easy,Summit Retail,,,Operations Specialist,,
JOB-01132,job_search,application_notification,application_received,Application received — Project Coordinator,Thank you for your interest in the Project Coordinator position at Horizon Labs. We have received your application and our hiring team will review it. We will contact you if there is a suitable next step. Please note that this message is only a confirmation that we received your application.,automated,ats,hard,Horizon Labs,,,Project Coordinator,,
JOB-01133,job_search,application_notification,application_status_update,Application status update,Your application for Product Manager is currently under review. We are assessing applications against the requirements of the role and will provide an update when the review is complete.,semi_automated,hr,medium,,,,Product Manager,,
JOB-01134,job_search,application_notification,application_under_review,Your application has been submitted,Your application for Operations Specialist at Vertex Consulting was successfully submitted. This confirmation does not indicate a hiring decision. We appreciate your interest and will review your information. Please note that this message is only a confirmation that we received your application.,human,company,medium,Vertex Consulting,,,Operations Specialist,,
JOB-01135,job_search,application_notification,application_submitted,More opportunities for you,"Thank you for applying for Data Analyst. While your application is being reviewed, you may also be interested in other roles that match your profile at Cedar Digital.",automated,hr,adversarial,Cedar Digital,,,Data Analyst,,
JOB-01136,job_search,acceptance_progression,recruiter_screen,Assessment invitation,We would like to invite you to complete the next stage of our selection process. The assessment will help the team evaluate your skills for the Business Analyst role.,semi_automated,company,hard,,,,Business Analyst,,
JOB-01137,job_search,acceptance_progression,availability_request,Assessment invitation,We would like to invite you to complete the next stage of our selection process. The assessment will help the team evaluate your skills for the Project Coordinator role.,human,company,medium,,,,Project Coordinator,,
JOB-01138,job_search,acceptance_progression,assessment,Interview invitation — Software Engineer,We have reviewed your application for the Software Engineer position at Redwood Solutions and would like to invite you to the next stage of the process. Please use https://example.test/schedule to select a convenient time.,semi_automated,ats,adversarial,Redwood Solutions,,,Software Engineer,,https://example.test/schedule
JOB-01139,job_search,application_notification,thank_you_for_applying,More opportunities for you,"Thank you for applying for Project Coordinator. While your application is being reviewed, you may also be interested in other roles that match your profile at Northstar Technologies.",semi_automated,recruiter,easy,Northstar Technologies,,,Project Coordinator,,
JOB-01140,job_search,application_notification,application_submitted,Thanks for applying to BluePeak Analytics,We appreciate your interest in the Data Analyst opportunity. Your application is now with our recruitment team. You do not need to take any further action at this time.,human,hiring_manager,medium,BluePeak Analytics,,,Data Analyst,,
JOB-01141,job_search,application_notification,thank_you_for_applying,Application received — Marketing Manager,Thank you for your interest in the Marketing Manager position at BluePeak Analytics. We have received your application and our hiring team will review it. We will contact you if there is a suitable next step.,human,company,hard,BluePeak Analytics,,,Marketing Manager,,
JOB-01142,job_search,application_notification,thank_you_for_applying,Thanks for applying to Aurora Mobility,We appreciate your interest in the DevOps Engineer opportunity. Your application is now with our recruitment team. You do not need to take any further action at this time.,human,recruiter,hard,Aurora Mobility,,,DevOps Engineer,,
JOB-01143,job_search,acceptance_progression,final_interview,Assessment invitation,We would like to invite you to complete the next stage of our selection process. The assessment will help the team evaluate your skills for the Project Coordinator role.,semi_automated,hr,medium,,,,Project Coordinator,,
JOB-01144,job_search,rejection,other_candidates,Regarding your application,"Thank you for speaking with our team about the Software Engineer role. Unfortunately, we will not be progressing your application to the next stage.",human,ats,easy,,,,Software Engineer,,
JOB-01145,job_search,acceptance_progression,offer,Offer from Cedar Digital,"We are pleased to offer you the Product Manager position. The offer details, proposed start date, and terms are available in the candidate portal at https://example.test/offer.",automated,ats,medium,Cedar Digital,,,Product Manager,,https://example.test/offer.
JOB-01146,job_search,application_notification,application_status_update,Thanks for applying to Redwood Solutions,We appreciate your interest in the DevOps Engineer opportunity. Your application is now with our recruitment team. You do not need to take any further action at this time.,human,ats,easy,Redwood Solutions,,,DevOps Engineer,,
JOB-01147,job_search,acceptance_progression,other_progression,Interview invitation — UX Designer,We have reviewed your application for the UX Designer position at BrightPath Energy and would like to invite you to the next stage of the process. Please use https://example.test/schedule to select a convenient time.,semi_automated,ats,easy,BrightPath Energy,,,UX Designer,,https://example.test/schedule
JOB-01148,job_search,acceptance_progression,recruiter_screen,Next step in your application,"We are pleased to let you know that your application has progressed to the next stage. Please provide your availability for an interview with the hiring team.

Best regards,
Riley Wong",automated,hiring_manager,easy,,Riley Wong,,,,
JOB-01149,job_search,application_notification,recruiter_acknowledgement,Application received — Project Coordinator,Thank you for your interest in the Project Coordinator position at Northstar Technologies. We have received your application and our hiring team will review it. We will contact you if there is a suitable next step.,semi_automated,ats,medium,Northstar Technologies,,,Project Coordinator,,
JOB-01150,job_search,acceptance_progression,first_interview,Next step in your application,We are pleased to let you know that your application has progressed to the next stage. Please provide your availability for an interview with the hiring team.,semi_automated,company,easy,,,,,,
JOB-01151,job_search,application_notification,thank_you_for_applying,More opportunities for you,"Thank you for applying for UX Designer. While your application is being reviewed, you may also be interested in other roles that match your profile at Lighthouse Cloud. Please note that this message is only a confirmation that we received your application.

Best regards,
Jamie Johnson",automated,recruiter,easy,Lighthouse Cloud,Jamie Johnson,,UX Designer,,
JOB-01152,job_search,rejection,other_candidates,Your application with Vertex Consulting,We appreciate the time you invested in the recruitment process. We have decided to continue with other candidates whose experience more closely matches the current requirements.,human,recruiter,adversarial,Vertex Consulting,,,,,
JOB-01153,job_search,application_notification,application_received,Application status update,"Your application for Sales Development Representative is currently under review. We are assessing applications against the requirements of the role and will provide an update when the review is complete.

Best regards,
Sofia Khan",semi_automated,company,easy,,Sofia Khan,,Sales Development Representative,,
JOB-01154,job_search,acceptance_progression,availability_request,Next step in your application,We are pleased to let you know that your application has progressed to the next stage. Please provide your availability for an interview with the hiring team.,semi_automated,hiring_manager,easy,,,,,,
JOB-01155,job_search,acceptance_progression,recruiter_screen,We'd like to move forward,Thank you for speaking with us. The team enjoyed learning about your experience and would like to continue the conversation. We would like to arrange the next interview with you.,human,hr,medium,,,,,,
JOB-01156,job_search,rejection,other_candidates,Recruitment update,"We were impressed by your background and appreciated the opportunity to learn more about you. At this stage, however, we have chosen to take the process in a different direction.",semi_automated,hr,adversarial,,,,,,
JOB-01157,job_search,rejection,post_application_review,Recruitment update,"We were impressed by your background and appreciated the opportunity to learn more about you. At this stage, however, we have chosen to take the process in a different direction.",semi_automated,recruiter,easy,,,,,,
JOB-01158,job_search,acceptance_progression,other_progression,We'd like to move forward,Thank you for speaking with us. The team enjoyed learning about your experience and would like to continue the conversation. We would like to arrange the next interview with you.,semi_automated,ats,easy,,,,,,
JOB-01159,job_search,rejection,different_direction,Your application with Oakridge Financial,We appreciate the time you invested in the recruitment process. We have decided to continue with other candidates whose experience more closely matches the current requirements.,automated,hr,easy,Oakridge Financial,,,,,
JOB-01160,job_search,rejection,other_candidates,Update on your UX Designer application,"Thank you for applying for the UX Designer position at Aurora Mobility. After careful consideration, we have decided not to move forward with your application at this time.",semi_automated,company,medium,Aurora Mobility,,,UX Designer,,
JOB-01161,job_search,rejection,other_candidates,Recruitment update,"We were impressed by your background and appreciated the opportunity to learn more about you. At this stage, however, we have chosen to take the process in a different direction.",semi_automated,company,medium,,,,,,
JOB-01162,job_search,acceptance_progression,offer,Assessment invitation,We would like to invite you to complete the next stage of our selection process. The assessment will help the team evaluate your skills for the Financial Analyst role.,semi_automated,company,medium,,,,Financial Analyst,,
JOB-01163,job_search,acceptance_progression,assessment,Next step in your application,"Hello Maya,

We are pleased to let you know that your application has progressed to the next stage. Please provide your availability for an interview with the hiring team.

The interview team is based in Oslo.",human,hr,easy,,,Oslo,,,
JOB-01164,job_search,application_notification,application_submitted,Thanks for applying to Atlas Software,"We appreciate your interest in the Machine Learning Engineer opportunity. Your application is now with our recruitment team. You do not need to take any further action at this time.

Best regards,
Casey Wilson",semi_automated,hr,easy,Atlas Software,Casey Wilson,,Machine Learning Engineer,,
JOB-01165,job_search,acceptance_progression,assessment,Assessment invitation,We would like to invite you to complete the next stage of our selection process. The assessment will help the team evaluate your skills for the Data Analyst role.,automated,hiring_manager,medium,,,,Data Analyst,,
JOB-01166,job_search,acceptance_progression,recruiter_screen,Offer from Northstar Technologies,"We are pleased to offer you the UX Designer position. The offer details, proposed start date, and terms are available in the candidate portal at https://example.test/offer.",semi_automated,ats,hard,Northstar Technologies,,,UX Designer,,https://example.test/offer.
JOB-01167,job_search,application_notification,application_submitted,More opportunities for you,"Thank you for applying for Machine Learning Engineer. While your application is being reviewed, you may also be interested in other roles that match your profile at Northstar Technologies.

Best regards,
Casey Nielsen",semi_automated,hr,hard,Northstar Technologies,Casey Nielsen,,Machine Learning Engineer,,
JOB-01168,job_search,rejection,post_application_review,Application outcome,The review for the Operations Specialist position is now complete. We will be moving forward with another candidate. Thank you for your interest in Pinecrest Media.,human,company,easy,Pinecrest Media,,,Operations Specialist,,
JOB-01169,job_search,rejection,different_direction,Recruitment update,"We were impressed by your background and appreciated the opportunity to learn more about you. At this stage, however, we have chosen to take the process in a different direction.",semi_automated,ats,hard,,,,,,
JOB-01170,job_search,rejection,generic_automated_rejection,Update on your Product Manager application,"Thank you for applying for the Product Manager position at Horizon Labs. After careful consideration, we have will not be progressing with your application at this time.",semi_automated,company,easy,Horizon Labs,,,Product Manager,,
JOB-01171,job_search,rejection,other_candidates,Regarding your application,"Thank you for speaking with our team about the Machine Learning Engineer role. Unfortunately, we will not be progressing your application to the next stage.",automated,hr,easy,,,,Machine Learning Engineer,,
JOB-01172,job_search,rejection,post_interview,Recruitment update,"We were impressed by your background and appreciated the opportunity to learn more about you. At this stage, however, we have chosen to take the process in a different direction.",automated,company,medium,,,,,,
JOB-01173,job_search,rejection,post_final_interview,Your application with Pinecrest Media,We appreciate the time you invested in the recruitment process. We have decided to continue with other candidates whose experience more closely matches the current requirements.,semi_automated,recruiter,easy,Pinecrest Media,,,,,
JOB-01174,job_search,application_notification,application_recommended_jobs,Your application has been submitted,"Your application for Business Analyst at Summit Retail was successfully submitted. This confirmation does not indicate a hiring decision. We appreciate your interest and will review your information.

Best regards,
Taylor Lee",semi_automated,hiring_manager,easy,Summit Retail,Taylor Lee,,Business Analyst,,
JOB-01175,job_search,application_notification,application_received,Thanks for applying to BluePeak Analytics,We appreciate your interest in the UX Designer opportunity. Your application is now with our recruitment team. You do not need to take any further action at this time.,human,ats,adversarial,BluePeak Analytics,,,UX Designer,,
JOB-01176,job_search,acceptance_progression,availability_request,We'd like to move forward,Thank you for speaking with us. The team enjoyed learning about your experience and would like to continue the conversation. We would like to arrange the next interview with you.,semi_automated,hiring_manager,medium,,,,,,
JOB-01177,job_search,application_notification,application_submitted,Thanks for applying to Oakridge Financial,We appreciate your interest in the Data Analyst opportunity. Your application is now with our recruitment team. You do not need to take any further action at this time.,automated,recruiter,easy,Oakridge Financial,,,Data Analyst,,
JOB-01178,job_search,rejection,different_direction,Application outcome,The review for the UX Designer position is now complete. We will be moving forward with another candidate. Thank you for your interest in Horizon Labs.,human,recruiter,medium,Horizon Labs,,,UX Designer,,
JOB-01179,job_search,application_notification,recruiter_acknowledgement,Application status update,"Your application for Product Manager is currently under review. We are assessing applications against the requirements of the role and will provide an update when the review is complete.

Best regards,
Jordan Nielsen",automated,ats,hard,,Jordan Nielsen,,Product Manager,,
JOB-01180,job_search,application_notification,application_submitted,Application status update,Your application for Financial Analyst is currently under review. We are assessing applications against the requirements of the role and will provide an update when the review is complete. Please note that this message is only a confirmation that we received your application.,semi_automated,hr,easy,,,,Financial Analyst,,
JOB-01181,job_search,application_notification,application_recommended_jobs,Application status update,Your application for Software Engineer is currently under review. We are assessing applications against the requirements of the role and will provide an update when the review is complete.,automated,company,hard,,,,Software Engineer,,
JOB-01182,job_search,application_notification,application_submitted,Thanks for applying to Redwood Solutions,We appreciate your interest in the Sales Development Representative opportunity. Your application is now with our recruitment team. You do not need to take any further action at this time.,human,ats,easy,Redwood Solutions,,,Sales Development Representative,,
JOB-01183,job_search,acceptance_progression,first_interview,Offer from Pinecrest Media,"We are pleased to offer you the Data Analyst position. The offer details, proposed start date, and terms are available in the candidate portal at https://example.test/offer.",automated,recruiter,easy,Pinecrest Media,,,Data Analyst,,https://example.test/offer.
JOB-01184,job_search,acceptance_progression,first_interview,Offer from Redwood Solutions,"We are pleased to offer you the Sales Development Representative position. The offer details, proposed start date, and terms are available in the candidate portal at https://example.test/offer.",semi_automated,hiring_manager,medium,Redwood Solutions,,,Sales Development Representative,,https://example.test/offer.
JOB-01185,job_search,rejection,personalized_recruiter,Application outcome,The review for the Marketing Manager position is now complete. We will be moving forward with another candidate. Thank you for your interest in Aurora Mobility.,semi_automated,hiring_manager,easy,Aurora Mobility,,,Marketing Manager,,
JOB-01186,job_search,application_notification,application_submitted,Application status update,Your application for Business Analyst is currently under review. We are assessing applications against the requirements of the role and will provide an update when the review is complete. Please note that this message is only a confirmation that we received your application.,human,hiring_manager,hard,,,,Business Analyst,,
JOB-01187,job_search,application_notification,thank_you_for_applying,Application received — Product Manager,Thank you for your interest in the Product Manager position at Lighthouse Cloud. We have received your application and our hiring team will review it. We will contact you if there is a suitable next step.,semi_automated,ats,medium,Lighthouse Cloud,,,Product Manager,,
JOB-01188,job_search,application_notification,thank_you_for_applying,Your application has been submitted,"Your application for Product Manager at BluePeak Analytics was successfully submitted. This confirmation does not indicate a hiring decision. We appreciate your interest and will review your information.

Best regards,
Sofia Davis",automated,hr,hard,BluePeak Analytics,Sofia Davis,,Product Manager,,
JOB-01189,job_search,application_notification,application_received,Application status update,Your application for Customer Success Manager is currently under review. We are assessing applications against the requirements of the role and will provide an update when the review is complete.,automated,ats,easy,,,,Customer Success Manager,,
JOB-01190,job_search,rejection,post_application_review,Regarding your application,"Thank you for speaking with our team about the Machine Learning Engineer role. Unfortunately, we will not be progressing your application to the next stage.",human,hiring_manager,easy,,,,Machine Learning Engineer,,
JOB-01191,job_search,acceptance_progression,other_progression,Offer from BluePeak Analytics,"We are pleased to offer you the DevOps Engineer position. The offer details, proposed start date, and terms are available in the candidate portal at https://example.test/offer.",human,recruiter,medium,BluePeak Analytics,,,DevOps Engineer,,https://example.test/offer.
JOB-01192,job_search,acceptance_progression,availability_request,Assessment invitation,"Hello Casey,

We would like to invite you to complete the next stage of our selection process. The assessment will help the team evaluate your skills for the Data Analyst role.

The interview team is based in Berlin.",semi_automated,recruiter,medium,,,Berlin,Data Analyst,,
JOB-01193,job_search,acceptance_progression,second_interview,Assessment invitation,"Hello Taylor,

We would like to invite you to complete the next stage of our selection process. The assessment will help the team evaluate your skills for the Software Engineer role.

The interview team is based in Munich.",semi_automated,hr,medium,,,Munich,Software Engineer,,
JOB-01194,job_search,rejection,different_direction,Your application with Pinecrest Media,We appreciate the time you invested in the recruitment process. We have decided to continue with other candidates whose experience more closely matches the current requirements.,automated,hr,medium,Pinecrest Media,,,,,
JOB-01195,job_search,acceptance_progression,direct_acceptance,Assessment invitation,We would like to invite you to complete the next stage of our selection process. The assessment will help the team evaluate your skills for the Machine Learning Engineer role.,automated,ats,easy,,,,Machine Learning Engineer,,
JOB-01196,job_search,acceptance_progression,recruiter_screen,Next step in your application,We are pleased to let you know that your application has progressed to the next stage. Please provide your availability for an interview with the hiring team.,human,company,medium,,,,,,
JOB-01197,job_search,rejection,other_candidates,Recruitment update,"We were impressed by your background and appreciated the opportunity to learn more about you. At this stage, however, we have chosen to take the process in a different direction.",automated,recruiter,easy,,,,,,
JOB-01198,job_search,acceptance_progression,final_interview,Offer from Summit Retail,"Hello Riley,

We are pleased to offer you the Frontend Developer position. The offer details, proposed start date, and terms are available in the candidate portal at https://example.test/offer.

The interview team is based in Oslo.",semi_automated,recruiter,easy,Summit Retail,,Oslo,Frontend Developer,,https://example.test/offer.
JOB-01199,job_search,acceptance_progression,second_interview,Assessment invitation,We would like to invite you to complete the next stage of our selection process. The assessment will help the team evaluate your skills for the Project Coordinator role.,human,company,easy,,,,Project Coordinator,,
JOB-01200,job_search,application_notification,application_status_update,More opportunities for you,"Thank you for applying for Machine Learning Engineer. While your application is being reviewed, you may also be interested in other roles that match your profile at Northstar Technologies. Please note that this message is only a confirmation that we received your application.",human,ats,easy,Northstar Technologies,,,Machine Learning Engineer,,
JOB-01201,job_search,acceptance_progression,offer,We'd like to move forward,Thank you for speaking with us. The team enjoyed learning about your experience and would like to continue the conversation. We would like to arrange the next interview with you.,automated,ats,medium,,,,,,
JOB-01202,job_search,application_notification,application_under_review,Application received — Marketing Manager,Thank you for your interest in the Marketing Manager position at Northstar Technologies. We have received your application and our hiring team will review it. We will contact you if there is a suitable next step.,semi_automated,ats,easy,Northstar Technologies,,,Marketing Manager,,
JOB-01203,job_search,acceptance_progression,recruiter_screen,Offer from Cedar Digital,"We are pleased to offer you the Machine Learning Engineer position. The offer details, proposed start date, and terms are available in the candidate portal at https://example.test/offer.

Best regards,
Chris Mitchell",human,hr,hard,Cedar Digital,Chris Mitchell,,Machine Learning Engineer,,https://example.test/offer.
JOB-01204,job_search,rejection,generic_automated_rejection,Recruitment update,"We were impressed by your background and appreciated the opportunity to learn more about you. At this stage, however, we have chosen to take the process in a different direction.

Best regards,
Taylor Nielsen",human,company,hard,,Taylor Nielsen,,,,
JOB-01205,job_search,acceptance_progression,recruiter_screen,Interview invitation — Data Analyst,We have reviewed your application for the Data Analyst position at BrightPath Energy and would like to invite you to the next stage of the process. Please use https://example.test/schedule to select a convenient time.,human,company,medium,BrightPath Energy,,,Data Analyst,,https://example.test/schedule
JOB-01206,job_search,acceptance_progression,second_interview,Assessment invitation,"We would like to invite you to complete the next stage of our selection process. The assessment will help the team evaluate your skills for the Machine Learning Engineer role.

Best regards,
Riley Wong",semi_automated,hiring_manager,medium,,Riley Wong,,Machine Learning Engineer,,
JOB-01207,job_search,application_notification,application_submitted,Your application has been submitted,Your application for Operations Specialist at Redwood Solutions was successfully submitted. This confirmation does not indicate a hiring decision. We appreciate your interest and will review your information.,semi_automated,ats,hard,Redwood Solutions,,,Operations Specialist,,
JOB-01208,job_search,application_notification,application_under_review,Your application has been submitted,Your application for Project Coordinator at Northstar Technologies was successfully submitted. This confirmation does not indicate a hiring decision. We appreciate your interest and will review your information.,semi_automated,company,easy,Northstar Technologies,,,Project Coordinator,,
JOB-01209,job_search,rejection,post_final_interview,Your application with Lighthouse Cloud,We appreciate the time you invested in the recruitment process. We have decided to continue with other candidates whose experience more closely matches the current requirements.,human,recruiter,easy,Lighthouse Cloud,,,,,
JOB-01210,job_search,rejection,post_interview,Regarding your application,"Thank you for speaking with our team about the Content Strategist role. Unfortunately, we will not be progressing your application to the next stage.",human,ats,medium,,,,Content Strategist,,
JOB-01211,job_search,rejection,different_direction,Your application with Silverline Systems,We appreciate the time you invested in the recruitment process. We have decided to continue with other candidates whose experience more closely matches the current requirements.,human,hiring_manager,hard,Silverline Systems,,,,,
JOB-01212,job_search,acceptance_progression,offer,Next step in your application,We are pleased to let you know that your application has progressed to the next stage. Please provide your availability for an interview with the hiring team.,automated,hiring_manager,easy,,,,,,
JOB-01213,job_search,rejection,generic_automated_rejection,Regarding your application,"Thank you for speaking with our team about the Marketing Manager role. Unfortunately, we will not be progressing your application to the next stage.

Best regards,
Jamie Brown",semi_automated,company,medium,,Jamie Brown,,Marketing Manager,,
JOB-01214,job_search,acceptance_progression,direct_acceptance,Offer from Cedar Digital,"We are pleased to offer you the Product Manager position. The offer details, proposed start date, and terms are available in the candidate portal at https://example.test/offer.

Best regards,
Maya Lee",semi_automated,hr,medium,Cedar Digital,Maya Lee,,Product Manager,,https://example.test/offer.
JOB-01215,job_search,rejection,different_direction,Regarding your application,"Thank you for speaking with our team about the DevOps Engineer role. Unfortunately, we will not be progressing your application to the next stage.",automated,ats,hard,,,,DevOps Engineer,,
JOB-01216,job_search,application_notification,application_submitted,Application status update,Your application for Customer Success Manager is currently under review. We are assessing applications against the requirements of the role and will provide an update when the review is complete.,semi_automated,hiring_manager,medium,,,,Customer Success Manager,,
JOB-01217,job_search,acceptance_progression,recruiter_screen,Offer from Lighthouse Cloud,"Hello Maya,

We are pleased to offer you the Product Manager position. The offer details, proposed start date, and terms are available in the candidate portal at https://example.test/offer.

The interview team is based in Stockholm.

Best regards,
Maya Wong",automated,ats,easy,Lighthouse Cloud,Maya Wong,Stockholm,Product Manager,,https://example.test/offer.
JOB-01218,job_search,application_notification,application_submitted,Application status update,"Your application for Sales Development Representative is currently under review. We are assessing applications against the requirements of the role and will provide an update when the review is complete. Please note that this message is only a confirmation that we received your application.

Best regards,
Sarah Miller",semi_automated,recruiter,medium,,Sarah Miller,,Sales Development Representative,,
JOB-01219,job_search,rejection,personalized_recruiter,Application outcome,"The review for the Financial Analyst position is now complete. We will be moving forward with another candidate. Thank you for your interest in Summit Retail.

Best regards,
Daniel Brown",human,hr,medium,Summit Retail,Daniel Brown,,Financial Analyst,,
JOB-01220,job_search,rejection,other_candidates,Your application with Redwood Solutions,We appreciate the time you invested in the recruitment process. We have decided to continue with other candidates whose experience more closely matches the current requirements.,automated,hiring_manager,medium,Redwood Solutions,,,,,
JOB-01221,job_search,application_notification,other_application_system,Application received — Marketing Manager,Thank you for your interest in the Marketing Manager position at BrightPath Energy. We have received your application and our hiring team will review it. We will contact you if there is a suitable next step.,automated,hr,hard,BrightPath Energy,,,Marketing Manager,,
JOB-01222,job_search,rejection,post_application_review,Recruitment update,"We were impressed by your background and appreciated the opportunity to learn more about you. At this stage, however, we have chosen to take the process in a different direction.

Best regards,
Maya Brown",semi_automated,hiring_manager,medium,,Maya Brown,,,,
JOB-01223,job_search,application_notification,application_under_review,More opportunities for you,"Thank you for applying for Product Manager. While your application is being reviewed, you may also be interested in other roles that match your profile at BrightPath Energy. Please note that this message is only a confirmation that we received your application.",semi_automated,recruiter,easy,BrightPath Energy,,,Product Manager,,
JOB-01224,job_search,rejection,other_candidates,Your application with Silverline Systems,We appreciate the time you invested in the recruitment process. We have decided to continue with other candidates whose experience more closely matches the current requirements.,human,hr,hard,Silverline Systems,,,,,
JOB-01225,job_search,application_notification,application_submitted,Application status update,Your application for Financial Analyst is currently under review. We are assessing applications against the requirements of the role and will provide an update when the review is complete.,human,hr,easy,,,,Financial Analyst,,
JOB-01226,job_search,acceptance_progression,recruiter_screen,Next step in your application,"Hello Liam,

We are pleased to let you know that your application has progressed to the next stage. Please provide your availability for an interview with the hiring team.

The interview team is based in Munich.",human,hiring_manager,easy,,,Munich,,,
JOB-01227,job_search,application_notification,other_application_system,Your application has been submitted,Your application for Operations Specialist at Silverline Systems was successfully submitted. This confirmation does not indicate a hiring decision. We appreciate your interest and will review your information.,human,recruiter,hard,Silverline Systems,,,Operations Specialist,,
JOB-01228,job_search,rejection,post_interview,Update on your Marketing Manager application,"Thank you for applying for the Marketing Manager position at Redwood Solutions. After careful consideration, we have decided not to move forward with your application at this time.",semi_automated,company,hard,Redwood Solutions,,,Marketing Manager,,
JOB-01229,job_search,application_notification,thank_you_for_applying,Application received — Business Analyst,Thank you for your interest in the Business Analyst position at BrightPath Energy. We have received your application and our hiring team will review it. We will contact you if there is a suitable next step.,semi_automated,hr,adversarial,BrightPath Energy,,,Business Analyst,,
JOB-01230,job_search,acceptance_progression,assessment,Interview invitation — Frontend Developer,"We have reviewed your application for the Frontend Developer position at Vertex Consulting and would like to invite you to the next stage of the process. Please use https://example.test/schedule to select a convenient time.

Best regards,
Jordan Wilson",human,recruiter,easy,Vertex Consulting,Jordan Wilson,,Frontend Developer,,https://example.test/schedule
JOB-01231,job_search,acceptance_progression,final_interview,Assessment invitation,We would like to invite you to complete the next stage of our selection process. The assessment will help the team evaluate your skills for the Business Analyst role.,automated,ats,hard,,,,Business Analyst,,
JOB-01232,job_search,rejection,post_interview,Application outcome,The review for the DevOps Engineer position is now complete. We will be moving forward with another candidate. Thank you for your interest in Silverline Systems.,human,hr,easy,Silverline Systems,,,DevOps Engineer,,
JOB-01233,job_search,acceptance_progression,assessment,Next step in your application,"We are pleased to let you know that your application has progressed to the next stage. Please provide your availability for an interview with the hiring team.

Best regards,
Daniel Evans",human,company,hard,,Daniel Evans,,,,
JOB-01234,job_search,acceptance_progression,second_interview,We'd like to move forward,"Hello Casey,

Thank you for speaking with us. The team enjoyed learning about your experience and would like to continue the conversation. We would like to arrange the next interview with you.

The interview team is based in Paris.",semi_automated,recruiter,hard,,,Paris,,,
JOB-01235,job_search,rejection,post_final_interview,Recruitment update,"We were impressed by your background and appreciated the opportunity to learn more about you. At this stage, however, we have chosen to take the process in a different direction.",human,hiring_manager,medium,,,,,,
JOB-01236,job_search,acceptance_progression,first_interview,Offer from Summit Retail,"Hello Jamie,

We are pleased to offer you the Content Strategist position. The offer details, proposed start date, and terms are available in the candidate portal at https://example.test/offer.

The interview team is based in Oslo.

Best regards,
Jamie Brown",human,recruiter,hard,Summit Retail,Jamie Brown,Oslo,Content Strategist,,https://example.test/offer.
JOB-01237,job_search,application_notification,application_recommended_jobs,Application received — Product Manager,Thank you for your interest in the Product Manager position at Summit Retail. We have received your application and our hiring team will review it. We will contact you if there is a suitable next step.,human,hiring_manager,easy,Summit Retail,,,Product Manager,,
JOB-01238,job_search,rejection,generic_automated_rejection,Application outcome,"The review for the Operations Specialist position is now complete. We will be moving forward with another candidate. Thank you for your interest in BluePeak Analytics.

Best regards,
Alex Miller",automated,hiring_manager,easy,BluePeak Analytics,Alex Miller,,Operations Specialist,,
JOB-01239,job_search,application_notification,application_submitted,More opportunities for you,"Thank you for applying for DevOps Engineer. While your application is being reviewed, you may also be interested in other roles that match your profile at BluePeak Analytics.",automated,ats,easy,BluePeak Analytics,,,DevOps Engineer,,
JOB-01240,job_search,acceptance_progression,offer,Assessment invitation,We would like to invite you to complete the next stage of our selection process. The assessment will help the team evaluate your skills for the Content Strategist role.,human,company,medium,,,,Content Strategist,,
JOB-01241,job_search,acceptance_progression,direct_acceptance,Interview invitation — Financial Analyst,We have reviewed your application for the Financial Analyst position at Cedar Digital and would like to invite you to the next stage of the process. Please use https://example.test/schedule to select a convenient time.,semi_automated,company,medium,Cedar Digital,,,Financial Analyst,,https://example.test/schedule
JOB-01242,job_search,acceptance_progression,first_interview,Offer from Summit Retail,"We are pleased to offer you the Business Analyst position. The offer details, proposed start date, and terms are available in the candidate portal at https://example.test/offer.

Best regards,
Olivia Berg",human,ats,medium,Summit Retail,Olivia Berg,,Business Analyst,,https://example.test/offer.
JOB-01243,job_search,acceptance_progression,recruiter_screen,Offer from BrightPath Energy,"Hello Jordan,

We are pleased to offer you the DevOps Engineer position. The offer details, proposed start date, and terms are available in the candidate portal at https://example.test/offer.

The interview team is based in Paris.",semi_automated,ats,easy,BrightPath Energy,,Paris,DevOps Engineer,,https://example.test/offer.
JOB-01244,job_search,acceptance_progression,final_interview,Interview invitation — Frontend Developer,We have reviewed your application for the Frontend Developer position at Silverline Systems and would like to invite you to the next stage of the process. Please use https://example.test/schedule to select a convenient time.,semi_automated,hr,medium,Silverline Systems,,,Frontend Developer,,https://example.test/schedule
JOB-01245,job_search,application_notification,thank_you_for_applying,Application received — UX Designer,Thank you for your interest in the UX Designer position at Redwood Solutions. We have received your application and our hiring team will review it. We will contact you if there is a suitable next step.,automated,hiring_manager,hard,Redwood Solutions,,,UX Designer,,
JOB-01246,job_search,rejection,post_interview,Your application with Meridian Health,We appreciate the time you invested in the recruitment process. We have decided to continue with other candidates whose experience more closely matches the current requirements.,human,hr,medium,Meridian Health,,,,,
JOB-01247,job_search,application_notification,application_under_review,Thanks for applying to Cedar Digital,We appreciate your interest in the Software Engineer opportunity. Your application is now with our recruitment team. You do not need to take any further action at this time.,human,hr,easy,Cedar Digital,,,Software Engineer,,
JOB-01248,job_search,rejection,generic_automated_rejection,Regarding your application,"Thank you for speaking with our team about the Financial Analyst role. Unfortunately, we will not be progressing your application to the next stage.",semi_automated,ats,easy,,,,Financial Analyst,,
JOB-01249,job_search,acceptance_progression,assessment,Assessment invitation,"Hello Liam,

We would like to invite you to complete the next stage of our selection process. The assessment will help the team evaluate your skills for the Content Strategist role.

The interview team is based in Berlin.",semi_automated,ats,medium,,,Berlin,Content Strategist,,
JOB-01250,job_search,rejection,personalized_recruiter,Application outcome,The review for the Marketing Manager position is now complete. We will be moving forward with another candidate. Thank you for your interest in Horizon Labs.,semi_automated,ats,adversarial,Horizon Labs,,,Marketing Manager,,
JOB-01251,job_search,rejection,different_direction,Application outcome,The review for the Software Engineer position is now complete. We will be moving forward with another candidate. Thank you for your interest in Lighthouse Cloud.,automated,hr,easy,Lighthouse Cloud,,,Software Engineer,,
JOB-01252,job_search,rejection,generic_automated_rejection,Recruitment update,"We were impressed by your background and appreciated the opportunity to learn more about you. At this stage, however, we have chosen to take the process in a different direction.",automated,hiring_manager,hard,,,,,,
JOB-01253,job_search,acceptance_progression,recruiter_screen,Interview invitation — DevOps Engineer,"Hello Taylor,

We have reviewed your application for the DevOps Engineer position at Cedar Digital and would like to invite you to the next stage of the process. Please use https://example.test/schedule to select a convenient time.

The interview team is based in Stockholm.",automated,hiring_manager,medium,Cedar Digital,,Stockholm,DevOps Engineer,,https://example.test/schedule
JOB-01254,job_search,application_notification,application_status_update,Application status update,Your application for Marketing Manager is currently under review. We are assessing applications against the requirements of the role and will provide an update when the review is complete. Please note that this message is only a confirmation that we received your application.,semi_automated,hiring_manager,adversarial,,,,Marketing Manager,,
JOB-01255,job_search,application_notification,application_submitted,Application received — Software Engineer,Thank you for your interest in the Software Engineer position at Redwood Solutions. We have received your application and our hiring team will review it. We will contact you if there is a suitable next step. Please note that this message is only a confirmation that we received your application.,semi_automated,hiring_manager,medium,Redwood Solutions,,,Software Engineer,,
JOB-01256,job_search,application_notification,recruiter_acknowledgement,Application received — Marketing Manager,Thank you for your interest in the Marketing Manager position at Redwood Solutions. We have received your application and our hiring team will review it. We will contact you if there is a suitable next step.,automated,company,easy,Redwood Solutions,,,Marketing Manager,,
JOB-01257,job_search,acceptance_progression,first_interview,Assessment invitation,"Hello Daniel,

We would like to invite you to complete the next stage of our selection process. The assessment will help the team evaluate your skills for the Software Engineer role.

The interview team is based in Helsinki.",semi_automated,company,medium,,,Helsinki,Software Engineer,,
JOB-01258,job_search,acceptance_progression,recruiter_screen,Interview invitation — Content Strategist,"Hello Morgan,

We have reviewed your application for the Content Strategist position at BrightPath Energy and would like to invite you to the next stage of the process. Please use https://example.test/schedule to select a convenient time.

The interview team is based in Berlin.",automated,hiring_manager,hard,BrightPath Energy,,Berlin,Content Strategist,,https://example.test/schedule
JOB-01259,job_search,rejection,different_direction,Application outcome,The review for the Financial Analyst position is now complete. We will be moving forward with another candidate. Thank you for your interest in Silverline Systems.,semi_automated,ats,hard,Silverline Systems,,,Financial Analyst,,
JOB-01260,job_search,acceptance_progression,assessment,Interview invitation — Operations Specialist,"Hello Sofia,

We have reviewed your application for the Operations Specialist position at BrightPath Energy and would like to invite you to the next stage of the process. Please use https://example.test/schedule to select a convenient time.

The interview team is based in Munich.

Best regards,
Sofia Mitchell",human,hr,hard,BrightPath Energy,Sofia Mitchell,Munich,Operations Specialist,,https://example.test/schedule
JOB-01261,job_search,acceptance_progression,second_interview,Next step in your application,We are pleased to let you know that your application has progressed to the next stage. Please provide your availability for an interview with the hiring team.,automated,recruiter,hard,,,,,,
JOB-01262,job_search,rejection,post_application_review,Recruitment update,"We were impressed by your background and appreciated the opportunity to learn more about you. At this stage, however, we have chosen to take the process in a different direction.",human,hiring_manager,medium,,,,,,
JOB-01263,job_search,acceptance_progression,assessment,We'd like to move forward,Thank you for speaking with us. The team enjoyed learning about your experience and would like to continue the conversation. We would like to arrange the next interview with you.,semi_automated,company,adversarial,,,,,,
JOB-01264,job_search,application_notification,application_recommended_jobs,Application status update,Your application for UX Designer is currently under review. We are assessing applications against the requirements of the role and will provide an update when the review is complete. Please note that this message is only a confirmation that we received your application.,semi_automated,company,adversarial,,,,UX Designer,,
JOB-01265,job_search,rejection,personalized_recruiter,Regarding your application,"Thank you for speaking with our team about the Product Manager role. Unfortunately, we will not be progressing your application to the next stage.",semi_automated,company,easy,,,,Product Manager,,
JOB-01266,job_search,rejection,personalized_recruiter,Recruitment update,"We were impressed by your background and appreciated the opportunity to learn more about you. At this stage, however, we have chosen to take the process in a different direction.",semi_automated,recruiter,easy,,,,,,
JOB-01267,job_search,application_notification,thank_you_for_applying,Application received — DevOps Engineer,Thank you for your interest in the DevOps Engineer position at Silverline Systems. We have received your application and our hiring team will review it. We will contact you if there is a suitable next step.,human,company,medium,Silverline Systems,,,DevOps Engineer,,
JOB-01268,job_search,rejection,post_application_review,Regarding your application,"Thank you for speaking with our team about the UX Designer role. Unfortunately, we will not be progressing your application to the next stage.",semi_automated,hr,medium,,,,UX Designer,,
JOB-01269,job_search,rejection,other_candidates,Application outcome,The review for the Software Engineer position is now complete. We will be moving forward with another candidate. Thank you for your interest in Oakridge Financial.,automated,company,easy,Oakridge Financial,,,Software Engineer,,
JOB-01270,job_search,rejection,different_direction,Your application with Oakridge Financial,We appreciate the time you invested in the recruitment process. We have decided to continue with other candidates whose experience more closely matches the current requirements.,semi_automated,recruiter,hard,Oakridge Financial,,,,,
JOB-01271,job_search,rejection,generic_automated_rejection,Application outcome,The review for the Marketing Manager position is now complete. We will be moving forward with another candidate. Thank you for your interest in Horizon Labs.,automated,hiring_manager,easy,Horizon Labs,,,Marketing Manager,,
JOB-01272,job_search,acceptance_progression,second_interview,We'd like to move forward,"Thank you for speaking with us. The team enjoyed learning about your experience and would like to continue the conversation. We would like to arrange the next interview with you.

Best regards,
Sarah Wilson",human,company,medium,,Sarah Wilson,,,,
JOB-01273,job_search,acceptance_progression,first_interview,Assessment invitation,We would like to invite you to complete the next stage of our selection process. The assessment will help the team evaluate your skills for the UX Designer role.,automated,company,hard,,,,UX Designer,,
JOB-01274,job_search,rejection,post_interview,Application outcome,The review for the Project Coordinator position is now complete. We will be moving forward with another candidate. Thank you for your interest in Horizon Labs.,semi_automated,ats,hard,Horizon Labs,,,Project Coordinator,,
JOB-01275,job_search,application_notification,thank_you_for_applying,Application received — Business Analyst,Thank you for your interest in the Business Analyst position at Oakridge Financial. We have received your application and our hiring team will review it. We will contact you if there is a suitable next step.,semi_automated,company,hard,Oakridge Financial,,,Business Analyst,,
JOB-01276,job_search,acceptance_progression,second_interview,Offer from Oakridge Financial,"We are pleased to offer you the Machine Learning Engineer position. The offer details, proposed start date, and terms are available in the candidate portal at https://example.test/offer.",automated,recruiter,easy,Oakridge Financial,,,Machine Learning Engineer,,https://example.test/offer.
JOB-01277,job_search,application_notification,application_recommended_jobs,Application status update,Your application for Operations Specialist is currently under review. We are assessing applications against the requirements of the role and will provide an update when the review is complete.,human,hr,hard,,,,Operations Specialist,,
JOB-01278,job_search,application_notification,application_submitted,Application received — Business Analyst,Thank you for your interest in the Business Analyst position at BrightPath Energy. We have received your application and our hiring team will review it. We will contact you if there is a suitable next step.,automated,ats,medium,BrightPath Energy,,,Business Analyst,,
JOB-01279,job_search,application_notification,application_under_review,Application received — Content Strategist,Thank you for your interest in the Content Strategist position at Atlas Software. We have received your application and our hiring team will review it. We will contact you if there is a suitable next step.,semi_automated,ats,adversarial,Atlas Software,,,Content Strategist,,
JOB-01280,job_search,rejection,position_related,Application outcome,The review for the Product Manager position is now complete. We will be moving forward with another candidate. Thank you for your interest in BluePeak Analytics.,automated,hiring_manager,medium,BluePeak Analytics,,,Product Manager,,
JOB-01281,job_search,rejection,post_application_review,Your application with Meridian Health,We appreciate the time you invested in the recruitment process. We have decided to continue with other candidates whose experience more closely matches the current requirements.,human,recruiter,medium,Meridian Health,,,,,
JOB-01282,job_search,application_notification,application_recommended_jobs,Application status update,"Your application for Sales Development Representative is currently under review. We are assessing applications against the requirements of the role and will provide an update when the review is complete. Please note that this message is only a confirmation that we received your application.

Best regards,
Olivia Andersson",human,company,hard,,Olivia Andersson,,Sales Development Representative,,
JOB-01283,job_search,acceptance_progression,offer,Interview invitation — Data Analyst,"Hello Jamie,

We have reviewed your application for the Data Analyst position at BrightPath Energy and would like to invite you to the next stage of the process. Please use https://example.test/schedule to select a convenient time.

The interview team is based in Paris.",semi_automated,company,easy,BrightPath Energy,,Paris,Data Analyst,,https://example.test/schedule
JOB-01284,job_search,application_notification,application_received,Application received — Business Analyst,Thank you for your interest in the Business Analyst position at BluePeak Analytics. We have received your application and our hiring team will review it. We will contact you if there is a suitable next step.,automated,recruiter,medium,BluePeak Analytics,,,Business Analyst,,
JOB-01285,job_search,acceptance_progression,assessment,Offer from Pinecrest Media,"We are pleased to offer you the DevOps Engineer position. The offer details, proposed start date, and terms are available in the candidate portal at https://example.test/offer.",human,hr,easy,Pinecrest Media,,,DevOps Engineer,,https://example.test/offer.
JOB-01286,job_search,rejection,post_final_interview,Your application with Northstar Technologies,We appreciate the time you invested in the recruitment process. We have decided to continue with other candidates whose experience more closely matches the current requirements.,automated,ats,easy,Northstar Technologies,,,,,
JOB-01287,job_search,application_notification,application_under_review,More opportunities for you,"Thank you for applying for Customer Success Manager. While your application is being reviewed, you may also be interested in other roles that match your profile at Horizon Labs.",semi_automated,company,easy,Horizon Labs,,,Customer Success Manager,,
JOB-01288,job_search,acceptance_progression,first_interview,Assessment invitation,We would like to invite you to complete the next stage of our selection process. The assessment will help the team evaluate your skills for the Marketing Manager role.,automated,hr,medium,,,,Marketing Manager,,
JOB-01289,job_search,acceptance_progression,first_interview,Offer from Silverline Systems,"Hello Chris,

We are pleased to offer you the Marketing Manager position. The offer details, proposed start date, and terms are available in the candidate portal at https://example.test/offer.

The interview team is based in Helsinki.",automated,company,medium,Silverline Systems,,Helsinki,Marketing Manager,,https://example.test/offer.
JOB-01290,job_search,acceptance_progression,move_forward,We'd like to move forward,Thank you for speaking with us. The team enjoyed learning about your experience and would like to continue the conversation. We would like to arrange the next interview with you.,human,company,hard,,,,,,
JOB-01291,job_search,acceptance_progression,assessment,Interview invitation — Business Analyst,We have reviewed your application for the Business Analyst position at Northstar Technologies and would like to invite you to the next stage of the process. Please use https://example.test/schedule to select a convenient time.,automated,recruiter,hard,Northstar Technologies,,,Business Analyst,,https://example.test/schedule
JOB-01292,job_search,acceptance_progression,first_interview,Assessment invitation,"Hello Casey,

We would like to invite you to complete the next stage of our selection process. The assessment will help the team evaluate your skills for the Content Strategist role.

The interview team is based in Copenhagen.",automated,hiring_manager,hard,,,Copenhagen,Content Strategist,,
JOB-01293,job_search,acceptance_progression,first_interview,Next step in your application,We are pleased to let you know that your application has progressed to the next stage. Please provide your availability for an interview with the hiring team.,human,recruiter,hard,,,,,,
JOB-01294,job_search,application_notification,thank_you_for_applying,More opportunities for you,"Thank you for applying for Operations Specialist. While your application is being reviewed, you may also be interested in other roles that match your profile at Atlas Software. Please note that this message is only a confirmation that we received your application.",automated,hiring_manager,hard,Atlas Software,,,Operations Specialist,,
JOB-01295,job_search,application_notification,thank_you_for_applying,Thanks for applying to BluePeak Analytics,We appreciate your interest in the UX Designer opportunity. Your application is now with our recruitment team. You do not need to take any further action at this time.,automated,recruiter,easy,BluePeak Analytics,,,UX Designer,,
JOB-01296,job_search,rejection,different_direction,Recruitment update,"We were impressed by your background and appreciated the opportunity to learn more about you. At this stage, however, we have chosen to take the process in a different direction.",automated,ats,adversarial,,,,,,
JOB-01297,job_search,rejection,different_direction,Recruitment update,"We were impressed by your background and appreciated the opportunity to learn more about you. At this stage, however, we have chosen to take the process in a different direction.

Best regards,
Liam Turner",human,recruiter,medium,,Liam Turner,,,,
JOB-01298,job_search,rejection,different_direction,Regarding your application,"Thank you for speaking with our team about the Software Engineer role. Unfortunately, we will not be progressing your application to the next stage.",semi_automated,ats,easy,,,,Software Engineer,,
JOB-01299,job_search,acceptance_progression,first_interview,Offer from BrightPath Energy,"Hello Liam,

We are pleased to offer you the Customer Success Manager position. The offer details, proposed start date, and terms are available in the candidate portal at https://example.test/offer.

The interview team is based in Dublin.",human,company,medium,BrightPath Energy,,Dublin,Customer Success Manager,,https://example.test/offer.
JOB-01300,job_search,application_notification,application_submitted,Your application has been submitted,Your application for Financial Analyst at Lighthouse Cloud was successfully submitted. This confirmation does not indicate a hiring decision. We appreciate your interest and will review your information. Please note that this message is only a confirmation that we received your application.,semi_automated,company,medium,Lighthouse Cloud,,,Financial Analyst,,
JOB-01301,job_search,acceptance_progression,recruiter_screen,We'd like to move forward,"Hello Liam,

Thank you for speaking with us. The team enjoyed learning about your experience and would like to continue the conversation. We would like to arrange the next interview with you.

The interview team is based in Copenhagen.",human,ats,medium,,,Copenhagen,,,
JOB-01302,job_search,rejection,other_candidates,Update on your Machine Learning Engineer application,"Thank you for applying for the Machine Learning Engineer position at Vertex Consulting. After careful consideration, we have will not be progressing with your application at this time.",human,hiring_manager,medium,Vertex Consulting,,,Machine Learning Engineer,,
JOB-01303,job_search,rejection,different_direction,Recruitment update,"We were impressed by your background and appreciated the opportunity to learn more about you. At this stage, however, we have chosen to take the process in a different direction.",human,hr,easy,,,,,,
JOB-01304,job_search,rejection,other_candidates,Application outcome,"The review for the Customer Success Manager position is now complete. We will be moving forward with another candidate. Thank you for your interest in Summit Retail.

Best regards,
Jordan Wilson",semi_automated,ats,easy,Summit Retail,Jordan Wilson,,Customer Success Manager,,
JOB-01305,job_search,rejection,different_direction,Regarding your application,"Thank you for speaking with our team about the UX Designer role. Unfortunately, we will not be progressing your application to the next stage.",human,recruiter,medium,,,,UX Designer,,
JOB-01306,job_search,rejection,other_candidates,Application outcome,The review for the Customer Success Manager position is now complete. We will be moving forward with another candidate. Thank you for your interest in Northstar Technologies.,human,recruiter,easy,Northstar Technologies,,,Customer Success Manager,,
JOB-01307,job_search,rejection,post_interview,Recruitment update,"We were impressed by your background and appreciated the opportunity to learn more about you. At this stage, however, we have chosen to take the process in a different direction.",automated,hr,medium,,,,,,
JOB-01308,job_search,acceptance_progression,offer,Interview invitation — Financial Analyst,We have reviewed your application for the Financial Analyst position at Summit Retail and would like to invite you to the next stage of the process. Please use https://example.test/schedule to select a convenient time.,semi_automated,company,medium,Summit Retail,,,Financial Analyst,,https://example.test/schedule
JOB-01309,job_search,rejection,post_interview,Update on your Customer Success Manager application,"Thank you for applying for the Customer Success Manager position at BluePeak Analytics. After careful consideration, we have decided not to move forward with your application at this time.",automated,ats,easy,BluePeak Analytics,,,Customer Success Manager,,
JOB-01310,job_search,rejection,post_interview,Application outcome,The review for the Content Strategist position is now complete. We will be moving forward with another candidate. Thank you for your interest in BrightPath Energy.,human,recruiter,easy,BrightPath Energy,,,Content Strategist,,
JOB-01311,job_search,rejection,post_interview,Update on your Data Analyst application,"Thank you for applying for the Data Analyst position at BrightPath Energy. After careful consideration, we have decided not to move forward with your application at this time.",human,hr,adversarial,BrightPath Energy,,,Data Analyst,,
JOB-01312,job_search,acceptance_progression,availability_request,Next step in your application,We are pleased to let you know that your application has progressed to the next stage. Please provide your availability for an interview with the hiring team.,semi_automated,hr,easy,,,,,,
JOB-01313,job_search,rejection,post_application_review,Regarding your application,"Thank you for speaking with our team about the UX Designer role. Unfortunately, we will not be progressing your application to the next stage.",semi_automated,ats,hard,,,,UX Designer,,
JOB-01314,job_search,acceptance_progression,other_progression,Assessment invitation,We would like to invite you to complete the next stage of our selection process. The assessment will help the team evaluate your skills for the Product Manager role.,human,recruiter,medium,,,,Product Manager,,
JOB-01315,job_search,acceptance_progression,second_interview,Assessment invitation,We would like to invite you to complete the next stage of our selection process. The assessment will help the team evaluate your skills for the Customer Success Manager role.,semi_automated,recruiter,hard,,,,Customer Success Manager,,
JOB-01316,job_search,rejection,different_direction,Update on your Machine Learning Engineer application,"Thank you for applying for the Machine Learning Engineer position at BluePeak Analytics. After careful consideration, we have will not be progressing with your application at this time.",human,hiring_manager,hard,BluePeak Analytics,,,Machine Learning Engineer,,
JOB-01317,job_search,acceptance_progression,direct_acceptance,Next step in your application,We are pleased to let you know that your application has progressed to the next stage. Please provide your availability for an interview with the hiring team.,human,ats,hard,,,,,,
JOB-01318,job_search,application_notification,thank_you_for_applying,Application received — Project Coordinator,Thank you for your interest in the Project Coordinator position at BrightPath Energy. We have received your application and our hiring team will review it. We will contact you if there is a suitable next step.,semi_automated,hr,hard,BrightPath Energy,,,Project Coordinator,,
JOB-01319,job_search,rejection,different_direction,Update on your Marketing Manager application,"Thank you for applying for the Marketing Manager position at Redwood Solutions. After careful consideration, we have decided not to move forward with your application at this time.",human,hiring_manager,hard,Redwood Solutions,,,Marketing Manager,,
JOB-01320,job_search,acceptance_progression,first_interview,Assessment invitation,We would like to invite you to complete the next stage of our selection process. The assessment will help the team evaluate your skills for the Financial Analyst role.,automated,company,easy,,,,Financial Analyst,,
JOB-01321,job_search,rejection,generic_automated_rejection,Application outcome,The review for the Content Strategist position is now complete. We will be moving forward with another candidate. Thank you for your interest in Aurora Mobility.,semi_automated,ats,medium,Aurora Mobility,,,Content Strategist,,
JOB-01322,job_search,rejection,post_final_interview,Regarding your application,"Thank you for speaking with our team about the Operations Specialist role. Unfortunately, we will not be progressing your application to the next stage.",human,hr,easy,,,,Operations Specialist,,
JOB-01323,job_search,acceptance_progression,second_interview,We'd like to move forward,"Hello Robin,

Thank you for speaking with us. The team enjoyed learning about your experience and would like to continue the conversation. We would like to arrange the next interview with you.

The interview team is based in Helsinki.",automated,hiring_manager,hard,,,Helsinki,,,
JOB-01324,job_search,application_notification,thank_you_for_applying,Application received — Software Engineer,Thank you for your interest in the Software Engineer position at Horizon Labs. We have received your application and our hiring team will review it. We will contact you if there is a suitable next step.,semi_automated,ats,medium,Horizon Labs,,,Software Engineer,,
JOB-01325,job_search,acceptance_progression,availability_request,Next step in your application,We are pleased to let you know that your application has progressed to the next stage. Please provide your availability for an interview with the hiring team.,semi_automated,company,adversarial,,,,,,
JOB-01326,job_search,acceptance_progression,other_progression,Assessment invitation,We would like to invite you to complete the next stage of our selection process. The assessment will help the team evaluate your skills for the Sales Development Representative role.,automated,hiring_manager,easy,,,,Sales Development Representative,,
JOB-01327,job_search,application_notification,application_submitted,Application received — Product Manager,Thank you for your interest in the Product Manager position at Lighthouse Cloud. We have received your application and our hiring team will review it. We will contact you if there is a suitable next step. Please note that this message is only a confirmation that we received your application.,automated,recruiter,medium,Lighthouse Cloud,,,Product Manager,,
JOB-01328,job_search,application_notification,thank_you_for_applying,Application received — Project Coordinator,"Thank you for your interest in the Project Coordinator position at Vertex Consulting. We have received your application and our hiring team will review it. We will contact you if there is a suitable next step.

Best regards,
Maya Mitchell",automated,recruiter,medium,Vertex Consulting,Maya Mitchell,,Project Coordinator,,
JOB-01329,job_search,application_notification,recruiter_acknowledgement,Your application has been submitted,Your application for Frontend Developer at Oakridge Financial was successfully submitted. This confirmation does not indicate a hiring decision. We appreciate your interest and will review your information.,semi_automated,ats,hard,Oakridge Financial,,,Frontend Developer,,
JOB-01330,job_search,rejection,post_interview,Your application with Meridian Health,"We appreciate the time you invested in the recruitment process. We have decided to continue with other candidates whose experience more closely matches the current requirements.

Best regards,
Sofia Lee",automated,hr,medium,Meridian Health,Sofia Lee,,,,
JOB-01331,job_search,rejection,different_direction,Your application with BluePeak Analytics,We appreciate the time you invested in the recruitment process. We have decided to continue with other candidates whose experience more closely matches the current requirements.,automated,hr,medium,BluePeak Analytics,,,,,
JOB-01332,job_search,rejection,generic_automated_rejection,Application outcome,The review for the Business Analyst position is now complete. We will be moving forward with another candidate. Thank you for your interest in Vertex Consulting.,automated,recruiter,easy,Vertex Consulting,,,Business Analyst,,
JOB-01333,job_search,rejection,generic_automated_rejection,Application outcome,The review for the Product Manager position is now complete. We will be moving forward with another candidate. Thank you for your interest in Meridian Health.,semi_automated,recruiter,easy,Meridian Health,,,Product Manager,,
JOB-01334,job_search,rejection,generic_automated_rejection,Regarding your application,"Thank you for speaking with our team about the Content Strategist role. Unfortunately, we will not be progressing your application to the next stage.",semi_automated,hiring_manager,easy,,,,Content Strategist,,
JOB-01335,job_search,application_notification,application_status_update,Application received — DevOps Engineer,Thank you for your interest in the DevOps Engineer position at BluePeak Analytics. We have received your application and our hiring team will review it. We will contact you if there is a suitable next step.,semi_automated,ats,easy,BluePeak Analytics,,,DevOps Engineer,,
JOB-01336,job_search,acceptance_progression,offer,Assessment invitation,We would like to invite you to complete the next stage of our selection process. The assessment will help the team evaluate your skills for the Sales Development Representative role.,human,ats,medium,,,,Sales Development Representative,,
JOB-01337,job_search,application_notification,application_under_review,More opportunities for you,"Thank you for applying for Operations Specialist. While your application is being reviewed, you may also be interested in other roles that match your profile at BluePeak Analytics. Please note that this message is only a confirmation that we received your application.",semi_automated,hiring_manager,hard,BluePeak Analytics,,,Operations Specialist,,
JOB-01338,job_search,application_notification,thank_you_for_applying,More opportunities for you,"Thank you for applying for Financial Analyst. While your application is being reviewed, you may also be interested in other roles that match your profile at Horizon Labs.

Best regards,
Robin Evans",automated,company,medium,Horizon Labs,Robin Evans,,Financial Analyst,,
JOB-01339,job_search,acceptance_progression,final_interview,Interview invitation — Financial Analyst,We have reviewed your application for the Financial Analyst position at BrightPath Energy and would like to invite you to the next stage of the process. Please use https://example.test/schedule to select a convenient time.,human,recruiter,hard,BrightPath Energy,,,Financial Analyst,,https://example.test/schedule
JOB-01340,job_search,rejection,personalized_recruiter,Application outcome,The review for the Marketing Manager position is now complete. We will be moving forward with another candidate. Thank you for your interest in Northstar Technologies.,automated,hr,hard,Northstar Technologies,,,Marketing Manager,,
JOB-01341,job_search,application_notification,application_submitted,More opportunities for you,"Thank you for applying for Data Analyst. While your application is being reviewed, you may also be interested in other roles that match your profile at Redwood Solutions.",semi_automated,recruiter,easy,Redwood Solutions,,,Data Analyst,,
JOB-01342,job_search,application_notification,application_submitted,Application received — Software Engineer,Thank you for your interest in the Software Engineer position at Lighthouse Cloud. We have received your application and our hiring team will review it. We will contact you if there is a suitable next step.,semi_automated,recruiter,easy,Lighthouse Cloud,,,Software Engineer,,
JOB-01343,job_search,application_notification,application_submitted,Application status update,Your application for UX Designer is currently under review. We are assessing applications against the requirements of the role and will provide an update when the review is complete. Please note that this message is only a confirmation that we received your application.,semi_automated,hr,medium,,,,UX Designer,,
JOB-01344,job_search,acceptance_progression,final_interview,Interview invitation — Machine Learning Engineer,We have reviewed your application for the Machine Learning Engineer position at Aurora Mobility and would like to invite you to the next stage of the process. Please use https://example.test/schedule to select a convenient time.,semi_automated,hr,medium,Aurora Mobility,,,Machine Learning Engineer,,https://example.test/schedule
JOB-01345,job_search,acceptance_progression,recruiter_screen,Assessment invitation,We would like to invite you to complete the next stage of our selection process. The assessment will help the team evaluate your skills for the Frontend Developer role.,semi_automated,company,easy,,,,Frontend Developer,,
JOB-01346,job_search,acceptance_progression,first_interview,Offer from BluePeak Analytics,"Hello Daniel,

We are pleased to offer you the Frontend Developer position. The offer details, proposed start date, and terms are available in the candidate portal at https://example.test/offer.

The interview team is based in Oslo.",human,hiring_manager,hard,BluePeak Analytics,,Oslo,Frontend Developer,,https://example.test/offer.
JOB-01347,job_search,application_notification,application_submitted,Your application has been submitted,Your application for DevOps Engineer at Northstar Technologies was successfully submitted. This confirmation does not indicate a hiring decision. We appreciate your interest and will review your information.,semi_automated,hr,easy,Northstar Technologies,,,DevOps Engineer,,
JOB-01348,job_search,application_notification,application_submitted,Your application has been submitted,"Your application for Sales Development Representative at BluePeak Analytics was successfully submitted. This confirmation does not indicate a hiring decision. We appreciate your interest and will review your information. Please note that this message is only a confirmation that we received your application.

Best regards,
Morgan Larsson",human,hiring_manager,easy,BluePeak Analytics,Morgan Larsson,,Sales Development Representative,,
JOB-01349,job_search,rejection,generic_automated_rejection,Update on your Customer Success Manager application,"Thank you for applying for the Customer Success Manager position at Aurora Mobility. After careful consideration, we have decided not to move forward with your application at this time.",automated,ats,medium,Aurora Mobility,,,Customer Success Manager,,
JOB-01350,job_search,rejection,other_candidates,Your application with Horizon Labs,We appreciate the time you invested in the recruitment process. We have decided to continue with other candidates whose experience more closely matches the current requirements.,human,hr,medium,Horizon Labs,,,,,
JOB-01351,job_search,application_notification,application_submitted,Application received — Content Strategist,Thank you for your interest in the Content Strategist position at Summit Retail. We have received your application and our hiring team will review it. We will contact you if there is a suitable next step.,automated,company,medium,Summit Retail,,,Content Strategist,,
JOB-01352,job_search,application_notification,thank_you_for_applying,Application status update,Your application for Customer Success Manager is currently under review. We are assessing applications against the requirements of the role and will provide an update when the review is complete. Please note that this message is only a confirmation that we received your application.,automated,company,hard,,,,Customer Success Manager,,
JOB-01353,job_search,application_notification,thank_you_for_applying,Application received — Software Engineer,Thank you for your interest in the Software Engineer position at Atlas Software. We have received your application and our hiring team will review it. We will contact you if there is a suitable next step.,human,hr,easy,Atlas Software,,,Software Engineer,,
JOB-01354,job_search,application_notification,recruiter_acknowledgement,Application received — UX Designer,Thank you for your interest in the UX Designer position at Oakridge Financial. We have received your application and our hiring team will review it. We will contact you if there is a suitable next step.,automated,hr,hard,Oakridge Financial,,,UX Designer,,
JOB-01355,job_search,application_notification,recruiter_acknowledgement,Application received — Data Analyst,Thank you for your interest in the Data Analyst position at BluePeak Analytics. We have received your application and our hiring team will review it. We will contact you if there is a suitable next step.,semi_automated,company,adversarial,BluePeak Analytics,,,Data Analyst,,
JOB-01356,job_search,application_notification,application_under_review,More opportunities for you,"Thank you for applying for Marketing Manager. While your application is being reviewed, you may also be interested in other roles that match your profile at Vertex Consulting. Please note that this message is only a confirmation that we received your application.",semi_automated,recruiter,easy,Vertex Consulting,,,Marketing Manager,,
JOB-01357,job_search,application_notification,application_under_review,Your application has been submitted,Your application for Business Analyst at Oakridge Financial was successfully submitted. This confirmation does not indicate a hiring decision. We appreciate your interest and will review your information. Please note that this message is only a confirmation that we received your application.,automated,recruiter,easy,Oakridge Financial,,,Business Analyst,,
JOB-01358,job_search,application_notification,application_status_update,Your application has been submitted,Your application for Customer Success Manager at BrightPath Energy was successfully submitted. This confirmation does not indicate a hiring decision. We appreciate your interest and will review your information.,semi_automated,hiring_manager,easy,BrightPath Energy,,,Customer Success Manager,,
JOB-01359,job_search,rejection,different_direction,Application outcome,The review for the DevOps Engineer position is now complete. We will be moving forward with another candidate. Thank you for your interest in Redwood Solutions.,semi_automated,hr,easy,Redwood Solutions,,,DevOps Engineer,,
JOB-01360,job_search,application_notification,recruiter_acknowledgement,Application received — Data Analyst,Thank you for your interest in the Data Analyst position at Oakridge Financial. We have received your application and our hiring team will review it. We will contact you if there is a suitable next step.,automated,hiring_manager,easy,Oakridge Financial,,,Data Analyst,,
JOB-01361,job_search,rejection,position_related,Regarding your application,"Thank you for speaking with our team about the Data Analyst role. Unfortunately, we will not be progressing your application to the next stage.",semi_automated,ats,easy,,,,Data Analyst,,
JOB-01362,job_search,application_notification,application_under_review,Thanks for applying to Atlas Software,"We appreciate your interest in the DevOps Engineer opportunity. Your application is now with our recruitment team. You do not need to take any further action at this time.

Best regards,
Sam Mitchell",semi_automated,hiring_manager,medium,Atlas Software,Sam Mitchell,,DevOps Engineer,,
JOB-01363,job_search,application_notification,application_recommended_jobs,Application received — UX Designer,Thank you for your interest in the UX Designer position at Lighthouse Cloud. We have received your application and our hiring team will review it. We will contact you if there is a suitable next step. Please note that this message is only a confirmation that we received your application.,human,recruiter,hard,Lighthouse Cloud,,,UX Designer,,
JOB-01364,job_search,application_notification,application_submitted,Thanks for applying to Silverline Systems,We appreciate your interest in the Marketing Manager opportunity. Your application is now with our recruitment team. You do not need to take any further action at this time.,automated,hr,hard,Silverline Systems,,,Marketing Manager,,
JOB-01365,job_search,application_notification,thank_you_for_applying,Application received — Project Coordinator,Thank you for your interest in the Project Coordinator position at BrightPath Energy. We have received your application and our hiring team will review it. We will contact you if there is a suitable next step.,human,hiring_manager,hard,BrightPath Energy,,,Project Coordinator,,
JOB-01366,job_search,acceptance_progression,first_interview,Interview invitation — UX Designer,We have reviewed your application for the UX Designer position at BrightPath Energy and would like to invite you to the next stage of the process. Please use https://example.test/schedule to select a convenient time.,human,company,hard,BrightPath Energy,,,UX Designer,,https://example.test/schedule
JOB-01367,job_search,application_notification,application_under_review,Application status update,Your application for Content Strategist is currently under review. We are assessing applications against the requirements of the role and will provide an update when the review is complete.,automated,recruiter,easy,,,,Content Strategist,,
JOB-01368,job_search,application_notification,application_submitted,Application status update,Your application for Financial Analyst is currently under review. We are assessing applications against the requirements of the role and will provide an update when the review is complete.,automated,recruiter,medium,,,,Financial Analyst,,
JOB-01369,job_search,acceptance_progression,second_interview,Assessment invitation,We would like to invite you to complete the next stage of our selection process. The assessment will help the team evaluate your skills for the Project Coordinator role.,automated,company,hard,,,,Project Coordinator,,
JOB-01370,job_search,rejection,post_interview,Application outcome,The review for the Marketing Manager position is now complete. We will be moving forward with another candidate. Thank you for your interest in Vertex Consulting.,semi_automated,hr,easy,Vertex Consulting,,,Marketing Manager,,
JOB-01371,job_search,acceptance_progression,availability_request,Assessment invitation,We would like to invite you to complete the next stage of our selection process. The assessment will help the team evaluate your skills for the Sales Development Representative role.,human,hiring_manager,hard,,,,Sales Development Representative,,
JOB-01372,job_search,rejection,post_interview,Application outcome,The review for the Data Analyst position is now complete. We will be moving forward with another candidate. Thank you for your interest in Pinecrest Media.,semi_automated,hr,medium,Pinecrest Media,,,Data Analyst,,
JOB-01373,job_search,application_notification,application_recommended_jobs,Your application has been submitted,Your application for UX Designer at Redwood Solutions was successfully submitted. This confirmation does not indicate a hiring decision. We appreciate your interest and will review your information.,semi_automated,company,adversarial,Redwood Solutions,,,UX Designer,,
JOB-01374,job_search,application_notification,application_submitted,Application status update,Your application for Project Coordinator is currently under review. We are assessing applications against the requirements of the role and will provide an update when the review is complete. Please note that this message is only a confirmation that we received your application.,semi_automated,hr,adversarial,,,,Project Coordinator,,
JOB-01375,job_search,application_notification,application_received,Your application has been submitted,"Your application for Product Manager at Aurora Mobility was successfully submitted. This confirmation does not indicate a hiring decision. We appreciate your interest and will review your information. Please note that this message is only a confirmation that we received your application.

Best regards,
Casey Patel",semi_automated,hr,easy,Aurora Mobility,Casey Patel,,Product Manager,,
JOB-01376,job_search,acceptance_progression,second_interview,Interview invitation — Sales Development Representative,We have reviewed your application for the Sales Development Representative position at BluePeak Analytics and would like to invite you to the next stage of the process. Please use https://example.test/schedule to select a convenient time.,automated,company,hard,BluePeak Analytics,,,Sales Development Representative,,https://example.test/schedule
JOB-01377,job_search,acceptance_progression,direct_acceptance,Offer from Meridian Health,"We are pleased to offer you the Sales Development Representative position. The offer details, proposed start date, and terms are available in the candidate portal at https://example.test/offer.",human,hiring_manager,medium,Meridian Health,,,Sales Development Representative,,https://example.test/offer.
JOB-01378,job_search,rejection,position_related,Regarding your application,"Thank you for speaking with our team about the Content Strategist role. Unfortunately, we will not be progressing your application to the next stage.",human,ats,easy,,,,Content Strategist,,
JOB-01379,job_search,rejection,other_candidates,Your application with Meridian Health,We appreciate the time you invested in the recruitment process. We have decided to continue with other candidates whose experience more closely matches the current requirements.,human,recruiter,medium,Meridian Health,,,,,
JOB-01380,job_search,rejection,post_application_review,Update on your Customer Success Manager application,"Thank you for applying for the Customer Success Manager position at Aurora Mobility. After careful consideration, we have decided not to move forward with your application at this time.",semi_automated,hiring_manager,medium,Aurora Mobility,,,Customer Success Manager,,
JOB-01381,job_search,rejection,different_direction,Update on your Machine Learning Engineer application,"Thank you for applying for the Machine Learning Engineer position at Lighthouse Cloud. After careful consideration, we have decided not to move forward with your application at this time.",semi_automated,company,hard,Lighthouse Cloud,,,Machine Learning Engineer,,
JOB-01382,job_search,rejection,post_application_review,Update on your Marketing Manager application,"Thank you for applying for the Marketing Manager position at Aurora Mobility. After careful consideration, we have decided not to move forward with your application at this time.",semi_automated,hr,easy,Aurora Mobility,,,Marketing Manager,,
JOB-01383,job_search,acceptance_progression,final_interview,Offer from Vertex Consulting,"We are pleased to offer you the Software Engineer position. The offer details, proposed start date, and terms are available in the candidate portal at https://example.test/offer.

Best regards,
Sofia Garcia",semi_automated,hiring_manager,medium,Vertex Consulting,Sofia Garcia,,Software Engineer,,https://example.test/offer.
JOB-01384,job_search,rejection,other_candidates,Application outcome,The review for the Business Analyst position is now complete. We will be moving forward with another candidate. Thank you for your interest in Oakridge Financial.,automated,recruiter,adversarial,Oakridge Financial,,,Business Analyst,,
JOB-01385,job_search,application_notification,application_submitted,Application status update,"Your application for Business Analyst is currently under review. We are assessing applications against the requirements of the role and will provide an update when the review is complete.

Best regards,
Morgan Turner",semi_automated,recruiter,hard,,Morgan Turner,,Business Analyst,,
JOB-01386,job_search,rejection,other_candidates,Recruitment update,"We were impressed by your background and appreciated the opportunity to learn more about you. At this stage, however, we have chosen to take the process in a different direction.",human,hiring_manager,adversarial,,,,,,
JOB-01387,job_search,application_notification,application_status_update,Thanks for applying to Pinecrest Media,We appreciate your interest in the Marketing Manager opportunity. Your application is now with our recruitment team. You do not need to take any further action at this time.,human,recruiter,hard,Pinecrest Media,,,Marketing Manager,,
JOB-01388,job_search,acceptance_progression,offer,Next step in your application,We are pleased to let you know that your application has progressed to the next stage. Please provide your availability for an interview with the hiring team.,human,ats,adversarial,,,,,,
JOB-01389,job_search,acceptance_progression,recruiter_screen,Next step in your application,We are pleased to let you know that your application has progressed to the next stage. Please provide your availability for an interview with the hiring team.,semi_automated,company,easy,,,,,,
JOB-01390,job_search,application_notification,application_submitted,Application status update,Your application for Customer Success Manager is currently under review. We are assessing applications against the requirements of the role and will provide an update when the review is complete. Please note that this message is only a confirmation that we received your application.,semi_automated,company,easy,,,,Customer Success Manager,,
JOB-01391,job_search,rejection,other_candidates,Your application with Aurora Mobility,We appreciate the time you invested in the recruitment process. We have decided to continue with other candidates whose experience more closely matches the current requirements.,automated,recruiter,adversarial,Aurora Mobility,,,,,
JOB-01392,job_search,application_notification,thank_you_for_applying,More opportunities for you,"Thank you for applying for Content Strategist. While your application is being reviewed, you may also be interested in other roles that match your profile at Northstar Technologies. Please note that this message is only a confirmation that we received your application.

Best regards,
Morgan Lee",semi_automated,hiring_manager,medium,Northstar Technologies,Morgan Lee,,Content Strategist,,
JOB-01393,job_search,rejection,post_application_review,Update on your Sales Development Representative application,"Thank you for applying for the Sales Development Representative position at Horizon Labs. After careful consideration, we have decided not to move forward with your application at this time.",semi_automated,recruiter,easy,Horizon Labs,,,Sales Development Representative,,
JOB-01394,job_search,application_notification,application_submitted,Application received — Marketing Manager,Thank you for your interest in the Marketing Manager position at Redwood Solutions. We have received your application and our hiring team will review it. We will contact you if there is a suitable next step.,human,recruiter,hard,Redwood Solutions,,,Marketing Manager,,
JOB-01395,job_search,application_notification,application_status_update,Your application has been submitted,"Your application for Project Coordinator at Silverline Systems was successfully submitted. This confirmation does not indicate a hiring decision. We appreciate your interest and will review your information.

Best regards,
Jamie Lee",automated,recruiter,medium,Silverline Systems,Jamie Lee,,Project Coordinator,,
JOB-01396,job_search,application_notification,thank_you_for_applying,Application status update,Your application for Business Analyst is currently under review. We are assessing applications against the requirements of the role and will provide an update when the review is complete.,semi_automated,hr,medium,,,,Business Analyst,,
JOB-01397,job_search,application_notification,recruiter_acknowledgement,Application status update,"Your application for Sales Development Representative is currently under review. We are assessing applications against the requirements of the role and will provide an update when the review is complete.

Best regards,
Robin Andersson",semi_automated,hr,medium,,Robin Andersson,,Sales Development Representative,,
JOB-01398,job_search,application_notification,application_received,Your application has been submitted,Your application for Financial Analyst at Pinecrest Media was successfully submitted. This confirmation does not indicate a hiring decision. We appreciate your interest and will review your information.,human,recruiter,hard,Pinecrest Media,,,Financial Analyst,,
JOB-01399,job_search,rejection,different_direction,Regarding your application,"Thank you for speaking with our team about the Machine Learning Engineer role. Unfortunately, we will not be progressing your application to the next stage.",human,ats,medium,,,,Machine Learning Engineer,,
JOB-01400,job_search,application_notification,application_submitted,Application status update,Your application for Marketing Manager is currently under review. We are assessing applications against the requirements of the role and will provide an update when the review is complete. Please note that this message is only a confirmation that we received your application.,semi_automated,recruiter,hard,,,,Marketing Manager,,
JOB-01401,job_search,application_notification,thank_you_for_applying,Application status update,Your application for Product Manager is currently under review. We are assessing applications against the requirements of the role and will provide an update when the review is complete.,semi_automated,hiring_manager,medium,,,,Product Manager,,
JOB-01402,job_search,application_notification,application_submitted,Application status update,Your application for Project Coordinator is currently under review. We are assessing applications against the requirements of the role and will provide an update when the review is complete. Please note that this message is only a confirmation that we received your application.,automated,ats,easy,,,,Project Coordinator,,
JOB-01403,job_search,application_notification,application_submitted,Thanks for applying to Pinecrest Media,We appreciate your interest in the Sales Development Representative opportunity. Your application is now with our recruitment team. You do not need to take any further action at this time.,semi_automated,company,hard,Pinecrest Media,,,Sales Development Representative,,
JOB-01404,job_search,acceptance_progression,first_interview,Next step in your application,"We are pleased to let you know that your application has progressed to the next stage. Please provide your availability for an interview with the hiring team.

Best regards,
Casey Miller",semi_automated,company,easy,,Casey Miller,,,,
JOB-01405,job_search,application_notification,thank_you_for_applying,More opportunities for you,"Thank you for applying for Machine Learning Engineer. While your application is being reviewed, you may also be interested in other roles that match your profile at BrightPath Energy.",semi_automated,ats,easy,BrightPath Energy,,,Machine Learning Engineer,,
JOB-01406,job_search,rejection,generic_automated_rejection,Recruitment update,"We were impressed by your background and appreciated the opportunity to learn more about you. At this stage, however, we have chosen to take the process in a different direction.",semi_automated,hiring_manager,easy,,,,,,
JOB-01407,job_search,rejection,post_application_review,Your application with Lighthouse Cloud,We appreciate the time you invested in the recruitment process. We have decided to continue with other candidates whose experience more closely matches the current requirements.,automated,hr,easy,Lighthouse Cloud,,,,,
JOB-01408,job_search,acceptance_progression,direct_acceptance,Offer from Lighthouse Cloud,"We are pleased to offer you the Content Strategist position. The offer details, proposed start date, and terms are available in the candidate portal at https://example.test/offer.

Best regards,
Avery Garcia",human,company,easy,Lighthouse Cloud,Avery Garcia,,Content Strategist,,https://example.test/offer.
JOB-01409,job_search,rejection,other_candidates,Regarding your application,"Thank you for speaking with our team about the Software Engineer role. Unfortunately, we will not be progressing your application to the next stage.",human,hr,medium,,,,Software Engineer,,
JOB-01410,job_search,application_notification,application_status_update,Thanks for applying to Meridian Health,We appreciate your interest in the DevOps Engineer opportunity. Your application is now with our recruitment team. You do not need to take any further action at this time.,human,ats,easy,Meridian Health,,,DevOps Engineer,,
JOB-01411,job_search,acceptance_progression,final_interview,Assessment invitation,"Hello Olivia,

We would like to invite you to complete the next stage of our selection process. The assessment will help the team evaluate your skills for the Marketing Manager role.

The interview team is based in Paris.",automated,recruiter,medium,,,Paris,Marketing Manager,,
JOB-01412,job_search,rejection,post_application_review,Application outcome,The review for the Sales Development Representative position is now complete. We will be moving forward with another candidate. Thank you for your interest in Oakridge Financial.,semi_automated,hr,hard,Oakridge Financial,,,Sales Development Representative,,
JOB-01413,job_search,application_notification,thank_you_for_applying,Application received — Operations Specialist,Thank you for your interest in the Operations Specialist position at Aurora Mobility. We have received your application and our hiring team will review it. We will contact you if there is a suitable next step.,automated,ats,easy,Aurora Mobility,,,Operations Specialist,,
JOB-01414,job_search,rejection,post_application_review,Application outcome,"The review for the Project Coordinator position is now complete. We will be moving forward with another candidate. Thank you for your interest in Summit Retail.

Best regards,
Taylor Berg",semi_automated,hr,hard,Summit Retail,Taylor Berg,,Project Coordinator,,
JOB-01415,job_search,acceptance_progression,second_interview,Offer from BluePeak Analytics,"We are pleased to offer you the Software Engineer position. The offer details, proposed start date, and terms are available in the candidate portal at https://example.test/offer.",human,company,hard,BluePeak Analytics,,,Software Engineer,,https://example.test/offer.
JOB-01416,job_search,application_notification,application_submitted,Thanks for applying to BrightPath Energy,We appreciate your interest in the DevOps Engineer opportunity. Your application is now with our recruitment team. You do not need to take any further action at this time.,automated,recruiter,medium,BrightPath Energy,,,DevOps Engineer,,
JOB-01417,job_search,acceptance_progression,recruiter_screen,Interview invitation — Frontend Developer,We have reviewed your application for the Frontend Developer position at Redwood Solutions and would like to invite you to the next stage of the process. Please use https://example.test/schedule to select a convenient time.,automated,hiring_manager,easy,Redwood Solutions,,,Frontend Developer,,https://example.test/schedule
JOB-01418,job_search,acceptance_progression,final_interview,Next step in your application,We are pleased to let you know that your application has progressed to the next stage. Please provide your availability for an interview with the hiring team.,human,ats,medium,,,,,,
JOB-01419,job_search,acceptance_progression,direct_acceptance,Offer from Northstar Technologies,"We are pleased to offer you the Financial Analyst position. The offer details, proposed start date, and terms are available in the candidate portal at https://example.test/offer.",automated,ats,easy,Northstar Technologies,,,Financial Analyst,,https://example.test/offer.
JOB-01420,job_search,acceptance_progression,offer,Assessment invitation,We would like to invite you to complete the next stage of our selection process. The assessment will help the team evaluate your skills for the Frontend Developer role.,automated,hr,easy,,,,Frontend Developer,,
JOB-01421,job_search,rejection,generic_automated_rejection,Application outcome,The review for the Marketing Manager position is now complete. We will be moving forward with another candidate. Thank you for your interest in Pinecrest Media.,semi_automated,hr,hard,Pinecrest Media,,,Marketing Manager,,
JOB-01422,job_search,rejection,other_candidates,Recruitment update,"We were impressed by your background and appreciated the opportunity to learn more about you. At this stage, however, we have chosen to take the process in a different direction.",human,hiring_manager,easy,,,,,,
JOB-01423,job_search,application_notification,application_submitted,Application status update,Your application for Business Analyst is currently under review. We are assessing applications against the requirements of the role and will provide an update when the review is complete.,automated,company,easy,,,,Business Analyst,,
JOB-01424,job_search,acceptance_progression,final_interview,We'd like to move forward,Thank you for speaking with us. The team enjoyed learning about your experience and would like to continue the conversation. We would like to arrange the next interview with you.,automated,ats,easy,,,,,,
JOB-01425,job_search,application_notification,application_received,More opportunities for you,"Thank you for applying for Data Analyst. While your application is being reviewed, you may also be interested in other roles that match your profile at Aurora Mobility.",semi_automated,ats,medium,Aurora Mobility,,,Data Analyst,,
JOB-01426,job_search,acceptance_progression,assessment,Offer from Silverline Systems,"We are pleased to offer you the Machine Learning Engineer position. The offer details, proposed start date, and terms are available in the candidate portal at https://example.test/offer.",human,ats,hard,Silverline Systems,,,Machine Learning Engineer,,https://example.test/offer.
JOB-01427,job_search,acceptance_progression,move_forward,We'd like to move forward,Thank you for speaking with us. The team enjoyed learning about your experience and would like to continue the conversation. We would like to arrange the next interview with you.,human,ats,medium,,,,,,
JOB-01428,job_search,rejection,post_application_review,Recruitment update,"We were impressed by your background and appreciated the opportunity to learn more about you. At this stage, however, we have chosen to take the process in a different direction.",automated,hiring_manager,medium,,,,,,
JOB-01429,job_search,application_notification,application_submitted,Application received — Product Manager,Thank you for your interest in the Product Manager position at BluePeak Analytics. We have received your application and our hiring team will review it. We will contact you if there is a suitable next step.,human,ats,medium,BluePeak Analytics,,,Product Manager,,
JOB-01430,job_search,application_notification,thank_you_for_applying,Application received — Product Manager,Thank you for your interest in the Product Manager position at Atlas Software. We have received your application and our hiring team will review it. We will contact you if there is a suitable next step.,human,hr,hard,Atlas Software,,,Product Manager,,
JOB-01431,job_search,application_notification,application_status_update,Your application has been submitted,Your application for Financial Analyst at Silverline Systems was successfully submitted. This confirmation does not indicate a hiring decision. We appreciate your interest and will review your information.,human,recruiter,medium,Silverline Systems,,,Financial Analyst,,
JOB-01432,job_search,application_notification,application_under_review,Your application has been submitted,Your application for Frontend Developer at Oakridge Financial was successfully submitted. This confirmation does not indicate a hiring decision. We appreciate your interest and will review your information.,human,hiring_manager,easy,Oakridge Financial,,,Frontend Developer,,
JOB-01433,job_search,rejection,post_final_interview,Update on your Financial Analyst application,"Thank you for applying for the Financial Analyst position at BluePeak Analytics. After careful consideration, we have decided not to move forward with your application at this time.",human,hr,medium,BluePeak Analytics,,,Financial Analyst,,
JOB-01434,job_search,application_notification,recruiter_acknowledgement,Application received — Business Analyst,Thank you for your interest in the Business Analyst position at Vertex Consulting. We have received your application and our hiring team will review it. We will contact you if there is a suitable next step.,semi_automated,ats,easy,Vertex Consulting,,,Business Analyst,,
JOB-01435,job_search,application_notification,thank_you_for_applying,Application received — DevOps Engineer,Thank you for your interest in the DevOps Engineer position at Cedar Digital. We have received your application and our hiring team will review it. We will contact you if there is a suitable next step. Please note that this message is only a confirmation that we received your application.,semi_automated,ats,medium,Cedar Digital,,,DevOps Engineer,,
JOB-01436,job_search,acceptance_progression,first_interview,Next step in your application,We are pleased to let you know that your application has progressed to the next stage. Please provide your availability for an interview with the hiring team.,semi_automated,recruiter,medium,,,,,,
JOB-01437,job_search,acceptance_progression,assessment,Interview invitation — Marketing Manager,"Hello Sofia,

We have reviewed your application for the Marketing Manager position at Vertex Consulting and would like to invite you to the next stage of the process. Please use https://example.test/schedule to select a convenient time.

The interview team is based in Munich.",semi_automated,hr,easy,Vertex Consulting,,Munich,Marketing Manager,,https://example.test/schedule
JOB-01438,job_search,acceptance_progression,recruiter_screen,Offer from BluePeak Analytics,"Hello Maya,

We are pleased to offer you the Frontend Developer position. The offer details, proposed start date, and terms are available in the candidate portal at https://example.test/offer.

The interview team is based in London.",automated,hiring_manager,medium,BluePeak Analytics,,London,Frontend Developer,,https://example.test/offer.
JOB-01439,job_search,application_notification,application_status_update,Your application has been submitted,Your application for Financial Analyst at BrightPath Energy was successfully submitted. This confirmation does not indicate a hiring decision. We appreciate your interest and will review your information.,semi_automated,hr,easy,BrightPath Energy,,,Financial Analyst,,
JOB-01440,job_search,rejection,other_candidates,Application outcome,The review for the Machine Learning Engineer position is now complete. We will be moving forward with another candidate. Thank you for your interest in Atlas Software.,automated,company,medium,Atlas Software,,,Machine Learning Engineer,,
JOB-01441,job_search,acceptance_progression,offer,Next step in your application,"We are pleased to let you know that your application has progressed to the next stage. Please provide your availability for an interview with the hiring team.

Best regards,
Alex Nielsen",semi_automated,ats,easy,,Alex Nielsen,,,,
JOB-01442,job_search,application_notification,other_application_system,Your application has been submitted,Your application for Data Analyst at Cedar Digital was successfully submitted. This confirmation does not indicate a hiring decision. We appreciate your interest and will review your information.,human,hiring_manager,medium,Cedar Digital,,,Data Analyst,,
JOB-01443,job_search,acceptance_progression,first_interview,Interview invitation — Project Coordinator,We have reviewed your application for the Project Coordinator position at Horizon Labs and would like to invite you to the next stage of the process. Please use https://example.test/schedule to select a convenient time.,automated,company,hard,Horizon Labs,,,Project Coordinator,,https://example.test/schedule
JOB-01444,job_search,application_notification,application_received,Your application has been submitted,Your application for Marketing Manager at Northstar Technologies was successfully submitted. This confirmation does not indicate a hiring decision. We appreciate your interest and will review your information.,automated,recruiter,hard,Northstar Technologies,,,Marketing Manager,,
JOB-01445,job_search,acceptance_progression,final_interview,Assessment invitation,We would like to invite you to complete the next stage of our selection process. The assessment will help the team evaluate your skills for the Software Engineer role.,automated,hiring_manager,medium,,,,Software Engineer,,
JOB-01446,job_search,application_notification,thank_you_for_applying,Application received — Operations Specialist,Thank you for your interest in the Operations Specialist position at Oakridge Financial. We have received your application and our hiring team will review it. We will contact you if there is a suitable next step.,human,hr,hard,Oakridge Financial,,,Operations Specialist,,
JOB-01447,job_search,application_notification,application_received,Application received — Data Analyst,Thank you for your interest in the Data Analyst position at Meridian Health. We have received your application and our hiring team will review it. We will contact you if there is a suitable next step.,automated,ats,easy,Meridian Health,,,Data Analyst,,
JOB-01448,job_search,application_notification,other_application_system,Application received — Customer Success Manager,Thank you for your interest in the Customer Success Manager position at Horizon Labs. We have received your application and our hiring team will review it. We will contact you if there is a suitable next step.,human,hr,medium,Horizon Labs,,,Customer Success Manager,,
JOB-01449,job_search,acceptance_progression,second_interview,Interview invitation — Product Manager,We have reviewed your application for the Product Manager position at Atlas Software and would like to invite you to the next stage of the process. Please use https://example.test/schedule to select a convenient time.,automated,hiring_manager,hard,Atlas Software,,,Product Manager,,https://example.test/schedule
JOB-01450,job_search,rejection,other_candidates,Application outcome,The review for the Customer Success Manager position is now complete. We will be moving forward with another candidate. Thank you for your interest in Oakridge Financial.,automated,hr,hard,Oakridge Financial,,,Customer Success Manager,,
JOB-01451,job_search,acceptance_progression,direct_acceptance,Next step in your application,We are pleased to let you know that your application has progressed to the next stage. Please provide your availability for an interview with the hiring team.,automated,recruiter,medium,,,,,,
JOB-01452,job_search,acceptance_progression,availability_request,Next step in your application,"Hello Jordan,

We are pleased to let you know that your application has progressed to the next stage. Please provide your availability for an interview with the hiring team.

The interview team is based in Amsterdam.",automated,company,easy,,,Amsterdam,,,
JOB-01453,job_search,rejection,generic_automated_rejection,Recruitment update,"We were impressed by your background and appreciated the opportunity to learn more about you. At this stage, however, we have chosen to take the process in a different direction.",automated,ats,medium,,,,,,
JOB-01454,job_search,acceptance_progression,recruiter_screen,Assessment invitation,"We would like to invite you to complete the next stage of our selection process. The assessment will help the team evaluate your skills for the UX Designer role.

Best regards,
Daniel Nielsen",automated,recruiter,adversarial,,Daniel Nielsen,,UX Designer,,
JOB-01455,job_search,rejection,post_interview,Update on your Business Analyst application,"Thank you for applying for the Business Analyst position at Silverline Systems. After careful consideration, we have decided not to move forward with your application at this time.",automated,hiring_manager,easy,Silverline Systems,,,Business Analyst,,
JOB-01456,job_search,acceptance_progression,first_interview,Interview invitation — Machine Learning Engineer,We have reviewed your application for the Machine Learning Engineer position at Atlas Software and would like to invite you to the next stage of the process. Please use https://example.test/schedule to select a convenient time.,semi_automated,ats,adversarial,Atlas Software,,,Machine Learning Engineer,,https://example.test/schedule
JOB-01457,job_search,rejection,personalized_recruiter,Application outcome,The review for the Business Analyst position is now complete. We will be moving forward with another candidate. Thank you for your interest in BrightPath Energy.,semi_automated,recruiter,medium,BrightPath Energy,,,Business Analyst,,
JOB-01458,job_search,rejection,post_application_review,Application outcome,The review for the Content Strategist position is now complete. We will be moving forward with another candidate. Thank you for your interest in Horizon Labs.,semi_automated,recruiter,easy,Horizon Labs,,,Content Strategist,,
JOB-01459,job_search,application_notification,application_submitted,Application received — Financial Analyst,Thank you for your interest in the Financial Analyst position at Horizon Labs. We have received your application and our hiring team will review it. We will contact you if there is a suitable next step.,human,hiring_manager,easy,Horizon Labs,,,Financial Analyst,,
JOB-01460,job_search,acceptance_progression,assessment,Next step in your application,We are pleased to let you know that your application has progressed to the next stage. Please provide your availability for an interview with the hiring team.,automated,hiring_manager,medium,,,,,,
JOB-01461,job_search,application_notification,thank_you_for_applying,More opportunities for you,"Thank you for applying for Machine Learning Engineer. While your application is being reviewed, you may also be interested in other roles that match your profile at Aurora Mobility.",human,recruiter,medium,Aurora Mobility,,,Machine Learning Engineer,,
JOB-01462,job_search,acceptance_progression,second_interview,Assessment invitation,We would like to invite you to complete the next stage of our selection process. The assessment will help the team evaluate your skills for the Marketing Manager role.,human,ats,easy,,,,Marketing Manager,,
JOB-01463,job_search,application_notification,application_received,Your application has been submitted,Your application for Software Engineer at Oakridge Financial was successfully submitted. This confirmation does not indicate a hiring decision. We appreciate your interest and will review your information.,semi_automated,ats,easy,Oakridge Financial,,,Software Engineer,,
JOB-01464,job_search,application_notification,thank_you_for_applying,Thanks for applying to BluePeak Analytics,We appreciate your interest in the Software Engineer opportunity. Your application is now with our recruitment team. You do not need to take any further action at this time.,human,hr,medium,BluePeak Analytics,,,Software Engineer,,
JOB-01465,job_search,rejection,post_application_review,Recruitment update,"We were impressed by your background and appreciated the opportunity to learn more about you. At this stage, however, we have chosen to take the process in a different direction.",human,hr,medium,,,,,,
JOB-01466,job_search,rejection,personalized_recruiter,Update on your Business Analyst application,"Thank you for applying for the Business Analyst position at Vertex Consulting. After careful consideration, we have decided not to move forward with your application at this time.

Best regards,
Taylor Wilson",semi_automated,hr,easy,Vertex Consulting,Taylor Wilson,,Business Analyst,,
JOB-01467,job_search,acceptance_progression,move_forward,Next step in your application,We are pleased to let you know that your application has progressed to the next stage. Please provide your availability for an interview with the hiring team.,human,hr,medium,,,,,,
JOB-01468,job_search,application_notification,application_received,Application received — Financial Analyst,Thank you for your interest in the Financial Analyst position at Vertex Consulting. We have received your application and our hiring team will review it. We will contact you if there is a suitable next step. Please note that this message is only a confirmation that we received your application.,human,company,easy,Vertex Consulting,,,Financial Analyst,,
JOB-01469,job_search,acceptance_progression,first_interview,Assessment invitation,We would like to invite you to complete the next stage of our selection process. The assessment will help the team evaluate your skills for the Product Manager role.,automated,ats,hard,,,,Product Manager,,
JOB-01470,job_search,application_notification,application_under_review,Your application has been submitted,Your application for Software Engineer at Meridian Health was successfully submitted. This confirmation does not indicate a hiring decision. We appreciate your interest and will review your information. Please note that this message is only a confirmation that we received your application.,human,ats,medium,Meridian Health,,,Software Engineer,,
JOB-01471,job_search,acceptance_progression,first_interview,Next step in your application,"We are pleased to let you know that your application has progressed to the next stage. Please provide your availability for an interview with the hiring team.

Best regards,
Noah Patel",automated,hiring_manager,medium,,Noah Patel,,,,
JOB-01472,job_search,acceptance_progression,assessment,Offer from Oakridge Financial,"Hello Liam,

We are pleased to offer you the Project Coordinator position. The offer details, proposed start date, and terms are available in the candidate portal at https://example.test/offer.

The interview team is based in Stockholm.",automated,hiring_manager,hard,Oakridge Financial,,Stockholm,Project Coordinator,,https://example.test/offer.
JOB-01473,job_search,rejection,different_direction,Application outcome,The review for the Software Engineer position is now complete. We will be moving forward with another candidate. Thank you for your interest in Silverline Systems.,automated,hiring_manager,easy,Silverline Systems,,,Software Engineer,,
JOB-01474,job_search,rejection,different_direction,Recruitment update,"We were impressed by your background and appreciated the opportunity to learn more about you. At this stage, however, we have chosen to take the process in a different direction.",semi_automated,hiring_manager,easy,,,,,,
JOB-01475,job_search,rejection,different_direction,Your application with Vertex Consulting,We appreciate the time you invested in the recruitment process. We have decided to continue with other candidates whose experience more closely matches the current requirements.,automated,hiring_manager,easy,Vertex Consulting,,,,,
JOB-01476,job_search,acceptance_progression,availability_request,Offer from Northstar Technologies,"We are pleased to offer you the Frontend Developer position. The offer details, proposed start date, and terms are available in the candidate portal at https://example.test/offer.",human,company,easy,Northstar Technologies,,,Frontend Developer,,https://example.test/offer.
JOB-01477,job_search,rejection,other_candidates,Recruitment update,"We were impressed by your background and appreciated the opportunity to learn more about you. At this stage, however, we have chosen to take the process in a different direction.",automated,hiring_manager,medium,,,,,,
JOB-01478,job_search,acceptance_progression,assessment,Offer from Oakridge Financial,"Hello Noah,

We are pleased to offer you the Marketing Manager position. The offer details, proposed start date, and terms are available in the candidate portal at https://example.test/offer.

The interview team is based in Munich.",human,hiring_manager,hard,Oakridge Financial,,Munich,Marketing Manager,,https://example.test/offer.
JOB-01479,job_search,application_notification,application_status_update,Thanks for applying to Northstar Technologies,We appreciate your interest in the Financial Analyst opportunity. Your application is now with our recruitment team. You do not need to take any further action at this time.,automated,hiring_manager,adversarial,Northstar Technologies,,,Financial Analyst,,
JOB-01480,job_search,application_notification,application_status_update,Application status update,Your application for Customer Success Manager is currently under review. We are assessing applications against the requirements of the role and will provide an update when the review is complete. Please note that this message is only a confirmation that we received your application.,human,hiring_manager,easy,,,,Customer Success Manager,,
JOB-01481,job_search,application_notification,application_received,Your application has been submitted,Your application for Customer Success Manager at BrightPath Energy was successfully submitted. This confirmation does not indicate a hiring decision. We appreciate your interest and will review your information.,human,hr,easy,BrightPath Energy,,,Customer Success Manager,,
JOB-01482,job_search,application_notification,application_received,Application received — Financial Analyst,Thank you for your interest in the Financial Analyst position at BluePeak Analytics. We have received your application and our hiring team will review it. We will contact you if there is a suitable next step.,human,hr,easy,BluePeak Analytics,,,Financial Analyst,,
JOB-01483,job_search,rejection,different_direction,Your application with Silverline Systems,We appreciate the time you invested in the recruitment process. We have decided to continue with other candidates whose experience more closely matches the current requirements.,human,hr,adversarial,Silverline Systems,,,,,
JOB-01484,job_search,acceptance_progression,second_interview,Offer from Atlas Software,"We are pleased to offer you the UX Designer position. The offer details, proposed start date, and terms are available in the candidate portal at https://example.test/offer.

Best regards,
Jordan Andersson",automated,company,medium,Atlas Software,Jordan Andersson,,UX Designer,,https://example.test/offer.
JOB-01485,job_search,rejection,different_direction,Update on your Data Analyst application,"Thank you for applying for the Data Analyst position at Lighthouse Cloud. After careful consideration, we have decided not to move forward with your application at this time.",human,ats,easy,Lighthouse Cloud,,,Data Analyst,,
JOB-01486,job_search,acceptance_progression,final_interview,Next step in your application,We are pleased to let you know that your application has progressed to the next stage. Please provide your availability for an interview with the hiring team.,automated,ats,easy,,,,,,
JOB-01487,job_search,acceptance_progression,assessment,Interview invitation — Project Coordinator,We have reviewed your application for the Project Coordinator position at Aurora Mobility and would like to invite you to the next stage of the process. Please use https://example.test/schedule to select a convenient time.,human,company,hard,Aurora Mobility,,,Project Coordinator,,https://example.test/schedule
JOB-01488,job_search,acceptance_progression,availability_request,Assessment invitation,We would like to invite you to complete the next stage of our selection process. The assessment will help the team evaluate your skills for the Frontend Developer role.,human,hiring_manager,medium,,,,Frontend Developer,,
JOB-01489,job_search,rejection,generic_automated_rejection,Your application with Northstar Technologies,We appreciate the time you invested in the recruitment process. We have decided to continue with other candidates whose experience more closely matches the current requirements.,automated,hr,easy,Northstar Technologies,,,,,
JOB-01490,job_search,acceptance_progression,assessment,Offer from Redwood Solutions,"We are pleased to offer you the Sales Development Representative position. The offer details, proposed start date, and terms are available in the candidate portal at https://example.test/offer.",semi_automated,ats,easy,Redwood Solutions,,,Sales Development Representative,,https://example.test/offer.
JOB-01491,job_search,rejection,post_final_interview,Your application with BrightPath Energy,We appreciate the time you invested in the recruitment process. We have decided to continue with other candidates whose experience more closely matches the current requirements.,semi_automated,hiring_manager,medium,BrightPath Energy,,,,,
JOB-01492,job_search,rejection,generic_automated_rejection,Your application with Lighthouse Cloud,We appreciate the time you invested in the recruitment process. We have decided to continue with other candidates whose experience more closely matches the current requirements.,semi_automated,ats,easy,Lighthouse Cloud,,,,,
JOB-01493,job_search,rejection,other_candidates,Application outcome,The review for the Content Strategist position is now complete. We will be moving forward with another candidate. Thank you for your interest in Summit Retail.,semi_automated,hiring_manager,hard,Summit Retail,,,Content Strategist,,
JOB-01494,job_search,application_notification,application_under_review,More opportunities for you,"Thank you for applying for Data Analyst. While your application is being reviewed, you may also be interested in other roles that match your profile at Summit Retail.",human,hiring_manager,easy,Summit Retail,,,Data Analyst,,
JOB-01495,job_search,rejection,other_candidates,Update on your Product Manager application,"Thank you for applying for the Product Manager position at Atlas Software. After careful consideration, we have decided not to move forward with your application at this time.",semi_automated,recruiter,medium,Atlas Software,,,Product Manager,,
JOB-01496,job_search,application_notification,application_under_review,Thanks for applying to Pinecrest Media,We appreciate your interest in the Project Coordinator opportunity. Your application is now with our recruitment team. You do not need to take any further action at this time.,semi_automated,hiring_manager,medium,Pinecrest Media,,,Project Coordinator,,
JOB-01497,job_search,acceptance_progression,first_interview,Offer from BrightPath Energy,"Hello Liam,

We are pleased to offer you the Project Coordinator position. The offer details, proposed start date, and terms are available in the candidate portal at https://example.test/offer.

The interview team is based in Oslo.",human,recruiter,hard,BrightPath Energy,,Oslo,Project Coordinator,,https://example.test/offer.
JOB-01498,job_search,application_notification,thank_you_for_applying,More opportunities for you,"Thank you for applying for Frontend Developer. While your application is being reviewed, you may also be interested in other roles that match your profile at Summit Retail.",human,ats,medium,Summit Retail,,,Frontend Developer,,
JOB-01499,job_search,rejection,generic_automated_rejection,Recruitment update,"We were impressed by your background and appreciated the opportunity to learn more about you. At this stage, however, we have chosen to take the process in a different direction.",automated,company,adversarial,,,,,,
JOB-01500,job_search,application_notification,recruiter_acknowledgement,Application received — Project Coordinator,Thank you for your interest in the Project Coordinator position at Lighthouse Cloud. We have received your application and our hiring team will review it. We will contact you if there is a suitable next step. Please note that this message is only a confirmation that we received your application.,semi_automated,hiring_manager,medium,Lighthouse Cloud,,,Project Coordinator,,
JOB-01501,job_search,rejection,different_direction,Recruitment update,"We were impressed by your background and appreciated the opportunity to learn more about you. At this stage, however, we have chosen to take the process in a different direction.",human,company,easy,,,,,,
JOB-01502,job_search,rejection,other_candidates,Application outcome,The review for the Marketing Manager position is now complete. We will be moving forward with another candidate. Thank you for your interest in Silverline Systems.,human,hiring_manager,medium,Silverline Systems,,,Marketing Manager,,
JOB-01503,job_search,rejection,post_final_interview,Regarding your application,Thank you for speaking with our team about the UX Designer role. we will not be progressing your application to the next stage.,automated,hiring_manager,hard,,,,UX Designer,,
JOB-01504,job_search,application_notification,application_submitted,More opportunities for you,"Thank you for applying for DevOps Engineer. While your application is being reviewed, you may also be interested in other roles that match your profile at Redwood Solutions. Please note that this message is only a confirmation that we received your application.",automated,ats,medium,Redwood Solutions,,,DevOps Engineer,,
JOB-01505,job_search,application_notification,thank_you_for_applying,Thanks for applying to Vertex Consulting,We appreciate your interest in the DevOps Engineer opportunity. Your application is now with our recruitment team. You do not need to take any further action at this time.,semi_automated,hr,hard,Vertex Consulting,,,DevOps Engineer,,
JOB-01506,job_search,acceptance_progression,other_progression,Next step in your application,We are pleased to let you know that your application has progressed to the next stage. Please provide your availability for an interview with the hiring team.,automated,hiring_manager,hard,,,,,,
JOB-01507,job_search,application_notification,thank_you_for_applying,Application status update,Your application for UX Designer is currently under review. We are assessing applications against the requirements of the role and will provide an update when the review is complete. Please note that this message is only a confirmation that we received your application.,human,ats,easy,,,,UX Designer,,
JOB-01508,job_search,rejection,generic_automated_rejection,Update on your Customer Success Manager application,"Thank you for applying for the Customer Success Manager position at Pinecrest Media. After careful consideration, we have will not be progressing with your application at this time.",semi_automated,hr,adversarial,Pinecrest Media,,,Customer Success Manager,,
JOB-01509,job_search,acceptance_progression,first_interview,Assessment invitation,We would like to invite you to complete the next stage of our selection process. The assessment will help the team evaluate your skills for the Data Analyst role.,semi_automated,hr,easy,,,,Data Analyst,,
JOB-01510,job_search,acceptance_progression,first_interview,We'd like to move forward,Thank you for speaking with us. The team enjoyed learning about your experience and would like to continue the conversation. We would like to arrange the next interview with you.,human,ats,easy,,,,,,
JOB-01511,job_search,application_notification,application_under_review,Your application has been submitted,"Your application for Sales Development Representative at BluePeak Analytics was successfully submitted. This confirmation does not indicate a hiring decision. We appreciate your interest and will review your information.

Best regards,
Casey Martin",semi_automated,hiring_manager,hard,BluePeak Analytics,Casey Martin,,Sales Development Representative,,
JOB-01512,job_search,rejection,other_candidates,Your application with Redwood Solutions,We appreciate the time you invested in the recruitment process. We have decided to continue with other candidates whose experience more closely matches the current requirements.,human,recruiter,easy,Redwood Solutions,,,,,
JOB-01513,job_search,rejection,post_interview,Your application with Vertex Consulting,We appreciate the time you invested in the recruitment process. We have decided to continue with other candidates whose experience more closely matches the current requirements.,automated,ats,medium,Vertex Consulting,,,,,
JOB-01514,job_search,application_notification,thank_you_for_applying,Thanks for applying to Meridian Health,We appreciate your interest in the Operations Specialist opportunity. Your application is now with our recruitment team. You do not need to take any further action at this time.,semi_automated,company,medium,Meridian Health,,,Operations Specialist,,
JOB-01515,job_search,application_notification,application_recommended_jobs,Application received — Data Analyst,Thank you for your interest in the Data Analyst position at BluePeak Analytics. We have received your application and our hiring team will review it. We will contact you if there is a suitable next step.,automated,hr,easy,BluePeak Analytics,,,Data Analyst,,
JOB-01516,job_search,rejection,generic_automated_rejection,Your application with Aurora Mobility,We appreciate the time you invested in the recruitment process. We have decided to continue with other candidates whose experience more closely matches the current requirements.,automated,company,easy,Aurora Mobility,,,,,
JOB-01517,job_search,acceptance_progression,offer,Next step in your application,"Hello Taylor,

We are pleased to let you know that your application has progressed to the next stage. Please provide your availability for an interview with the hiring team.

The interview team is based in Copenhagen.",human,hr,medium,,,Copenhagen,,,
JOB-01518,job_search,acceptance_progression,offer,Assessment invitation,We would like to invite you to complete the next stage of our selection process. The assessment will help the team evaluate your skills for the Frontend Developer role.,semi_automated,recruiter,hard,,,,Frontend Developer,,
JOB-01519,job_search,rejection,generic_automated_rejection,Application outcome,"The review for the UX Designer position is now complete. We will be moving forward with another candidate. Thank you for your interest in Pinecrest Media.

Best regards,
Morgan Johnson",semi_automated,ats,medium,Pinecrest Media,Morgan Johnson,,UX Designer,,
JOB-01520,job_search,application_notification,application_submitted,Application status update,Your application for Customer Success Manager is currently under review. We are assessing applications against the requirements of the role and will provide an update when the review is complete.,semi_automated,hiring_manager,easy,,,,Customer Success Manager,,
JOB-01521,job_search,acceptance_progression,first_interview,Assessment invitation,We would like to invite you to complete the next stage of our selection process. The assessment will help the team evaluate your skills for the UX Designer role.,automated,hr,easy,,,,UX Designer,,
JOB-01522,job_search,application_notification,application_under_review,Application received — Product Manager,Thank you for your interest in the Product Manager position at Horizon Labs. We have received your application and our hiring team will review it. We will contact you if there is a suitable next step. Please note that this message is only a confirmation that we received your application.,human,ats,easy,Horizon Labs,,,Product Manager,,
JOB-01523,job_search,application_notification,application_under_review,Thanks for applying to Vertex Consulting,We appreciate your interest in the DevOps Engineer opportunity. Your application is now with our recruitment team. You do not need to take any further action at this time.,human,hr,hard,Vertex Consulting,,,DevOps Engineer,,
JOB-01524,job_search,application_notification,thank_you_for_applying,Thanks for applying to Silverline Systems,We appreciate your interest in the Software Engineer opportunity. Your application is now with our recruitment team. You do not need to take any further action at this time. Please note that this message is only a confirmation that we received your application.,semi_automated,company,medium,Silverline Systems,,,Software Engineer,,
JOB-01525,job_search,rejection,generic_automated_rejection,Regarding your application,"Thank you for speaking with our team about the Product Manager role. Unfortunately, we will not be progressing your application to the next stage.",automated,ats,easy,,,,Product Manager,,
JOB-01526,job_search,rejection,generic_automated_rejection,Regarding your application,Thank you for speaking with our team about the Frontend Developer role. we will not be progressing your application to the next stage.,automated,hr,hard,,,,Frontend Developer,,
JOB-01527,job_search,acceptance_progression,move_forward,Interview invitation — Customer Success Manager,We have reviewed your application for the Customer Success Manager position at Cedar Digital and would like to invite you to the next stage of the process. Please use https://example.test/schedule to select a convenient time.,automated,hiring_manager,easy,Cedar Digital,,,Customer Success Manager,,https://example.test/schedule
JOB-01528,job_search,rejection,generic_automated_rejection,Regarding your application,"Thank you for speaking with our team about the Software Engineer role. Unfortunately, we will not be progressing your application to the next stage.",semi_automated,company,medium,,,,Software Engineer,,
JOB-01529,job_search,application_notification,application_received,Application status update,Your application for Financial Analyst is currently under review. We are assessing applications against the requirements of the role and will provide an update when the review is complete.,automated,company,easy,,,,Financial Analyst,,
JOB-01530,job_search,application_notification,application_received,Application status update,Your application for Content Strategist is currently under review. We are assessing applications against the requirements of the role and will provide an update when the review is complete.,human,hr,adversarial,,,,Content Strategist,,
JOB-01531,job_search,application_notification,application_recommended_jobs,Your application has been submitted,Your application for DevOps Engineer at Meridian Health was successfully submitted. This confirmation does not indicate a hiring decision. We appreciate your interest and will review your information.,semi_automated,recruiter,medium,Meridian Health,,,DevOps Engineer,,
JOB-01532,job_search,acceptance_progression,assessment,Interview invitation — Customer Success Manager,"We have reviewed your application for the Customer Success Manager position at BluePeak Analytics and would like to invite you to the next stage of the process. Please use https://example.test/schedule to select a convenient time.

Best regards,
Dana Davis",automated,ats,easy,BluePeak Analytics,Dana Davis,,Customer Success Manager,,https://example.test/schedule
JOB-01533,job_search,acceptance_progression,direct_acceptance,Assessment invitation,We would like to invite you to complete the next stage of our selection process. The assessment will help the team evaluate your skills for the DevOps Engineer role.,automated,hiring_manager,medium,,,,DevOps Engineer,,
JOB-01534,job_search,application_notification,application_recommended_jobs,Application received — Data Analyst,Thank you for your interest in the Data Analyst position at BluePeak Analytics. We have received your application and our hiring team will review it. We will contact you if there is a suitable next step.,automated,hr,hard,BluePeak Analytics,,,Data Analyst,,
JOB-01535,job_search,rejection,post_interview,Update on your Financial Analyst application,"Thank you for applying for the Financial Analyst position at BrightPath Energy. After careful consideration, we have decided not to move forward with your application at this time.",automated,hr,easy,BrightPath Energy,,,Financial Analyst,,
JOB-01536,job_search,application_notification,application_status_update,Application received — Financial Analyst,Thank you for your interest in the Financial Analyst position at Lighthouse Cloud. We have received your application and our hiring team will review it. We will contact you if there is a suitable next step.,human,ats,easy,Lighthouse Cloud,,,Financial Analyst,,
JOB-01537,job_search,rejection,post_final_interview,Update on your Machine Learning Engineer application,"Thank you for applying for the Machine Learning Engineer position at Pinecrest Media. After careful consideration, we have decided not to move forward with your application at this time.",human,company,medium,Pinecrest Media,,,Machine Learning Engineer,,
JOB-01538,job_search,acceptance_progression,final_interview,Offer from Aurora Mobility,"Hello Liam,

We are pleased to offer you the Software Engineer position. The offer details, proposed start date, and terms are available in the candidate portal at https://example.test/offer.

The interview team is based in Berlin.",human,company,hard,Aurora Mobility,,Berlin,Software Engineer,,https://example.test/offer.
JOB-01539,job_search,rejection,generic_automated_rejection,Your application with Lighthouse Cloud,We appreciate the time you invested in the recruitment process. We have decided to continue with other candidates whose experience more closely matches the current requirements.,automated,ats,medium,Lighthouse Cloud,,,,,
JOB-01540,job_search,acceptance_progression,second_interview,Assessment invitation,We would like to invite you to complete the next stage of our selection process. The assessment will help the team evaluate your skills for the Sales Development Representative role.,semi_automated,hiring_manager,hard,,,,Sales Development Representative,,
JOB-01541,job_search,rejection,generic_automated_rejection,Your application with Northstar Technologies,We appreciate the time you invested in the recruitment process. We have decided to continue with other candidates whose experience more closely matches the current requirements.,semi_automated,hr,easy,Northstar Technologies,,,,,
JOB-01542,job_search,application_notification,application_submitted,Application status update,Your application for Business Analyst is currently under review. We are assessing applications against the requirements of the role and will provide an update when the review is complete. Please note that this message is only a confirmation that we received your application.,automated,recruiter,hard,,,,Business Analyst,,
JOB-01543,job_search,rejection,post_application_review,Update on your Customer Success Manager application,"Thank you for applying for the Customer Success Manager position at Vertex Consulting. After careful consideration, we have decided not to move forward with your application at this time.",human,recruiter,easy,Vertex Consulting,,,Customer Success Manager,,
JOB-01544,job_search,application_notification,application_status_update,More opportunities for you,"Thank you for applying for Content Strategist. While your application is being reviewed, you may also be interested in other roles that match your profile at Horizon Labs.",human,hiring_manager,medium,Horizon Labs,,,Content Strategist,,
JOB-01545,job_search,acceptance_progression,second_interview,We'd like to move forward,Thank you for speaking with us. The team enjoyed learning about your experience and would like to continue the conversation. We would like to arrange the next interview with you.,automated,recruiter,hard,,,,,,
JOB-01546,job_search,acceptance_progression,assessment,Offer from Redwood Solutions,"We are pleased to offer you the Marketing Manager position. The offer details, proposed start date, and terms are available in the candidate portal at https://example.test/offer.",semi_automated,hiring_manager,hard,Redwood Solutions,,,Marketing Manager,,https://example.test/offer.
JOB-01547,job_search,rejection,other_candidates,Application outcome,The review for the Customer Success Manager position is now complete. We will be moving forward with another candidate. Thank you for your interest in Northstar Technologies.,semi_automated,hiring_manager,easy,Northstar Technologies,,,Customer Success Manager,,
JOB-01548,job_search,acceptance_progression,first_interview,Offer from Cedar Digital,"Hello Liam,

We are pleased to offer you the Data Analyst position. The offer details, proposed start date, and terms are available in the candidate portal at https://example.test/offer.

The interview team is based in Helsinki.",human,recruiter,easy,Cedar Digital,,Helsinki,Data Analyst,,https://example.test/offer.
JOB-01549,job_search,acceptance_progression,availability_request,Assessment invitation,"Hello Morgan,

We would like to invite you to complete the next stage of our selection process. The assessment will help the team evaluate your skills for the Data Analyst role.

The interview team is based in Helsinki.",human,hiring_manager,easy,,,Helsinki,Data Analyst,,
JOB-01550,job_search,rejection,post_application_review,Regarding your application,Thank you for speaking with our team about the DevOps Engineer role. we will not be progressing your application to the next stage.,human,company,medium,,,,DevOps Engineer,,
JOB-01551,job_search,rejection,generic_automated_rejection,Regarding your application,"Thank you for speaking with our team about the Project Coordinator role. Unfortunately, we will not be progressing your application to the next stage.

Best regards,
Avery Patel",human,hiring_manager,easy,,Avery Patel,,Project Coordinator,,
JOB-01552,job_search,rejection,different_direction,Regarding your application,Thank you for speaking with our team about the Machine Learning Engineer role. we will not be progressing your application to the next stage.,human,company,easy,,,,Machine Learning Engineer,,
JOB-01553,job_search,acceptance_progression,final_interview,Interview invitation — Business Analyst,We have reviewed your application for the Business Analyst position at Meridian Health and would like to invite you to the next stage of the process. Please use https://example.test/schedule to select a convenient time.,semi_automated,recruiter,easy,Meridian Health,,,Business Analyst,,https://example.test/schedule
JOB-01554,job_search,acceptance_progression,final_interview,Interview invitation — Machine Learning Engineer,We have reviewed your application for the Machine Learning Engineer position at BrightPath Energy and would like to invite you to the next stage of the process. Please use https://example.test/schedule to select a convenient time.,automated,company,hard,BrightPath Energy,,,Machine Learning Engineer,,https://example.test/schedule
JOB-01555,job_search,rejection,other_candidates,Regarding your application,Thank you for speaking with our team about the Data Analyst role. we will not be progressing your application to the next stage.,human,hr,medium,,,,Data Analyst,,
JOB-01556,job_search,rejection,post_final_interview,Your application with Vertex Consulting,We appreciate the time you invested in the recruitment process. We have decided to continue with other candidates whose experience more closely matches the current requirements.,semi_automated,hr,easy,Vertex Consulting,,,,,
JOB-01557,job_search,rejection,post_final_interview,Your application with BrightPath Energy,We appreciate the time you invested in the recruitment process. We have decided to continue with other candidates whose experience more closely matches the current requirements.,automated,hiring_manager,hard,BrightPath Energy,,,,,
JOB-01558,job_search,acceptance_progression,direct_acceptance,Interview invitation — Data Analyst,We have reviewed your application for the Data Analyst position at Redwood Solutions and would like to invite you to the next stage of the process. Please use https://example.test/schedule to select a convenient time.,human,company,easy,Redwood Solutions,,,Data Analyst,,https://example.test/schedule
JOB-01559,job_search,acceptance_progression,first_interview,We'd like to move forward,Thank you for speaking with us. The team enjoyed learning about your experience and would like to continue the conversation. We would like to arrange the next interview with you.,semi_automated,hiring_manager,medium,,,,,,
JOB-01560,job_search,application_notification,application_recommended_jobs,Application received — Operations Specialist,Thank you for your interest in the Operations Specialist position at Redwood Solutions. We have received your application and our hiring team will review it. We will contact you if there is a suitable next step.,automated,ats,easy,Redwood Solutions,,,Operations Specialist,,
JOB-01561,job_search,rejection,post_interview,Your application with Northstar Technologies,We appreciate the time you invested in the recruitment process. We have decided to continue with other candidates whose experience more closely matches the current requirements.,human,ats,hard,Northstar Technologies,,,,,
JOB-01562,job_search,application_notification,application_recommended_jobs,Your application has been submitted,"Your application for Product Manager at Cedar Digital was successfully submitted. This confirmation does not indicate a hiring decision. We appreciate your interest and will review your information. Please note that this message is only a confirmation that we received your application.

Best regards,
Morgan Lee",automated,ats,adversarial,Cedar Digital,Morgan Lee,,Product Manager,,
JOB-01563,job_search,acceptance_progression,other_progression,Assessment invitation,"Hello Liam,

We would like to invite you to complete the next stage of our selection process. The assessment will help the team evaluate your skills for the Software Engineer role.

The interview team is based in Oslo.",semi_automated,ats,hard,,,Oslo,Software Engineer,,
JOB-01564,job_search,rejection,post_interview,Regarding your application,"Thank you for speaking with our team about the Machine Learning Engineer role. Unfortunately, we will not be progressing your application to the next stage.",human,recruiter,easy,,,,Machine Learning Engineer,,
JOB-01565,job_search,acceptance_progression,recruiter_screen,We'd like to move forward,Thank you for speaking with us. The team enjoyed learning about your experience and would like to continue the conversation. We would like to arrange the next interview with you.,semi_automated,recruiter,hard,,,,,,
JOB-01566,job_search,application_notification,application_submitted,Application status update,Your application for Marketing Manager is currently under review. We are assessing applications against the requirements of the role and will provide an update when the review is complete. Please note that this message is only a confirmation that we received your application.,semi_automated,ats,easy,,,,Marketing Manager,,
JOB-01567,job_search,rejection,generic_automated_rejection,Recruitment update,"We were impressed by your background and appreciated the opportunity to learn more about you. At this stage, however, we have chosen to take the process in a different direction.",automated,recruiter,medium,,,,,,
JOB-01568,job_search,rejection,different_direction,Your application with Cedar Digital,We appreciate the time you invested in the recruitment process. We have decided to continue with other candidates whose experience more closely matches the current requirements.,semi_automated,hiring_manager,easy,Cedar Digital,,,,,
JOB-01569,job_search,rejection,different_direction,Application outcome,The review for the Content Strategist position is now complete. We will be moving forward with another candidate. Thank you for your interest in Oakridge Financial.,human,recruiter,hard,Oakridge Financial,,,Content Strategist,,
JOB-01570,job_search,application_notification,application_submitted,Application received — Software Engineer,"Thank you for your interest in the Software Engineer position at BluePeak Analytics. We have received your application and our hiring team will review it. We will contact you if there is a suitable next step.

Best regards,
Dana Clark",automated,recruiter,easy,BluePeak Analytics,Dana Clark,,Software Engineer,,
JOB-01571,job_search,acceptance_progression,first_interview,Assessment invitation,We would like to invite you to complete the next stage of our selection process. The assessment will help the team evaluate your skills for the Project Coordinator role.,automated,company,easy,,,,Project Coordinator,,
JOB-01572,job_search,rejection,different_direction,Recruitment update,"We were impressed by your background and appreciated the opportunity to learn more about you. At this stage, however, we have chosen to take the process in a different direction.",human,recruiter,adversarial,,,,,,
JOB-01573,job_search,acceptance_progression,move_forward,Offer from Vertex Consulting,"We are pleased to offer you the Project Coordinator position. The offer details, proposed start date, and terms are available in the candidate portal at https://example.test/offer.",semi_automated,company,easy,Vertex Consulting,,,Project Coordinator,,https://example.test/offer.
JOB-01574,job_search,rejection,generic_automated_rejection,Update on your Financial Analyst application,"Thank you for applying for the Financial Analyst position at Vertex Consulting. After careful consideration, we have decided not to move forward with your application at this time.",semi_automated,hr,easy,Vertex Consulting,,,Financial Analyst,,
JOB-01575,job_search,application_notification,application_submitted,More opportunities for you,"Thank you for applying for UX Designer. While your application is being reviewed, you may also be interested in other roles that match your profile at Silverline Systems.",semi_automated,recruiter,medium,Silverline Systems,,,UX Designer,,
JOB-01576,job_search,acceptance_progression,recruiter_screen,Interview invitation — Frontend Developer,We have reviewed your application for the Frontend Developer position at Northstar Technologies and would like to invite you to the next stage of the process. Please use https://example.test/schedule to select a convenient time.,automated,hiring_manager,easy,Northstar Technologies,,,Frontend Developer,,https://example.test/schedule
JOB-01577,job_search,rejection,different_direction,Regarding your application,Thank you for speaking with our team about the Product Manager role. we will not be progressing your application to the next stage.,semi_automated,hr,medium,,,,Product Manager,,
JOB-01578,job_search,acceptance_progression,first_interview,Next step in your application,We are pleased to let you know that your application has progressed to the next stage. Please provide your availability for an interview with the hiring team.,human,recruiter,medium,,,,,,
JOB-01579,job_search,acceptance_progression,availability_request,Next step in your application,"We are pleased to let you know that your application has progressed to the next stage. Please provide your availability for an interview with the hiring team.

Best regards,
Maya Lee",semi_automated,hiring_manager,easy,,Maya Lee,,,,
JOB-01580,job_search,application_notification,application_status_update,Application received — Business Analyst,Thank you for your interest in the Business Analyst position at Northstar Technologies. We have received your application and our hiring team will review it. We will contact you if there is a suitable next step.,semi_automated,recruiter,hard,Northstar Technologies,,,Business Analyst,,
JOB-01581,job_search,application_notification,other_application_system,More opportunities for you,"Thank you for applying for Content Strategist. While your application is being reviewed, you may also be interested in other roles that match your profile at Redwood Solutions.",semi_automated,company,easy,Redwood Solutions,,,Content Strategist,,
JOB-01582,job_search,acceptance_progression,assessment,Offer from Aurora Mobility,"We are pleased to offer you the Data Analyst position. The offer details, proposed start date, and terms are available in the candidate portal at https://example.test/offer.",semi_automated,recruiter,easy,Aurora Mobility,,,Data Analyst,,https://example.test/offer.
JOB-01583,job_search,acceptance_progression,second_interview,Next step in your application,We are pleased to let you know that your application has progressed to the next stage. Please provide your availability for an interview with the hiring team.,human,hr,easy,,,,,,
JOB-01584,job_search,acceptance_progression,second_interview,Assessment invitation,We would like to invite you to complete the next stage of our selection process. The assessment will help the team evaluate your skills for the Machine Learning Engineer role.,automated,hiring_manager,easy,,,,Machine Learning Engineer,,
JOB-01585,job_search,acceptance_progression,first_interview,Interview invitation — Software Engineer,"Hello Casey,

We have reviewed your application for the Software Engineer position at BluePeak Analytics and would like to invite you to the next stage of the process. Please use https://example.test/schedule to select a convenient time.

The interview team is based in Stockholm.",human,hr,medium,BluePeak Analytics,,Stockholm,Software Engineer,,https://example.test/schedule
JOB-01586,job_search,application_notification,application_under_review,Thanks for applying to Vertex Consulting,We appreciate your interest in the Data Analyst opportunity. Your application is now with our recruitment team. You do not need to take any further action at this time. Please note that this message is only a confirmation that we received your application.,human,ats,easy,Vertex Consulting,,,Data Analyst,,
JOB-01587,job_search,rejection,post_final_interview,Application outcome,The review for the UX Designer position is now complete. We will be moving forward with another candidate. Thank you for your interest in Pinecrest Media.,semi_automated,hiring_manager,medium,Pinecrest Media,,,UX Designer,,
JOB-01588,job_search,rejection,post_interview,Application outcome,The review for the Operations Specialist position is now complete. We will be moving forward with another candidate. Thank you for your interest in Redwood Solutions.,human,ats,medium,Redwood Solutions,,,Operations Specialist,,
JOB-01589,job_search,acceptance_progression,first_interview,Assessment invitation,We would like to invite you to complete the next stage of our selection process. The assessment will help the team evaluate your skills for the Content Strategist role.,automated,hr,easy,,,,Content Strategist,,
JOB-01590,job_search,acceptance_progression,second_interview,Interview invitation — Frontend Developer,We have reviewed your application for the Frontend Developer position at Meridian Health and would like to invite you to the next stage of the process. Please use https://example.test/schedule to select a convenient time.,human,ats,medium,Meridian Health,,,Frontend Developer,,https://example.test/schedule
JOB-01591,job_search,acceptance_progression,recruiter_screen,Interview invitation — Operations Specialist,"We have reviewed your application for the Operations Specialist position at Cedar Digital and would like to invite you to the next stage of the process. Please use https://example.test/schedule to select a convenient time.

Best regards,
Avery Larsson",semi_automated,ats,medium,Cedar Digital,Avery Larsson,,Operations Specialist,,https://example.test/schedule
JOB-01592,job_search,application_notification,thank_you_for_applying,Your application has been submitted,Your application for Sales Development Representative at Cedar Digital was successfully submitted. This confirmation does not indicate a hiring decision. We appreciate your interest and will review your information. Please note that this message is only a confirmation that we received your application.,automated,ats,easy,Cedar Digital,,,Sales Development Representative,,
JOB-01593,job_search,application_notification,application_submitted,More opportunities for you,"Thank you for applying for Business Analyst. While your application is being reviewed, you may also be interested in other roles that match your profile at Meridian Health.

Best regards,
Sarah Brown",automated,company,hard,Meridian Health,Sarah Brown,,Business Analyst,,
JOB-01594,job_search,application_notification,application_status_update,More opportunities for you,"Thank you for applying for Marketing Manager. While your application is being reviewed, you may also be interested in other roles that match your profile at BluePeak Analytics.",automated,company,hard,BluePeak Analytics,,,Marketing Manager,,
JOB-01595,job_search,rejection,post_interview,Regarding your application,"Thank you for speaking with our team about the DevOps Engineer role. Unfortunately, we will not be progressing your application to the next stage.",semi_automated,ats,adversarial,,,,DevOps Engineer,,
JOB-01596,job_search,rejection,generic_automated_rejection,Recruitment update,"We were impressed by your background and appreciated the opportunity to learn more about you. At this stage, however, we have chosen to take the process in a different direction.",human,hiring_manager,medium,,,,,,
JOB-01597,job_search,rejection,post_final_interview,Application outcome,The review for the Financial Analyst position is now complete. We will be moving forward with another candidate. Thank you for your interest in Vertex Consulting.,semi_automated,recruiter,medium,Vertex Consulting,,,Financial Analyst,,
JOB-01598,job_search,rejection,post_final_interview,Update on your Content Strategist application,"Thank you for applying for the Content Strategist position at Pinecrest Media. After careful consideration, we have will not be progressing with your application at this time.",semi_automated,company,hard,Pinecrest Media,,,Content Strategist,,
JOB-01599,job_search,rejection,post_application_review,Recruitment update,"We were impressed by your background and appreciated the opportunity to learn more about you. At this stage, however, we have chosen to take the process in a different direction.",human,company,hard,,,,,,
JOB-01600,job_search,application_notification,thank_you_for_applying,Application received — DevOps Engineer,Thank you for your interest in the DevOps Engineer position at BluePeak Analytics. We have received your application and our hiring team will review it. We will contact you if there is a suitable next step. Please note that this message is only a confirmation that we received your application.,semi_automated,hiring_manager,medium,BluePeak Analytics,,,DevOps Engineer,,
JOB-01601,job_search,application_notification,application_under_review,More opportunities for you,"Thank you for applying for Product Manager. While your application is being reviewed, you may also be interested in other roles that match your profile at Lighthouse Cloud.",semi_automated,ats,hard,Lighthouse Cloud,,,Product Manager,,
JOB-01602,job_search,acceptance_progression,second_interview,We'd like to move forward,Thank you for speaking with us. The team enjoyed learning about your experience and would like to continue the conversation. We would like to arrange the next interview with you.,human,hr,easy,,,,,,
JOB-01603,job_search,acceptance_progression,second_interview,Offer from Silverline Systems,"We are pleased to offer you the Software Engineer position. The offer details, proposed start date, and terms are available in the candidate portal at https://example.test/offer.

Best regards,
Dana Brown",automated,ats,medium,Silverline Systems,Dana Brown,,Software Engineer,,https://example.test/offer.
JOB-01604,job_search,rejection,different_direction,Application outcome,The review for the Customer Success Manager position is now complete. We will be moving forward with another candidate. Thank you for your interest in Cedar Digital.,semi_automated,ats,medium,Cedar Digital,,,Customer Success Manager,,
JOB-01605,job_search,rejection,generic_automated_rejection,Application outcome,The review for the Project Coordinator position is now complete. We will be moving forward with another candidate. Thank you for your interest in BrightPath Energy.,automated,hr,medium,BrightPath Energy,,,Project Coordinator,,
JOB-01606,job_search,application_notification,application_under_review,More opportunities for you,"Thank you for applying for Data Analyst. While your application is being reviewed, you may also be interested in other roles that match your profile at Horizon Labs.

Best regards,
Sarah Turner",automated,company,hard,Horizon Labs,Sarah Turner,,Data Analyst,,
JOB-01607,job_search,acceptance_progression,move_forward,We'd like to move forward,Thank you for speaking with us. The team enjoyed learning about your experience and would like to continue the conversation. We would like to arrange the next interview with you.,human,hr,easy,,,,,,
JOB-01608,job_search,application_notification,application_received,Thanks for applying to Redwood Solutions,We appreciate your interest in the Frontend Developer opportunity. Your application is now with our recruitment team. You do not need to take any further action at this time. Please note that this message is only a confirmation that we received your application.,human,recruiter,medium,Redwood Solutions,,,Frontend Developer,,
JOB-01609,job_search,application_notification,application_recommended_jobs,Application received — Machine Learning Engineer,Thank you for your interest in the Machine Learning Engineer position at BluePeak Analytics. We have received your application and our hiring team will review it. We will contact you if there is a suitable next step.,human,recruiter,medium,BluePeak Analytics,,,Machine Learning Engineer,,
JOB-01610,job_search,acceptance_progression,final_interview,Assessment invitation,"Hello Liam,

We would like to invite you to complete the next stage of our selection process. The assessment will help the team evaluate your skills for the Content Strategist role.

The interview team is based in Copenhagen.",semi_automated,ats,medium,,,Copenhagen,Content Strategist,,
JOB-01611,job_search,acceptance_progression,offer,Interview invitation — Frontend Developer,We have reviewed your application for the Frontend Developer position at Atlas Software and would like to invite you to the next stage of the process. Please use https://example.test/schedule to select a convenient time.,automated,company,medium,Atlas Software,,,Frontend Developer,,https://example.test/schedule
JOB-01612,job_search,rejection,different_direction,Recruitment update,"We were impressed by your background and appreciated the opportunity to learn more about you. At this stage, however, we have chosen to take the process in a different direction.",semi_automated,company,hard,,,,,,
JOB-01613,job_search,application_notification,application_submitted,More opportunities for you,"Thank you for applying for UX Designer. While your application is being reviewed, you may also be interested in other roles that match your profile at Silverline Systems. Please note that this message is only a confirmation that we received your application.",human,hr,adversarial,Silverline Systems,,,UX Designer,,
JOB-01614,job_search,rejection,post_application_review,Application outcome,The review for the Frontend Developer position is now complete. We will be moving forward with another candidate. Thank you for your interest in Redwood Solutions.,human,hr,hard,Redwood Solutions,,,Frontend Developer,,
JOB-01615,job_search,acceptance_progression,assessment,Offer from Vertex Consulting,"We are pleased to offer you the Financial Analyst position. The offer details, proposed start date, and terms are available in the candidate portal at https://example.test/offer.",semi_automated,hr,easy,Vertex Consulting,,,Financial Analyst,,https://example.test/offer.
JOB-01616,job_search,acceptance_progression,first_interview,We'd like to move forward,"Hello Maya,

Thank you for speaking with us. The team enjoyed learning about your experience and would like to continue the conversation. We would like to arrange the next interview with you.

The interview team is based in Amsterdam.",human,hr,medium,,,Amsterdam,,,
JOB-01617,job_search,rejection,post_application_review,Update on your Sales Development Representative application,"Thank you for applying for the Sales Development Representative position at Redwood Solutions. After careful consideration, we have decided not to move forward with your application at this time.",automated,hr,easy,Redwood Solutions,,,Sales Development Representative,,
JOB-01618,job_search,rejection,different_direction,Application outcome,The review for the Marketing Manager position is now complete. We will be moving forward with another candidate. Thank you for your interest in BrightPath Energy.,automated,company,adversarial,BrightPath Energy,,,Marketing Manager,,
JOB-01619,job_search,acceptance_progression,second_interview,Offer from Lighthouse Cloud,"We are pleased to offer you the Software Engineer position. The offer details, proposed start date, and terms are available in the candidate portal at https://example.test/offer.",semi_automated,hr,easy,Lighthouse Cloud,,,Software Engineer,,https://example.test/offer.
JOB-01620,job_search,application_notification,application_received,Application received — UX Designer,Thank you for your interest in the UX Designer position at Silverline Systems. We have received your application and our hiring team will review it. We will contact you if there is a suitable next step.,human,hr,easy,Silverline Systems,,,UX Designer,,
JOB-01621,job_search,rejection,personalized_recruiter,Regarding your application,"Thank you for speaking with our team about the Financial Analyst role. Unfortunately, we will not be progressing your application to the next stage.

Best regards,
Taylor Nielsen",human,hiring_manager,medium,,Taylor Nielsen,,Financial Analyst,,
JOB-01622,job_search,acceptance_progression,first_interview,We'd like to move forward,Thank you for speaking with us. The team enjoyed learning about your experience and would like to continue the conversation. We would like to arrange the next interview with you.,human,recruiter,medium,,,,,,
JOB-01623,job_search,acceptance_progression,offer,Next step in your application,We are pleased to let you know that your application has progressed to the next stage. Please provide your availability for an interview with the hiring team.,semi_automated,ats,hard,,,,,,
JOB-01624,job_search,acceptance_progression,first_interview,Offer from Redwood Solutions,"We are pleased to offer you the Marketing Manager position. The offer details, proposed start date, and terms are available in the candidate portal at https://example.test/offer.",human,hiring_manager,hard,Redwood Solutions,,,Marketing Manager,,https://example.test/offer.
JOB-01625,job_search,rejection,generic_automated_rejection,Application outcome,The review for the Software Engineer position is now complete. We will be moving forward with another candidate. Thank you for your interest in Summit Retail.,automated,hiring_manager,easy,Summit Retail,,,Software Engineer,,
JOB-01626,job_search,acceptance_progression,assessment,We'd like to move forward,Thank you for speaking with us. The team enjoyed learning about your experience and would like to continue the conversation. We would like to arrange the next interview with you.,human,ats,adversarial,,,,,,
JOB-01627,job_search,rejection,post_interview,Recruitment update,"We were impressed by your background and appreciated the opportunity to learn more about you. At this stage, however, we have chosen to take the process in a different direction.",human,recruiter,hard,,,,,,
JOB-01628,job_search,rejection,post_application_review,Update on your Sales Development Representative application,"Thank you for applying for the Sales Development Representative position at Meridian Health. After careful consideration, we have decided not to move forward with your application at this time.",human,company,hard,Meridian Health,,,Sales Development Representative,,
JOB-01629,job_search,acceptance_progression,second_interview,We'd like to move forward,Thank you for speaking with us. The team enjoyed learning about your experience and would like to continue the conversation. We would like to arrange the next interview with you.,human,ats,hard,,,,,,
JOB-01630,job_search,application_notification,application_received,Thanks for applying to Lighthouse Cloud,We appreciate your interest in the Operations Specialist opportunity. Your application is now with our recruitment team. You do not need to take any further action at this time.,automated,company,easy,Lighthouse Cloud,,,Operations Specialist,,
JOB-01631,job_search,rejection,post_application_review,Regarding your application,"Thank you for speaking with our team about the Data Analyst role. Unfortunately, we will not be progressing your application to the next stage.",automated,company,easy,,,,Data Analyst,,
JOB-01632,job_search,application_notification,thank_you_for_applying,More opportunities for you,"Thank you for applying for Content Strategist. While your application is being reviewed, you may also be interested in other roles that match your profile at Vertex Consulting.",automated,company,easy,Vertex Consulting,,,Content Strategist,,
JOB-01633,job_search,acceptance_progression,first_interview,Assessment invitation,We would like to invite you to complete the next stage of our selection process. The assessment will help the team evaluate your skills for the Frontend Developer role.,human,company,easy,,,,Frontend Developer,,
JOB-01634,job_search,rejection,post_interview,Application outcome,"The review for the Machine Learning Engineer position is now complete. We will be moving forward with another candidate. Thank you for your interest in Aurora Mobility.

Best regards,
Casey Miller",automated,recruiter,hard,Aurora Mobility,Casey Miller,,Machine Learning Engineer,,
JOB-01635,job_search,application_notification,application_under_review,Your application has been submitted,Your application for Operations Specialist at Meridian Health was successfully submitted. This confirmation does not indicate a hiring decision. We appreciate your interest and will review your information.,automated,hr,medium,Meridian Health,,,Operations Specialist,,
JOB-01636,job_search,application_notification,application_received,Your application has been submitted,Your application for Operations Specialist at Meridian Health was successfully submitted. This confirmation does not indicate a hiring decision. We appreciate your interest and will review your information.,human,hr,easy,Meridian Health,,,Operations Specialist,,
JOB-01637,job_search,acceptance_progression,first_interview,Next step in your application,We are pleased to let you know that your application has progressed to the next stage. Please provide your availability for an interview with the hiring team.,human,hr,adversarial,,,,,,
JOB-01638,job_search,application_notification,other_application_system,Thanks for applying to BluePeak Analytics,"We appreciate your interest in the Sales Development Representative opportunity. Your application is now with our recruitment team. You do not need to take any further action at this time.

Best regards,
Maya Chen",semi_automated,ats,hard,BluePeak Analytics,Maya Chen,,Sales Development Representative,,
JOB-01639,job_search,rejection,post_application_review,Update on your Software Engineer application,"Thank you for applying for the Software Engineer position at Atlas Software. After careful consideration, we have will not be progressing with your application at this time.",human,company,easy,Atlas Software,,,Software Engineer,,
JOB-01640,job_search,rejection,post_interview,Regarding your application,"Thank you for speaking with our team about the Financial Analyst role. Unfortunately, we will not be progressing your application to the next stage.",automated,ats,medium,,,,Financial Analyst,,
JOB-01641,job_search,application_notification,application_under_review,Thanks for applying to Atlas Software,We appreciate your interest in the Software Engineer opportunity. Your application is now with our recruitment team. You do not need to take any further action at this time.,human,recruiter,easy,Atlas Software,,,Software Engineer,,
JOB-01642,job_search,acceptance_progression,first_interview,Offer from BluePeak Analytics,"Hello Dana,

We are pleased to offer you the Machine Learning Engineer position. The offer details, proposed start date, and terms are available in the candidate portal at https://example.test/offer.

The interview team is based in Munich.",human,hiring_manager,medium,BluePeak Analytics,,Munich,Machine Learning Engineer,,https://example.test/offer.
JOB-01643,job_search,acceptance_progression,first_interview,Interview invitation — Business Analyst,We have reviewed your application for the Business Analyst position at Aurora Mobility and would like to invite you to the next stage of the process. Please use https://example.test/schedule to select a convenient time.,semi_automated,hr,hard,Aurora Mobility,,,Business Analyst,,https://example.test/schedule
JOB-01644,job_search,acceptance_progression,recruiter_screen,Next step in your application,We are pleased to let you know that your application has progressed to the next stage. Please provide your availability for an interview with the hiring team.,semi_automated,company,medium,,,,,,
JOB-01645,job_search,acceptance_progression,recruiter_screen,We'd like to move forward,Thank you for speaking with us. The team enjoyed learning about your experience and would like to continue the conversation. We would like to arrange the next interview with you.,semi_automated,recruiter,hard,,,,,,
JOB-01646,job_search,acceptance_progression,recruiter_screen,Offer from Pinecrest Media,"We are pleased to offer you the Customer Success Manager position. The offer details, proposed start date, and terms are available in the candidate portal at https://example.test/offer.

Best regards,
Noah Turner",human,hr,medium,Pinecrest Media,Noah Turner,,Customer Success Manager,,https://example.test/offer.
JOB-01647,job_search,rejection,other_candidates,Regarding your application,Thank you for speaking with our team about the UX Designer role. we will not be progressing your application to the next stage.,automated,hr,easy,,,,UX Designer,,
JOB-01648,job_search,rejection,different_direction,Your application with Redwood Solutions,We appreciate the time you invested in the recruitment process. We have decided to continue with other candidates whose experience more closely matches the current requirements.,human,ats,hard,Redwood Solutions,,,,,
JOB-01649,job_search,application_notification,application_received,Thanks for applying to Atlas Software,We appreciate your interest in the Sales Development Representative opportunity. Your application is now with our recruitment team. You do not need to take any further action at this time. Please note that this message is only a confirmation that we received your application.,semi_automated,recruiter,hard,Atlas Software,,,Sales Development Representative,,
JOB-01650,job_search,rejection,post_final_interview,Application outcome,The review for the Content Strategist position is now complete. We will be moving forward with another candidate. Thank you for your interest in Silverline Systems.,automated,recruiter,hard,Silverline Systems,,,Content Strategist,,
JOB-01651,job_search,application_notification,application_under_review,Your application has been submitted,Your application for UX Designer at Lighthouse Cloud was successfully submitted. This confirmation does not indicate a hiring decision. We appreciate your interest and will review your information.,automated,recruiter,easy,Lighthouse Cloud,,,UX Designer,,
JOB-01652,job_search,acceptance_progression,first_interview,Interview invitation — Business Analyst,We have reviewed your application for the Business Analyst position at Cedar Digital and would like to invite you to the next stage of the process. Please use https://example.test/schedule to select a convenient time.,human,ats,medium,Cedar Digital,,,Business Analyst,,https://example.test/schedule
JOB-01653,job_search,acceptance_progression,offer,Offer from Aurora Mobility,"We are pleased to offer you the Product Manager position. The offer details, proposed start date, and terms are available in the candidate portal at https://example.test/offer.",human,ats,medium,Aurora Mobility,,,Product Manager,,https://example.test/offer.
JOB-01654,job_search,rejection,post_application_review,Application outcome,The review for the Customer Success Manager position is now complete. We will be moving forward with another candidate. Thank you for your interest in Oakridge Financial.,human,hr,hard,Oakridge Financial,,,Customer Success Manager,,
JOB-01655,job_search,acceptance_progression,first_interview,Assessment invitation,We would like to invite you to complete the next stage of our selection process. The assessment will help the team evaluate your skills for the Financial Analyst role.,human,recruiter,medium,,,,Financial Analyst,,
JOB-01656,job_search,acceptance_progression,recruiter_screen,Interview invitation — DevOps Engineer,We have reviewed your application for the DevOps Engineer position at Northstar Technologies and would like to invite you to the next stage of the process. Please use https://example.test/schedule to select a convenient time.,automated,company,easy,Northstar Technologies,,,DevOps Engineer,,https://example.test/schedule
JOB-01657,job_search,rejection,other_candidates,Application outcome,The review for the Machine Learning Engineer position is now complete. We will be moving forward with another candidate. Thank you for your interest in Oakridge Financial.,semi_automated,recruiter,medium,Oakridge Financial,,,Machine Learning Engineer,,
JOB-01658,job_search,application_notification,application_submitted,Thanks for applying to Summit Retail,We appreciate your interest in the Sales Development Representative opportunity. Your application is now with our recruitment team. You do not need to take any further action at this time.,human,company,easy,Summit Retail,,,Sales Development Representative,,
JOB-01659,job_search,application_notification,application_recommended_jobs,Application received — Software Engineer,Thank you for your interest in the Software Engineer position at BluePeak Analytics. We have received your application and our hiring team will review it. We will contact you if there is a suitable next step. Please note that this message is only a confirmation that we received your application.,human,hr,easy,BluePeak Analytics,,,Software Engineer,,
JOB-01660,job_search,rejection,generic_automated_rejection,Recruitment update,"We were impressed by your background and appreciated the opportunity to learn more about you. At this stage, however, we have chosen to take the process in a different direction.",automated,company,hard,,,,,,
JOB-01661,job_search,rejection,other_candidates,Recruitment update,"We were impressed by your background and appreciated the opportunity to learn more about you. At this stage, however, we have chosen to take the process in a different direction.",human,recruiter,medium,,,,,,
JOB-01662,job_search,acceptance_progression,assessment,Next step in your application,We are pleased to let you know that your application has progressed to the next stage. Please provide your availability for an interview with the hiring team.,automated,ats,easy,,,,,,
JOB-01663,job_search,application_notification,application_recommended_jobs,More opportunities for you,"Thank you for applying for DevOps Engineer. While your application is being reviewed, you may also be interested in other roles that match your profile at Lighthouse Cloud.",semi_automated,hiring_manager,easy,Lighthouse Cloud,,,DevOps Engineer,,
JOB-01664,job_search,rejection,generic_automated_rejection,Regarding your application,"Thank you for speaking with our team about the Content Strategist role. Unfortunately, we will not be progressing your application to the next stage.",human,company,hard,,,,Content Strategist,,
JOB-01665,job_search,acceptance_progression,assessment,Next step in your application,We are pleased to let you know that your application has progressed to the next stage. Please provide your availability for an interview with the hiring team.,human,company,medium,,,,,,
JOB-01666,job_search,acceptance_progression,second_interview,Assessment invitation,We would like to invite you to complete the next stage of our selection process. The assessment will help the team evaluate your skills for the Product Manager role.,human,company,medium,,,,Product Manager,,
JOB-01667,job_search,rejection,different_direction,Application outcome,The review for the Content Strategist position is now complete. We will be moving forward with another candidate. Thank you for your interest in Northstar Technologies.,automated,hiring_manager,hard,Northstar Technologies,,,Content Strategist,,
JOB-01668,job_search,acceptance_progression,second_interview,Assessment invitation,We would like to invite you to complete the next stage of our selection process. The assessment will help the team evaluate your skills for the Sales Development Representative role.,human,company,medium,,,,Sales Development Representative,,
JOB-01669,job_search,application_notification,application_recommended_jobs,Your application has been submitted,Your application for Data Analyst at Cedar Digital was successfully submitted. This confirmation does not indicate a hiring decision. We appreciate your interest and will review your information.,semi_automated,hr,medium,Cedar Digital,,,Data Analyst,,
JOB-01670,job_search,application_notification,application_received,Application status update,Your application for Financial Analyst is currently under review. We are assessing applications against the requirements of the role and will provide an update when the review is complete.,semi_automated,recruiter,hard,,,,Financial Analyst,,
JOB-01671,job_search,rejection,different_direction,Update on your Project Coordinator application,"Thank you for applying for the Project Coordinator position at Silverline Systems. After careful consideration, we have decided not to move forward with your application at this time.",semi_automated,hiring_manager,easy,Silverline Systems,,,Project Coordinator,,
JOB-01672,job_search,acceptance_progression,first_interview,Interview invitation — Operations Specialist,"We have reviewed your application for the Operations Specialist position at Cedar Digital and would like to invite you to the next stage of the process. Please use https://example.test/schedule to select a convenient time.

Best regards,
Liam Mitchell",human,hiring_manager,easy,Cedar Digital,Liam Mitchell,,Operations Specialist,,https://example.test/schedule
JOB-01673,job_search,rejection,post_final_interview,Regarding your application,"Thank you for speaking with our team about the Software Engineer role. Unfortunately, we will not be progressing your application to the next stage.",automated,hr,hard,,,,Software Engineer,,
JOB-01674,job_search,acceptance_progression,recruiter_screen,We'd like to move forward,Thank you for speaking with us. The team enjoyed learning about your experience and would like to continue the conversation. We would like to arrange the next interview with you.,semi_automated,hr,hard,,,,,,
JOB-01675,job_search,acceptance_progression,second_interview,Next step in your application,We are pleased to let you know that your application has progressed to the next stage. Please provide your availability for an interview with the hiring team.,human,hiring_manager,easy,,,,,,
JOB-01676,job_search,acceptance_progression,offer,We'd like to move forward,Thank you for speaking with us. The team enjoyed learning about your experience and would like to continue the conversation. We would like to arrange the next interview with you.,semi_automated,company,easy,,,,,,
JOB-01677,job_search,acceptance_progression,first_interview,Interview invitation — Content Strategist,We have reviewed your application for the Content Strategist position at Horizon Labs and would like to invite you to the next stage of the process. Please use https://example.test/schedule to select a convenient time.,semi_automated,ats,medium,Horizon Labs,,,Content Strategist,,https://example.test/schedule
JOB-01678,job_search,acceptance_progression,first_interview,Interview invitation — Product Manager,We have reviewed your application for the Product Manager position at BrightPath Energy and would like to invite you to the next stage of the process. Please use https://example.test/schedule to select a convenient time.,automated,hiring_manager,easy,BrightPath Energy,,,Product Manager,,https://example.test/schedule
JOB-01679,job_search,application_notification,application_submitted,Thanks for applying to BrightPath Energy,"We appreciate your interest in the Software Engineer opportunity. Your application is now with our recruitment team. You do not need to take any further action at this time. Please note that this message is only a confirmation that we received your application.

Best regards,
Sofia Lee",automated,ats,hard,BrightPath Energy,Sofia Lee,,Software Engineer,,
JOB-01680,job_search,application_notification,application_submitted,More opportunities for you,"Thank you for applying for Marketing Manager. While your application is being reviewed, you may also be interested in other roles that match your profile at Horizon Labs.",semi_automated,hiring_manager,easy,Horizon Labs,,,Marketing Manager,,
JOB-01681,job_search,rejection,generic_automated_rejection,Your application with Redwood Solutions,We appreciate the time you invested in the recruitment process. We have decided to continue with other candidates whose experience more closely matches the current requirements.,semi_automated,company,easy,Redwood Solutions,,,,,
JOB-01682,job_search,acceptance_progression,other_progression,We'd like to move forward,Thank you for speaking with us. The team enjoyed learning about your experience and would like to continue the conversation. We would like to arrange the next interview with you.,automated,ats,medium,,,,,,
JOB-01683,job_search,application_notification,application_submitted,Application received — Operations Specialist,Thank you for your interest in the Operations Specialist position at BluePeak Analytics. We have received your application and our hiring team will review it. We will contact you if there is a suitable next step.,semi_automated,company,adversarial,BluePeak Analytics,,,Operations Specialist,,
JOB-01684,job_search,acceptance_progression,first_interview,We'd like to move forward,Thank you for speaking with us. The team enjoyed learning about your experience and would like to continue the conversation. We would like to arrange the next interview with you.,human,ats,medium,,,,,,
JOB-01685,job_search,acceptance_progression,offer,We'd like to move forward,Thank you for speaking with us. The team enjoyed learning about your experience and would like to continue the conversation. We would like to arrange the next interview with you.,human,recruiter,easy,,,,,,
JOB-01686,job_search,application_notification,application_status_update,More opportunities for you,"Thank you for applying for Financial Analyst. While your application is being reviewed, you may also be interested in other roles that match your profile at Silverline Systems.",human,ats,adversarial,Silverline Systems,,,Financial Analyst,,
JOB-01687,job_search,application_notification,application_submitted,Application status update,Your application for UX Designer is currently under review. We are assessing applications against the requirements of the role and will provide an update when the review is complete.,human,recruiter,medium,,,,UX Designer,,
JOB-01688,job_search,acceptance_progression,final_interview,Next step in your application,We are pleased to let you know that your application has progressed to the next stage. Please provide your availability for an interview with the hiring team.,semi_automated,recruiter,hard,,,,,,
JOB-01689,job_search,acceptance_progression,first_interview,Interview invitation — UX Designer,"Hello Casey,

We have reviewed your application for the UX Designer position at Aurora Mobility and would like to invite you to the next stage of the process. Please use https://example.test/schedule to select a convenient time.

The interview team is based in Munich.

Best regards,
Casey Evans",semi_automated,ats,medium,Aurora Mobility,Casey Evans,Munich,UX Designer,,https://example.test/schedule
JOB-01690,job_search,application_notification,application_recommended_jobs,Application received — Customer Success Manager,Thank you for your interest in the Customer Success Manager position at Lighthouse Cloud. We have received your application and our hiring team will review it. We will contact you if there is a suitable next step.,human,company,easy,Lighthouse Cloud,,,Customer Success Manager,,
JOB-01691,job_search,acceptance_progression,second_interview,Interview invitation — Sales Development Representative,"We have reviewed your application for the Sales Development Representative position at BluePeak Analytics and would like to invite you to the next stage of the process. Please use https://example.test/schedule to select a convenient time.

Best regards,
Olivia Lee",automated,company,hard,BluePeak Analytics,Olivia Lee,,Sales Development Representative,,https://example.test/schedule
JOB-01692,job_search,acceptance_progression,move_forward,Assessment invitation,We would like to invite you to complete the next stage of our selection process. The assessment will help the team evaluate your skills for the Frontend Developer role.,human,recruiter,medium,,,,Frontend Developer,,
JOB-01693,job_search,acceptance_progression,offer,Interview invitation — Machine Learning Engineer,"Hello Chris,

We have reviewed your application for the Machine Learning Engineer position at Atlas Software and would like to invite you to the next stage of the process. Please use https://example.test/schedule to select a convenient time.

The interview team is based in Paris.",automated,company,easy,Atlas Software,,Paris,Machine Learning Engineer,,https://example.test/schedule
JOB-01694,job_search,acceptance_progression,first_interview,Interview invitation — Content Strategist,We have reviewed your application for the Content Strategist position at Summit Retail and would like to invite you to the next stage of the process. Please use https://example.test/schedule to select a convenient time.,automated,ats,adversarial,Summit Retail,,,Content Strategist,,https://example.test/schedule
JOB-01695,job_search,rejection,other_candidates,Update on your Operations Specialist application,"Thank you for applying for the Operations Specialist position at Meridian Health. After careful consideration, we have will not be progressing with your application at this time.",automated,recruiter,easy,Meridian Health,,,Operations Specialist,,
JOB-01696,job_search,application_notification,application_submitted,Thanks for applying to Silverline Systems,We appreciate your interest in the Business Analyst opportunity. Your application is now with our recruitment team. You do not need to take any further action at this time.,semi_automated,hr,medium,Silverline Systems,,,Business Analyst,,
JOB-01697,job_search,application_notification,thank_you_for_applying,Thanks for applying to BluePeak Analytics,"We appreciate your interest in the Customer Success Manager opportunity. Your application is now with our recruitment team. You do not need to take any further action at this time. Please note that this message is only a confirmation that we received your application.

Best regards,
Olivia Lee",semi_automated,ats,easy,BluePeak Analytics,Olivia Lee,,Customer Success Manager,,
JOB-01698,job_search,application_notification,thank_you_for_applying,More opportunities for you,"Thank you for applying for Software Engineer. While your application is being reviewed, you may also be interested in other roles that match your profile at Redwood Solutions.",human,hr,medium,Redwood Solutions,,,Software Engineer,,
JOB-01699,job_search,rejection,different_direction,Your application with Vertex Consulting,We appreciate the time you invested in the recruitment process. We have decided to continue with other candidates whose experience more closely matches the current requirements.,automated,ats,medium,Vertex Consulting,,,,,
JOB-01700,job_search,rejection,different_direction,Your application with BrightPath Energy,We appreciate the time you invested in the recruitment process. We have decided to continue with other candidates whose experience more closely matches the current requirements.,human,ats,medium,BrightPath Energy,,,,,
JOB-01701,job_search,acceptance_progression,first_interview,Next step in your application,We are pleased to let you know that your application has progressed to the next stage. Please provide your availability for an interview with the hiring team.,human,company,medium,,,,,,
JOB-01702,job_search,rejection,post_application_review,Application outcome,The review for the UX Designer position is now complete. We will be moving forward with another candidate. Thank you for your interest in Summit Retail.,semi_automated,hr,hard,Summit Retail,,,UX Designer,,
JOB-01703,job_search,application_notification,application_submitted,Application received — Product Manager,Thank you for your interest in the Product Manager position at BluePeak Analytics. We have received your application and our hiring team will review it. We will contact you if there is a suitable next step.,automated,company,medium,BluePeak Analytics,,,Product Manager,,
JOB-01704,job_search,acceptance_progression,availability_request,Assessment invitation,We would like to invite you to complete the next stage of our selection process. The assessment will help the team evaluate your skills for the Project Coordinator role.,automated,hiring_manager,easy,,,,Project Coordinator,,
JOB-01705,job_search,rejection,different_direction,Your application with BrightPath Energy,We appreciate the time you invested in the recruitment process. We have decided to continue with other candidates whose experience more closely matches the current requirements.,human,hiring_manager,hard,BrightPath Energy,,,,,
JOB-01706,job_search,rejection,generic_automated_rejection,Regarding your application,"Thank you for speaking with our team about the Customer Success Manager role. Unfortunately, we will not be progressing your application to the next stage.",automated,hr,medium,,,,Customer Success Manager,,
JOB-01707,job_search,acceptance_progression,first_interview,Next step in your application,"Hello Jordan,

We are pleased to let you know that your application has progressed to the next stage. Please provide your availability for an interview with the hiring team.

The interview team is based in Berlin.

Best regards,
Jordan Mitchell",automated,hr,easy,,Jordan Mitchell,Berlin,,,
JOB-01708,job_search,rejection,other_candidates,Update on your Project Coordinator application,"Thank you for applying for the Project Coordinator position at Northstar Technologies. After careful consideration, we have decided not to move forward with your application at this time.",semi_automated,recruiter,medium,Northstar Technologies,,,Project Coordinator,,
JOB-01709,job_search,acceptance_progression,first_interview,Interview invitation — Content Strategist,We have reviewed your application for the Content Strategist position at Oakridge Financial and would like to invite you to the next stage of the process. Please use https://example.test/schedule to select a convenient time.,automated,ats,medium,Oakridge Financial,,,Content Strategist,,https://example.test/schedule
JOB-01710,job_search,rejection,position_related,Recruitment update,"We were impressed by your background and appreciated the opportunity to learn more about you. At this stage, however, we have chosen to take the process in a different direction.

Best regards,
Riley Martin",automated,hr,medium,,Riley Martin,,,,
JOB-01711,job_search,rejection,different_direction,Your application with BluePeak Analytics,We appreciate the time you invested in the recruitment process. We have decided to continue with other candidates whose experience more closely matches the current requirements.,automated,recruiter,medium,BluePeak Analytics,,,,,
JOB-01712,job_search,rejection,post_application_review,Update on your Content Strategist application,"Thank you for applying for the Content Strategist position at BluePeak Analytics. After careful consideration, we have decided not to move forward with your application at this time.",human,company,medium,BluePeak Analytics,,,Content Strategist,,
JOB-01713,job_search,acceptance_progression,move_forward,Assessment invitation,We would like to invite you to complete the next stage of our selection process. The assessment will help the team evaluate your skills for the Machine Learning Engineer role.,automated,hiring_manager,easy,,,,Machine Learning Engineer,,
JOB-01714,job_search,rejection,post_interview,Recruitment update,"We were impressed by your background and appreciated the opportunity to learn more about you. At this stage, however, we have chosen to take the process in a different direction.

Best regards,
Liam Miller",semi_automated,hr,hard,,Liam Miller,,,,
JOB-01715,job_search,acceptance_progression,final_interview,Next step in your application,We are pleased to let you know that your application has progressed to the next stage. Please provide your availability for an interview with the hiring team.,automated,recruiter,medium,,,,,,
JOB-01716,job_search,acceptance_progression,first_interview,Assessment invitation,We would like to invite you to complete the next stage of our selection process. The assessment will help the team evaluate your skills for the Software Engineer role.,semi_automated,company,hard,,,,Software Engineer,,
JOB-01717,job_search,rejection,personalized_recruiter,Application outcome,The review for the Sales Development Representative position is now complete. We will be moving forward with another candidate. Thank you for your interest in BrightPath Energy.,human,hiring_manager,medium,BrightPath Energy,,,Sales Development Representative,,
JOB-01718,job_search,acceptance_progression,first_interview,Assessment invitation,We would like to invite you to complete the next stage of our selection process. The assessment will help the team evaluate your skills for the Machine Learning Engineer role.,automated,company,easy,,,,Machine Learning Engineer,,
JOB-01719,job_search,application_notification,application_under_review,More opportunities for you,"Thank you for applying for Project Coordinator. While your application is being reviewed, you may also be interested in other roles that match your profile at Aurora Mobility.",semi_automated,hr,easy,Aurora Mobility,,,Project Coordinator,,
JOB-01720,job_search,acceptance_progression,offer,Offer from Meridian Health,"We are pleased to offer you the Business Analyst position. The offer details, proposed start date, and terms are available in the candidate portal at https://example.test/offer.",human,company,hard,Meridian Health,,,Business Analyst,,https://example.test/offer.
JOB-01721,job_search,rejection,personalized_recruiter,Recruitment update,"We were impressed by your background and appreciated the opportunity to learn more about you. At this stage, however, we have chosen to take the process in a different direction.",automated,hiring_manager,medium,,,,,,
JOB-01722,job_search,application_notification,thank_you_for_applying,Application received — Project Coordinator,Thank you for your interest in the Project Coordinator position at Cedar Digital. We have received your application and our hiring team will review it. We will contact you if there is a suitable next step.,human,hiring_manager,medium,Cedar Digital,,,Project Coordinator,,
JOB-01723,job_search,acceptance_progression,second_interview,Interview invitation — Sales Development Representative,"We have reviewed your application for the Sales Development Representative position at Aurora Mobility and would like to invite you to the next stage of the process. Please use https://example.test/schedule to select a convenient time.

Best regards,
Maya Chen",automated,hiring_manager,easy,Aurora Mobility,Maya Chen,,Sales Development Representative,,https://example.test/schedule
JOB-01724,job_search,application_notification,recruiter_acknowledgement,Application status update,Your application for Financial Analyst is currently under review. We are assessing applications against the requirements of the role and will provide an update when the review is complete.,automated,hiring_manager,medium,,,,Financial Analyst,,
JOB-01725,job_search,application_notification,application_submitted,Thanks for applying to BluePeak Analytics,We appreciate your interest in the Business Analyst opportunity. Your application is now with our recruitment team. You do not need to take any further action at this time.,human,recruiter,medium,BluePeak Analytics,,,Business Analyst,,
JOB-01726,job_search,rejection,generic_automated_rejection,Update on your Business Analyst application,"Thank you for applying for the Business Analyst position at Redwood Solutions. After careful consideration, we have decided not to move forward with your application at this time.

Best regards,
Casey Khan",human,ats,hard,Redwood Solutions,Casey Khan,,Business Analyst,,
JOB-01727,job_search,rejection,different_direction,Update on your Marketing Manager application,"Thank you for applying for the Marketing Manager position at Pinecrest Media. After careful consideration, we have decided not to move forward with your application at this time.

Best regards,
Morgan Davis",human,recruiter,easy,Pinecrest Media,Morgan Davis,,Marketing Manager,,
JOB-01728,job_search,rejection,other_candidates,Recruitment update,"We were impressed by your background and appreciated the opportunity to learn more about you. At this stage, however, we have chosen to take the process in a different direction.",human,ats,easy,,,,,,
JOB-01729,job_search,acceptance_progression,final_interview,Offer from Aurora Mobility,"We are pleased to offer you the Operations Specialist position. The offer details, proposed start date, and terms are available in the candidate portal at https://example.test/offer.",human,hiring_manager,medium,Aurora Mobility,,,Operations Specialist,,https://example.test/offer.
JOB-01730,job_search,application_notification,application_submitted,Application status update,Your application for Sales Development Representative is currently under review. We are assessing applications against the requirements of the role and will provide an update when the review is complete.,automated,hr,hard,,,,Sales Development Representative,,
JOB-01731,job_search,acceptance_progression,offer,We'd like to move forward,Thank you for speaking with us. The team enjoyed learning about your experience and would like to continue the conversation. We would like to arrange the next interview with you.,semi_automated,hr,medium,,,,,,
JOB-01732,job_search,rejection,other_candidates,Your application with Silverline Systems,We appreciate the time you invested in the recruitment process. We have decided to continue with other candidates whose experience more closely matches the current requirements.,semi_automated,hiring_manager,hard,Silverline Systems,,,,,
JOB-01733,job_search,rejection,other_candidates,Application outcome,The review for the Business Analyst position is now complete. We will be moving forward with another candidate. Thank you for your interest in Northstar Technologies.,semi_automated,hiring_manager,easy,Northstar Technologies,,,Business Analyst,,
JOB-01734,job_search,rejection,post_application_review,Regarding your application,"Thank you for speaking with our team about the Financial Analyst role. Unfortunately, we will not be progressing your application to the next stage.",semi_automated,hiring_manager,hard,,,,Financial Analyst,,
JOB-01735,job_search,application_notification,application_status_update,Your application has been submitted,Your application for Product Manager at Silverline Systems was successfully submitted. This confirmation does not indicate a hiring decision. We appreciate your interest and will review your information.,automated,recruiter,medium,Silverline Systems,,,Product Manager,,
JOB-01736,job_search,application_notification,application_received,Thanks for applying to Atlas Software,We appreciate your interest in the Business Analyst opportunity. Your application is now with our recruitment team. You do not need to take any further action at this time.,human,hiring_manager,easy,Atlas Software,,,Business Analyst,,
JOB-01737,job_search,acceptance_progression,offer,Assessment invitation,We would like to invite you to complete the next stage of our selection process. The assessment will help the team evaluate your skills for the Operations Specialist role.,human,hr,easy,,,,Operations Specialist,,
JOB-01738,job_search,acceptance_progression,second_interview,Assessment invitation,We would like to invite you to complete the next stage of our selection process. The assessment will help the team evaluate your skills for the DevOps Engineer role.,automated,hr,medium,,,,DevOps Engineer,,
JOB-01739,job_search,acceptance_progression,final_interview,Offer from BrightPath Energy,"We are pleased to offer you the Customer Success Manager position. The offer details, proposed start date, and terms are available in the candidate portal at https://example.test/offer.",automated,hiring_manager,easy,BrightPath Energy,,,Customer Success Manager,,https://example.test/offer.
JOB-01740,job_search,application_notification,application_status_update,More opportunities for you,"Thank you for applying for Product Manager. While your application is being reviewed, you may also be interested in other roles that match your profile at Silverline Systems. Please note that this message is only a confirmation that we received your application.",human,hiring_manager,easy,Silverline Systems,,,Product Manager,,
JOB-01741,job_search,acceptance_progression,assessment,Offer from Atlas Software,"Hello Sam,

We are pleased to offer you the Marketing Manager position. The offer details, proposed start date, and terms are available in the candidate portal at https://example.test/offer.

The interview team is based in Dublin.",semi_automated,hr,hard,Atlas Software,,Dublin,Marketing Manager,,https://example.test/offer.
JOB-01742,job_search,application_notification,application_received,Application status update,Your application for Machine Learning Engineer is currently under review. We are assessing applications against the requirements of the role and will provide an update when the review is complete.,human,ats,hard,,,,Machine Learning Engineer,,
JOB-01743,job_search,application_notification,application_submitted,Your application has been submitted,Your application for Operations Specialist at Aurora Mobility was successfully submitted. This confirmation does not indicate a hiring decision. We appreciate your interest and will review your information.,semi_automated,company,hard,Aurora Mobility,,,Operations Specialist,,
JOB-01744,job_search,application_notification,application_received,More opportunities for you,"Thank you for applying for Sales Development Representative. While your application is being reviewed, you may also be interested in other roles that match your profile at Aurora Mobility.",automated,company,medium,Aurora Mobility,,,Sales Development Representative,,
JOB-01745,job_search,acceptance_progression,second_interview,Assessment invitation,We would like to invite you to complete the next stage of our selection process. The assessment will help the team evaluate your skills for the Customer Success Manager role.,human,ats,hard,,,,Customer Success Manager,,
JOB-01746,job_search,application_notification,application_status_update,Thanks for applying to Summit Retail,We appreciate your interest in the Financial Analyst opportunity. Your application is now with our recruitment team. You do not need to take any further action at this time.,human,recruiter,hard,Summit Retail,,,Financial Analyst,,
JOB-01747,job_search,rejection,personalized_recruiter,Recruitment update,"We were impressed by your background and appreciated the opportunity to learn more about you. At this stage, however, we have chosen to take the process in a different direction.",automated,hr,easy,,,,,,
JOB-01748,job_search,application_notification,thank_you_for_applying,Your application has been submitted,Your application for Marketing Manager at Vertex Consulting was successfully submitted. This confirmation does not indicate a hiring decision. We appreciate your interest and will review your information.,semi_automated,hr,adversarial,Vertex Consulting,,,Marketing Manager,,
JOB-01749,job_search,acceptance_progression,final_interview,We'd like to move forward,Thank you for speaking with us. The team enjoyed learning about your experience and would like to continue the conversation. We would like to arrange the next interview with you.,semi_automated,company,easy,,,,,,
JOB-01750,job_search,rejection,different_direction,Regarding your application,"Thank you for speaking with our team about the Business Analyst role. Unfortunately, we will not be progressing your application to the next stage.

Best regards,
Jordan Evans",semi_automated,ats,hard,,Jordan Evans,,Business Analyst,,
JOB-01751,job_search,rejection,generic_automated_rejection,Update on your Project Coordinator application,"Thank you for applying for the Project Coordinator position at Meridian Health. After careful consideration, we have decided not to move forward with your application at this time.

Best regards,
Avery Andersson",human,ats,easy,Meridian Health,Avery Andersson,,Project Coordinator,,
JOB-01752,job_search,application_notification,application_received,Thanks for applying to Pinecrest Media,We appreciate your interest in the Business Analyst opportunity. Your application is now with our recruitment team. You do not need to take any further action at this time.,human,ats,easy,Pinecrest Media,,,Business Analyst,,
JOB-01753,job_search,rejection,generic_automated_rejection,Application outcome,The review for the DevOps Engineer position is now complete. We will be moving forward with another candidate. Thank you for your interest in Silverline Systems.,automated,company,easy,Silverline Systems,,,DevOps Engineer,,
JOB-01754,job_search,application_notification,application_status_update,More opportunities for you,"Thank you for applying for Sales Development Representative. While your application is being reviewed, you may also be interested in other roles that match your profile at Vertex Consulting.",semi_automated,hiring_manager,hard,Vertex Consulting,,,Sales Development Representative,,
JOB-01755,job_search,acceptance_progression,recruiter_screen,Offer from Aurora Mobility,"We are pleased to offer you the Business Analyst position. The offer details, proposed start date, and terms are available in the candidate portal at https://example.test/offer.

Best regards,
Alex Larsson",human,hr,hard,Aurora Mobility,Alex Larsson,,Business Analyst,,https://example.test/offer.
JOB-01756,job_search,acceptance_progression,recruiter_screen,We'd like to move forward,"Hello Olivia,

Thank you for speaking with us. The team enjoyed learning about your experience and would like to continue the conversation. We would like to arrange the next interview with you.

The interview team is based in Oslo.",semi_automated,hr,medium,,,Oslo,,,
JOB-01757,job_search,application_notification,application_received,Application received — Financial Analyst,Thank you for your interest in the Financial Analyst position at Meridian Health. We have received your application and our hiring team will review it. We will contact you if there is a suitable next step.,human,company,easy,Meridian Health,,,Financial Analyst,,
JOB-01758,job_search,application_notification,thank_you_for_applying,Your application has been submitted,Your application for Project Coordinator at Vertex Consulting was successfully submitted. This confirmation does not indicate a hiring decision. We appreciate your interest and will review your information.,automated,ats,adversarial,Vertex Consulting,,,Project Coordinator,,
JOB-01759,job_search,acceptance_progression,recruiter_screen,Assessment invitation,We would like to invite you to complete the next stage of our selection process. The assessment will help the team evaluate your skills for the Machine Learning Engineer role.,semi_automated,ats,easy,,,,Machine Learning Engineer,,
JOB-01760,job_search,acceptance_progression,offer,Assessment invitation,We would like to invite you to complete the next stage of our selection process. The assessment will help the team evaluate your skills for the Content Strategist role.,automated,company,hard,,,,Content Strategist,,
JOB-01761,job_search,acceptance_progression,first_interview,Next step in your application,We are pleased to let you know that your application has progressed to the next stage. Please provide your availability for an interview with the hiring team.,human,company,easy,,,,,,
JOB-01762,job_search,application_notification,application_status_update,More opportunities for you,"Thank you for applying for Project Coordinator. While your application is being reviewed, you may also be interested in other roles that match your profile at Atlas Software.",human,company,easy,Atlas Software,,,Project Coordinator,,
JOB-01763,job_search,rejection,post_application_review,Recruitment update,"We were impressed by your background and appreciated the opportunity to learn more about you. At this stage, however, we have chosen to take the process in a different direction.",automated,hr,easy,,,,,,
JOB-01764,job_search,application_notification,application_received,More opportunities for you,"Thank you for applying for Business Analyst. While your application is being reviewed, you may also be interested in other roles that match your profile at Pinecrest Media.",human,hr,medium,Pinecrest Media,,,Business Analyst,,
JOB-01765,job_search,application_notification,application_recommended_jobs,Thanks for applying to Horizon Labs,We appreciate your interest in the DevOps Engineer opportunity. Your application is now with our recruitment team. You do not need to take any further action at this time.,human,recruiter,hard,Horizon Labs,,,DevOps Engineer,,
JOB-01766,job_search,application_notification,application_status_update,More opportunities for you,"Thank you for applying for UX Designer. While your application is being reviewed, you may also be interested in other roles that match your profile at Summit Retail.",semi_automated,recruiter,medium,Summit Retail,,,UX Designer,,
JOB-01767,job_search,acceptance_progression,offer,Assessment invitation,We would like to invite you to complete the next stage of our selection process. The assessment will help the team evaluate your skills for the Project Coordinator role.,human,ats,easy,,,,Project Coordinator,,
JOB-01768,job_search,acceptance_progression,second_interview,We'd like to move forward,Thank you for speaking with us. The team enjoyed learning about your experience and would like to continue the conversation. We would like to arrange the next interview with you.,human,company,easy,,,,,,
JOB-01769,job_search,rejection,post_application_review,Recruitment update,"We were impressed by your background and appreciated the opportunity to learn more about you. At this stage, however, we have chosen to take the process in a different direction.",semi_automated,recruiter,easy,,,,,,
JOB-01770,job_search,acceptance_progression,move_forward,Interview invitation — Operations Specialist,"Hello Alex,

We have reviewed your application for the Operations Specialist position at Atlas Software and would like to invite you to the next stage of the process. Please use https://example.test/schedule to select a convenient time.

The interview team is based in London.",automated,hr,easy,Atlas Software,,London,Operations Specialist,,https://example.test/schedule
JOB-01771,job_search,rejection,other_candidates,Regarding your application,Thank you for speaking with our team about the Software Engineer role. we will not be progressing your application to the next stage.,human,hiring_manager,hard,,,,Software Engineer,,
JOB-01772,job_search,rejection,generic_automated_rejection,Application outcome,The review for the DevOps Engineer position is now complete. We will be moving forward with another candidate. Thank you for your interest in BluePeak Analytics.,semi_automated,company,easy,BluePeak Analytics,,,DevOps Engineer,,
JOB-01773,job_search,application_notification,thank_you_for_applying,Application status update,Your application for Marketing Manager is currently under review. We are assessing applications against the requirements of the role and will provide an update when the review is complete. Please note that this message is only a confirmation that we received your application.,automated,company,easy,,,,Marketing Manager,,
JOB-01774,job_search,application_notification,application_under_review,More opportunities for you,"Thank you for applying for Financial Analyst. While your application is being reviewed, you may also be interested in other roles that match your profile at Atlas Software.",semi_automated,recruiter,medium,Atlas Software,,,Financial Analyst,,
JOB-01775,job_search,application_notification,application_received,Your application has been submitted,Your application for Operations Specialist at Horizon Labs was successfully submitted. This confirmation does not indicate a hiring decision. We appreciate your interest and will review your information. Please note that this message is only a confirmation that we received your application.,human,hr,easy,Horizon Labs,,,Operations Specialist,,
JOB-01776,job_search,application_notification,other_application_system,Your application has been submitted,Your application for Software Engineer at Horizon Labs was successfully submitted. This confirmation does not indicate a hiring decision. We appreciate your interest and will review your information.,automated,hiring_manager,easy,Horizon Labs,,,Software Engineer,,
JOB-01777,job_search,rejection,post_application_review,Recruitment update,"We were impressed by your background and appreciated the opportunity to learn more about you. At this stage, however, we have chosen to take the process in a different direction.",automated,recruiter,hard,,,,,,
JOB-01778,job_search,application_notification,application_submitted,Application status update,Your application for Operations Specialist is currently under review. We are assessing applications against the requirements of the role and will provide an update when the review is complete.,human,ats,easy,,,,Operations Specialist,,
JOB-01779,job_search,application_notification,application_under_review,More opportunities for you,"Thank you for applying for Business Analyst. While your application is being reviewed, you may also be interested in other roles that match your profile at Summit Retail.",semi_automated,recruiter,adversarial,Summit Retail,,,Business Analyst,,
JOB-01780,job_search,application_notification,thank_you_for_applying,Your application has been submitted,Your application for Project Coordinator at Vertex Consulting was successfully submitted. This confirmation does not indicate a hiring decision. We appreciate your interest and will review your information.,automated,ats,easy,Vertex Consulting,,,Project Coordinator,,
JOB-01781,job_search,application_notification,thank_you_for_applying,More opportunities for you,"Thank you for applying for Customer Success Manager. While your application is being reviewed, you may also be interested in other roles that match your profile at Pinecrest Media.

Best regards,
Sofia Martin",semi_automated,hiring_manager,hard,Pinecrest Media,Sofia Martin,,Customer Success Manager,,
JOB-01782,job_search,application_notification,application_submitted,Application received — Content Strategist,Thank you for your interest in the Content Strategist position at Lighthouse Cloud. We have received your application and our hiring team will review it. We will contact you if there is a suitable next step.,human,ats,medium,Lighthouse Cloud,,,Content Strategist,,
JOB-01783,job_search,acceptance_progression,first_interview,Assessment invitation,We would like to invite you to complete the next stage of our selection process. The assessment will help the team evaluate your skills for the Software Engineer role.,automated,company,medium,,,,Software Engineer,,
JOB-01784,job_search,rejection,post_interview,Recruitment update,"We were impressed by your background and appreciated the opportunity to learn more about you. At this stage, however, we have chosen to take the process in a different direction.",automated,company,easy,,,,,,
JOB-01785,job_search,application_notification,thank_you_for_applying,Thanks for applying to Aurora Mobility,We appreciate your interest in the Marketing Manager opportunity. Your application is now with our recruitment team. You do not need to take any further action at this time.,human,recruiter,hard,Aurora Mobility,,,Marketing Manager,,
JOB-01786,job_search,acceptance_progression,recruiter_screen,Offer from Horizon Labs,"We are pleased to offer you the Business Analyst position. The offer details, proposed start date, and terms are available in the candidate portal at https://example.test/offer.",automated,hiring_manager,hard,Horizon Labs,,,Business Analyst,,https://example.test/offer.
JOB-01787,job_search,application_notification,application_received,Thanks for applying to Atlas Software,We appreciate your interest in the Product Manager opportunity. Your application is now with our recruitment team. You do not need to take any further action at this time. Please note that this message is only a confirmation that we received your application.,human,ats,easy,Atlas Software,,,Product Manager,,
JOB-01788,job_search,acceptance_progression,second_interview,We'd like to move forward,Thank you for speaking with us. The team enjoyed learning about your experience and would like to continue the conversation. We would like to arrange the next interview with you.,semi_automated,hiring_manager,adversarial,,,,,,
JOB-01789,job_search,application_notification,application_under_review,More opportunities for you,"Thank you for applying for Frontend Developer. While your application is being reviewed, you may also be interested in other roles that match your profile at Lighthouse Cloud.",human,hr,easy,Lighthouse Cloud,,,Frontend Developer,,
JOB-01790,job_search,application_notification,other_application_system,Application received — Operations Specialist,Thank you for your interest in the Operations Specialist position at Redwood Solutions. We have received your application and our hiring team will review it. We will contact you if there is a suitable next step.,human,hiring_manager,medium,Redwood Solutions,,,Operations Specialist,,
JOB-01791,job_search,application_notification,thank_you_for_applying,More opportunities for you,"Thank you for applying for DevOps Engineer. While your application is being reviewed, you may also be interested in other roles that match your profile at Vertex Consulting.",semi_automated,company,easy,Vertex Consulting,,,DevOps Engineer,,
JOB-01792,job_search,rejection,post_interview,Update on your Frontend Developer application,"Thank you for applying for the Frontend Developer position at Aurora Mobility. After careful consideration, we have decided not to move forward with your application at this time.",semi_automated,hr,easy,Aurora Mobility,,,Frontend Developer,,
JOB-01793,job_search,rejection,position_related,Update on your DevOps Engineer application,"Thank you for applying for the DevOps Engineer position at Pinecrest Media. After careful consideration, we have decided not to move forward with your application at this time.",human,ats,hard,Pinecrest Media,,,DevOps Engineer,,
JOB-01794,job_search,acceptance_progression,first_interview,Next step in your application,We are pleased to let you know that your application has progressed to the next stage. Please provide your availability for an interview with the hiring team.,human,company,easy,,,,,,
JOB-01795,job_search,application_notification,application_recommended_jobs,Application status update,Your application for Marketing Manager is currently under review. We are assessing applications against the requirements of the role and will provide an update when the review is complete.,automated,hr,easy,,,,Marketing Manager,,
JOB-01796,job_search,application_notification,recruiter_acknowledgement,Thanks for applying to BrightPath Energy,We appreciate your interest in the Content Strategist opportunity. Your application is now with our recruitment team. You do not need to take any further action at this time.,automated,company,medium,BrightPath Energy,,,Content Strategist,,
JOB-01797,job_search,rejection,other_candidates,Application outcome,The review for the Customer Success Manager position is now complete. We will be moving forward with another candidate. Thank you for your interest in Northstar Technologies.,human,company,hard,Northstar Technologies,,,Customer Success Manager,,
JOB-01798,job_search,application_notification,thank_you_for_applying,Application received — Customer Success Manager,Thank you for your interest in the Customer Success Manager position at Lighthouse Cloud. We have received your application and our hiring team will review it. We will contact you if there is a suitable next step.,semi_automated,hr,adversarial,Lighthouse Cloud,,,Customer Success Manager,,
JOB-01799,job_search,rejection,post_final_interview,Update on your UX Designer application,"Thank you for applying for the UX Designer position at Atlas Software. After careful consideration, we have decided not to move forward with your application at this time.",automated,hiring_manager,medium,Atlas Software,,,UX Designer,,
JOB-01800,job_search,rejection,generic_automated_rejection,Your application with Horizon Labs,We appreciate the time you invested in the recruitment process. We have decided to continue with other candidates whose experience more closely matches the current requirements.,semi_automated,ats,easy,Horizon Labs,,,,,
JOB-01801,job_search,acceptance_progression,first_interview,Offer from Lighthouse Cloud,"Hello Sam,

We are pleased to offer you the UX Designer position. The offer details, proposed start date, and terms are available in the candidate portal at https://example.test/offer.

The interview team is based in Helsinki.",semi_automated,ats,hard,Lighthouse Cloud,,Helsinki,UX Designer,,https://example.test/offer.
JOB-01802,job_search,rejection,different_direction,Regarding your application,"Thank you for speaking with our team about the UX Designer role. Unfortunately, we will not be progressing your application to the next stage.",semi_automated,recruiter,medium,,,,UX Designer,,
JOB-01803,job_search,rejection,generic_automated_rejection,Application outcome,The review for the Machine Learning Engineer position is now complete. We will be moving forward with another candidate. Thank you for your interest in Atlas Software.,human,hiring_manager,easy,Atlas Software,,,Machine Learning Engineer,,
JOB-01804,job_search,acceptance_progression,other_progression,Interview invitation — Marketing Manager,We have reviewed your application for the Marketing Manager position at Northstar Technologies and would like to invite you to the next stage of the process. Please use https://example.test/schedule to select a convenient time.,human,hr,hard,Northstar Technologies,,,Marketing Manager,,https://example.test/schedule
JOB-01805,job_search,application_notification,application_status_update,Your application has been submitted,Your application for Financial Analyst at Lighthouse Cloud was successfully submitted. This confirmation does not indicate a hiring decision. We appreciate your interest and will review your information. Please note that this message is only a confirmation that we received your application.,automated,hr,medium,Lighthouse Cloud,,,Financial Analyst,,
JOB-01806,job_search,application_notification,thank_you_for_applying,Application received — Data Analyst,Thank you for your interest in the Data Analyst position at BrightPath Energy. We have received your application and our hiring team will review it. We will contact you if there is a suitable next step.,automated,recruiter,hard,BrightPath Energy,,,Data Analyst,,
JOB-01807,job_search,rejection,post_final_interview,Your application with Redwood Solutions,We appreciate the time you invested in the recruitment process. We have decided to continue with other candidates whose experience more closely matches the current requirements.,semi_automated,company,medium,Redwood Solutions,,,,,
JOB-01808,job_search,acceptance_progression,second_interview,We'd like to move forward,Thank you for speaking with us. The team enjoyed learning about your experience and would like to continue the conversation. We would like to arrange the next interview with you.,human,company,medium,,,,,,
JOB-01809,job_search,application_notification,application_under_review,Your application has been submitted,Your application for Operations Specialist at Vertex Consulting was successfully submitted. This confirmation does not indicate a hiring decision. We appreciate your interest and will review your information. Please note that this message is only a confirmation that we received your application.,human,ats,medium,Vertex Consulting,,,Operations Specialist,,
JOB-01810,job_search,rejection,different_direction,Regarding your application,"Thank you for speaking with our team about the Machine Learning Engineer role. Unfortunately, we will not be progressing your application to the next stage.",automated,hr,hard,,,,Machine Learning Engineer,,
JOB-01811,job_search,application_notification,application_received,More opportunities for you,"Thank you for applying for Frontend Developer. While your application is being reviewed, you may also be interested in other roles that match your profile at Atlas Software.

Best regards,
Avery Larsson",automated,ats,hard,Atlas Software,Avery Larsson,,Frontend Developer,,
JOB-01812,job_search,rejection,post_application_review,Recruitment update,"We were impressed by your background and appreciated the opportunity to learn more about you. At this stage, however, we have chosen to take the process in a different direction.",human,recruiter,easy,,,,,,
JOB-01813,job_search,acceptance_progression,first_interview,We'd like to move forward,Thank you for speaking with us. The team enjoyed learning about your experience and would like to continue the conversation. We would like to arrange the next interview with you.,semi_automated,recruiter,easy,,,,,,
JOB-01814,job_search,application_notification,thank_you_for_applying,Application received — Frontend Developer,Thank you for your interest in the Frontend Developer position at BluePeak Analytics. We have received your application and our hiring team will review it. We will contact you if there is a suitable next step.,automated,hiring_manager,easy,BluePeak Analytics,,,Frontend Developer,,
JOB-01815,job_search,rejection,post_application_review,Update on your Financial Analyst application,"Thank you for applying for the Financial Analyst position at Summit Retail. After careful consideration, we have will not be progressing with your application at this time.",human,hr,easy,Summit Retail,,,Financial Analyst,,
JOB-01816,job_search,application_notification,application_recommended_jobs,Your application has been submitted,Your application for Operations Specialist at Oakridge Financial was successfully submitted. This confirmation does not indicate a hiring decision. We appreciate your interest and will review your information. Please note that this message is only a confirmation that we received your application.,semi_automated,hiring_manager,easy,Oakridge Financial,,,Operations Specialist,,
JOB-01817,job_search,rejection,personalized_recruiter,Application outcome,The review for the Project Coordinator position is now complete. We will be moving forward with another candidate. Thank you for your interest in Oakridge Financial.,human,recruiter,easy,Oakridge Financial,,,Project Coordinator,,
JOB-01818,job_search,rejection,generic_automated_rejection,Recruitment update,"We were impressed by your background and appreciated the opportunity to learn more about you. At this stage, however, we have chosen to take the process in a different direction.",human,hr,easy,,,,,,
JOB-01819,job_search,rejection,other_candidates,Regarding your application,Thank you for speaking with our team about the Product Manager role. we will not be progressing your application to the next stage.,automated,hiring_manager,hard,,,,Product Manager,,
JOB-01820,job_search,rejection,generic_automated_rejection,Regarding your application,"Thank you for speaking with our team about the Financial Analyst role. Unfortunately, we will not be progressing your application to the next stage.",semi_automated,hr,easy,,,,Financial Analyst,,
JOB-01821,job_search,rejection,post_application_review,Your application with BrightPath Energy,We appreciate the time you invested in the recruitment process. We have decided to continue with other candidates whose experience more closely matches the current requirements.,semi_automated,recruiter,hard,BrightPath Energy,,,,,
JOB-01822,job_search,acceptance_progression,move_forward,Assessment invitation,We would like to invite you to complete the next stage of our selection process. The assessment will help the team evaluate your skills for the DevOps Engineer role.,automated,hiring_manager,easy,,,,DevOps Engineer,,
JOB-01823,job_search,rejection,post_application_review,Regarding your application,Thank you for speaking with our team about the DevOps Engineer role. we will not be progressing your application to the next stage.,human,hiring_manager,medium,,,,DevOps Engineer,,
JOB-01824,job_search,rejection,personalized_recruiter,Regarding your application,"Thank you for speaking with our team about the Content Strategist role. Unfortunately, we will not be progressing your application to the next stage.",semi_automated,hiring_manager,hard,,,,Content Strategist,,
JOB-01825,job_search,rejection,other_candidates,Your application with Lighthouse Cloud,We appreciate the time you invested in the recruitment process. We have decided to continue with other candidates whose experience more closely matches the current requirements.,semi_automated,hr,hard,Lighthouse Cloud,,,,,
JOB-01826,job_search,application_notification,recruiter_acknowledgement,Thanks for applying to Silverline Systems,We appreciate your interest in the Machine Learning Engineer opportunity. Your application is now with our recruitment team. You do not need to take any further action at this time.,semi_automated,ats,easy,Silverline Systems,,,Machine Learning Engineer,,
JOB-01827,job_search,acceptance_progression,first_interview,Assessment invitation,We would like to invite you to complete the next stage of our selection process. The assessment will help the team evaluate your skills for the Frontend Developer role.,human,hiring_manager,medium,,,,Frontend Developer,,
JOB-01828,job_search,application_notification,recruiter_acknowledgement,Application status update,Your application for Operations Specialist is currently under review. We are assessing applications against the requirements of the role and will provide an update when the review is complete.,semi_automated,company,medium,,,,Operations Specialist,,
JOB-01829,job_search,acceptance_progression,offer,Next step in your application,We are pleased to let you know that your application has progressed to the next stage. Please provide your availability for an interview with the hiring team.,human,company,adversarial,,,,,,
JOB-01830,job_search,rejection,post_application_review,Update on your Business Analyst application,"Thank you for applying for the Business Analyst position at Oakridge Financial. After careful consideration, we have decided not to move forward with your application at this time.",automated,hr,easy,Oakridge Financial,,,Business Analyst,,
JOB-01831,job_search,rejection,personalized_recruiter,Your application with Redwood Solutions,We appreciate the time you invested in the recruitment process. We have decided to continue with other candidates whose experience more closely matches the current requirements.,semi_automated,hiring_manager,easy,Redwood Solutions,,,,,
JOB-01832,job_search,acceptance_progression,other_progression,We'd like to move forward,Thank you for speaking with us. The team enjoyed learning about your experience and would like to continue the conversation. We would like to arrange the next interview with you.,automated,ats,easy,,,,,,
JOB-01833,job_search,application_notification,application_received,Your application has been submitted,Your application for Frontend Developer at Aurora Mobility was successfully submitted. This confirmation does not indicate a hiring decision. We appreciate your interest and will review your information.,semi_automated,hr,hard,Aurora Mobility,,,Frontend Developer,,
JOB-01834,job_search,application_notification,application_submitted,Your application has been submitted,Your application for Machine Learning Engineer at Northstar Technologies was successfully submitted. This confirmation does not indicate a hiring decision. We appreciate your interest and will review your information.,automated,company,easy,Northstar Technologies,,,Machine Learning Engineer,,
JOB-01835,job_search,acceptance_progression,availability_request,Next step in your application,We are pleased to let you know that your application has progressed to the next stage. Please provide your availability for an interview with the hiring team.,semi_automated,hiring_manager,medium,,,,,,
JOB-01836,job_search,application_notification,recruiter_acknowledgement,Application status update,Your application for Project Coordinator is currently under review. We are assessing applications against the requirements of the role and will provide an update when the review is complete. Please note that this message is only a confirmation that we received your application.,automated,ats,medium,,,,Project Coordinator,,
JOB-01837,job_search,rejection,other_candidates,Regarding your application,"Thank you for speaking with our team about the UX Designer role. Unfortunately, we will not be progressing your application to the next stage.",automated,company,medium,,,,UX Designer,,
JOB-01838,job_search,acceptance_progression,direct_acceptance,Assessment invitation,"Hello Olivia,

We would like to invite you to complete the next stage of our selection process. The assessment will help the team evaluate your skills for the Financial Analyst role.

The interview team is based in Paris.

Best regards,
Olivia Berg",semi_automated,hiring_manager,easy,,Olivia Berg,Paris,Financial Analyst,,
JOB-01839,job_search,application_notification,application_submitted,Application received — Frontend Developer,Thank you for your interest in the Frontend Developer position at Summit Retail. We have received your application and our hiring team will review it. We will contact you if there is a suitable next step.,automated,hiring_manager,easy,Summit Retail,,,Frontend Developer,,
JOB-01840,job_search,acceptance_progression,first_interview,Assessment invitation,"We would like to invite you to complete the next stage of our selection process. The assessment will help the team evaluate your skills for the Financial Analyst role.

Best regards,
Olivia Martin",automated,hr,medium,,Olivia Martin,,Financial Analyst,,
JOB-01841,job_search,acceptance_progression,final_interview,We'd like to move forward,Thank you for speaking with us. The team enjoyed learning about your experience and would like to continue the conversation. We would like to arrange the next interview with you.,automated,recruiter,medium,,,,,,
JOB-01842,job_search,application_notification,application_received,Application received — Software Engineer,Thank you for your interest in the Software Engineer position at BluePeak Analytics. We have received your application and our hiring team will review it. We will contact you if there is a suitable next step.,automated,recruiter,easy,BluePeak Analytics,,,Software Engineer,,
JOB-01843,job_search,acceptance_progression,final_interview,Offer from Pinecrest Media,"We are pleased to offer you the Marketing Manager position. The offer details, proposed start date, and terms are available in the candidate portal at https://example.test/offer.",human,ats,easy,Pinecrest Media,,,Marketing Manager,,https://example.test/offer.
JOB-01844,job_search,acceptance_progression,move_forward,We'd like to move forward,Thank you for speaking with us. The team enjoyed learning about your experience and would like to continue the conversation. We would like to arrange the next interview with you.,semi_automated,company,medium,,,,,,
JOB-01845,job_search,application_notification,application_submitted,More opportunities for you,"Thank you for applying for Machine Learning Engineer. While your application is being reviewed, you may also be interested in other roles that match your profile at Cedar Digital.

Best regards,
Casey Miller",human,ats,hard,Cedar Digital,Casey Miller,,Machine Learning Engineer,,
JOB-01846,job_search,application_notification,application_received,Your application has been submitted,"Your application for Content Strategist at Oakridge Financial was successfully submitted. This confirmation does not indicate a hiring decision. We appreciate your interest and will review your information.

Best regards,
Avery Martin",semi_automated,ats,medium,Oakridge Financial,Avery Martin,,Content Strategist,,
JOB-01847,job_search,application_notification,other_application_system,More opportunities for you,"Thank you for applying for Data Analyst. While your application is being reviewed, you may also be interested in other roles that match your profile at Atlas Software.",automated,hiring_manager,easy,Atlas Software,,,Data Analyst,,
JOB-01848,job_search,rejection,other_candidates,Your application with BluePeak Analytics,We appreciate the time you invested in the recruitment process. We have decided to continue with other candidates whose experience more closely matches the current requirements.,semi_automated,hiring_manager,adversarial,BluePeak Analytics,,,,,
JOB-01849,job_search,application_notification,application_received,Application status update,Your application for Product Manager is currently under review. We are assessing applications against the requirements of the role and will provide an update when the review is complete.,semi_automated,company,hard,,,,Product Manager,,
JOB-01850,job_search,acceptance_progression,assessment,Assessment invitation,We would like to invite you to complete the next stage of our selection process. The assessment will help the team evaluate your skills for the DevOps Engineer role.,human,recruiter,hard,,,,DevOps Engineer,,
JOB-01851,job_search,acceptance_progression,move_forward,Interview invitation — Frontend Developer,We have reviewed your application for the Frontend Developer position at Northstar Technologies and would like to invite you to the next stage of the process. Please use https://example.test/schedule to select a convenient time.,human,company,easy,Northstar Technologies,,,Frontend Developer,,https://example.test/schedule
JOB-01852,job_search,application_notification,thank_you_for_applying,Your application has been submitted,Your application for DevOps Engineer at Northstar Technologies was successfully submitted. This confirmation does not indicate a hiring decision. We appreciate your interest and will review your information.,automated,hr,medium,Northstar Technologies,,,DevOps Engineer,,
JOB-01853,job_search,rejection,post_interview,Application outcome,The review for the Business Analyst position is now complete. We will be moving forward with another candidate. Thank you for your interest in Northstar Technologies.,automated,ats,medium,Northstar Technologies,,,Business Analyst,,
JOB-01854,job_search,acceptance_progression,direct_acceptance,Next step in your application,We are pleased to let you know that your application has progressed to the next stage. Please provide your availability for an interview with the hiring team.,semi_automated,recruiter,medium,,,,,,
JOB-01855,job_search,rejection,post_interview,Your application with Oakridge Financial,We appreciate the time you invested in the recruitment process. We have decided to continue with other candidates whose experience more closely matches the current requirements.,human,company,easy,Oakridge Financial,,,,,
JOB-01856,job_search,rejection,post_interview,Application outcome,The review for the Frontend Developer position is now complete. We will be moving forward with another candidate. Thank you for your interest in Summit Retail.,semi_automated,recruiter,medium,Summit Retail,,,Frontend Developer,,
JOB-01857,job_search,acceptance_progression,move_forward,Offer from Northstar Technologies,"We are pleased to offer you the Marketing Manager position. The offer details, proposed start date, and terms are available in the candidate portal at https://example.test/offer.",automated,company,medium,Northstar Technologies,,,Marketing Manager,,https://example.test/offer.
JOB-01858,job_search,rejection,other_candidates,Your application with Aurora Mobility,We appreciate the time you invested in the recruitment process. We have decided to continue with other candidates whose experience more closely matches the current requirements.,semi_automated,hiring_manager,easy,Aurora Mobility,,,,,
JOB-01859,job_search,acceptance_progression,first_interview,Assessment invitation,"Hello Casey,

We would like to invite you to complete the next stage of our selection process. The assessment will help the team evaluate your skills for the Customer Success Manager role.

The interview team is based in Stockholm.",human,hiring_manager,easy,,,Stockholm,Customer Success Manager,,
JOB-01860,job_search,acceptance_progression,first_interview,We'd like to move forward,"Thank you for speaking with us. The team enjoyed learning about your experience and would like to continue the conversation. We would like to arrange the next interview with you.

Best regards,
Chris Larsson",semi_automated,recruiter,medium,,Chris Larsson,,,,
JOB-01861,job_search,rejection,generic_automated_rejection,Regarding your application,"Thank you for speaking with our team about the Marketing Manager role. Unfortunately, we will not be progressing your application to the next stage.",semi_automated,hr,easy,,,,Marketing Manager,,
JOB-01862,job_search,rejection,post_application_review,Update on your Frontend Developer application,"Thank you for applying for the Frontend Developer position at Summit Retail. After careful consideration, we have decided not to move forward with your application at this time.",semi_automated,hiring_manager,hard,Summit Retail,,,Frontend Developer,,
JOB-01863,job_search,acceptance_progression,final_interview,Assessment invitation,We would like to invite you to complete the next stage of our selection process. The assessment will help the team evaluate your skills for the Marketing Manager role.,human,hiring_manager,easy,,,,Marketing Manager,,
JOB-01864,job_search,application_notification,application_under_review,Application status update,Your application for Frontend Developer is currently under review. We are assessing applications against the requirements of the role and will provide an update when the review is complete. Please note that this message is only a confirmation that we received your application.,automated,ats,medium,,,,Frontend Developer,,
JOB-01865,job_search,application_notification,thank_you_for_applying,Your application has been submitted,Your application for UX Designer at Cedar Digital was successfully submitted. This confirmation does not indicate a hiring decision. We appreciate your interest and will review your information. Please note that this message is only a confirmation that we received your application.,automated,hiring_manager,hard,Cedar Digital,,,UX Designer,,
JOB-01866,job_search,acceptance_progression,recruiter_screen,Next step in your application,"Hello Morgan,

We are pleased to let you know that your application has progressed to the next stage. Please provide your availability for an interview with the hiring team.

The interview team is based in Helsinki.",human,company,medium,,,Helsinki,,,
JOB-01867,job_search,application_notification,application_submitted,Application status update,Your application for UX Designer is currently under review. We are assessing applications against the requirements of the role and will provide an update when the review is complete. Please note that this message is only a confirmation that we received your application.,semi_automated,hr,easy,,,,UX Designer,,
JOB-01868,job_search,application_notification,application_recommended_jobs,Your application has been submitted,Your application for Content Strategist at Atlas Software was successfully submitted. This confirmation does not indicate a hiring decision. We appreciate your interest and will review your information.,human,company,medium,Atlas Software,,,Content Strategist,,
JOB-01869,job_search,application_notification,thank_you_for_applying,More opportunities for you,"Thank you for applying for Content Strategist. While your application is being reviewed, you may also be interested in other roles that match your profile at Summit Retail.",semi_automated,recruiter,easy,Summit Retail,,,Content Strategist,,
JOB-01870,job_search,application_notification,application_recommended_jobs,Thanks for applying to Silverline Systems,We appreciate your interest in the Operations Specialist opportunity. Your application is now with our recruitment team. You do not need to take any further action at this time. Please note that this message is only a confirmation that we received your application.,human,hiring_manager,hard,Silverline Systems,,,Operations Specialist,,
JOB-01871,job_search,application_notification,thank_you_for_applying,Your application has been submitted,Your application for Content Strategist at Redwood Solutions was successfully submitted. This confirmation does not indicate a hiring decision. We appreciate your interest and will review your information.,semi_automated,recruiter,hard,Redwood Solutions,,,Content Strategist,,
JOB-01872,job_search,rejection,post_application_review,Recruitment update,"We were impressed by your background and appreciated the opportunity to learn more about you. At this stage, however, we have chosen to take the process in a different direction.",semi_automated,ats,medium,,,,,,
JOB-01873,job_search,application_notification,application_recommended_jobs,Your application has been submitted,Your application for Software Engineer at BrightPath Energy was successfully submitted. This confirmation does not indicate a hiring decision. We appreciate your interest and will review your information.,human,recruiter,easy,BrightPath Energy,,,Software Engineer,,
JOB-01874,job_search,rejection,post_final_interview,Application outcome,The review for the Financial Analyst position is now complete. We will be moving forward with another candidate. Thank you for your interest in Silverline Systems.,semi_automated,recruiter,easy,Silverline Systems,,,Financial Analyst,,
JOB-01875,job_search,acceptance_progression,move_forward,Offer from Cedar Digital,"We are pleased to offer you the Sales Development Representative position. The offer details, proposed start date, and terms are available in the candidate portal at https://example.test/offer.",human,hiring_manager,easy,Cedar Digital,,,Sales Development Representative,,https://example.test/offer.
JOB-01876,job_search,rejection,post_interview,Your application with Horizon Labs,We appreciate the time you invested in the recruitment process. We have decided to continue with other candidates whose experience more closely matches the current requirements.,human,recruiter,easy,Horizon Labs,,,,,
JOB-01877,job_search,acceptance_progression,other_progression,We'd like to move forward,"Hello Casey,

Thank you for speaking with us. The team enjoyed learning about your experience and would like to continue the conversation. We would like to arrange the next interview with you.

The interview team is based in Amsterdam.",semi_automated,hiring_manager,easy,,,Amsterdam,,,
JOB-01878,job_search,application_notification,application_received,More opportunities for you,"Thank you for applying for UX Designer. While your application is being reviewed, you may also be interested in other roles that match your profile at Redwood Solutions.",semi_automated,hiring_manager,hard,Redwood Solutions,,,UX Designer,,
JOB-01879,job_search,application_notification,application_recommended_jobs,More opportunities for you,"Thank you for applying for Operations Specialist. While your application is being reviewed, you may also be interested in other roles that match your profile at Redwood Solutions.",automated,ats,hard,Redwood Solutions,,,Operations Specialist,,
JOB-01880,job_search,acceptance_progression,first_interview,Next step in your application,We are pleased to let you know that your application has progressed to the next stage. Please provide your availability for an interview with the hiring team.,automated,ats,easy,,,,,,
JOB-01881,job_search,application_notification,thank_you_for_applying,Application status update,Your application for Product Manager is currently under review. We are assessing applications against the requirements of the role and will provide an update when the review is complete.,semi_automated,company,easy,,,,Product Manager,,
JOB-01882,job_search,acceptance_progression,first_interview,We'd like to move forward,Thank you for speaking with us. The team enjoyed learning about your experience and would like to continue the conversation. We would like to arrange the next interview with you.,human,hiring_manager,medium,,,,,,
JOB-01883,job_search,rejection,position_related,Application outcome,The review for the Project Coordinator position is now complete. We will be moving forward with another candidate. Thank you for your interest in Silverline Systems.,human,recruiter,medium,Silverline Systems,,,Project Coordinator,,
JOB-01884,job_search,application_notification,thank_you_for_applying,More opportunities for you,"Thank you for applying for UX Designer. While your application is being reviewed, you may also be interested in other roles that match your profile at BluePeak Analytics.",human,ats,adversarial,BluePeak Analytics,,,UX Designer,,
JOB-01885,job_search,acceptance_progression,assessment,We'd like to move forward,Thank you for speaking with us. The team enjoyed learning about your experience and would like to continue the conversation. We would like to arrange the next interview with you.,semi_automated,ats,medium,,,,,,
JOB-01886,job_search,rejection,post_interview,Your application with Atlas Software,We appreciate the time you invested in the recruitment process. We have decided to continue with other candidates whose experience more closely matches the current requirements.,semi_automated,company,hard,Atlas Software,,,,,
JOB-01887,job_search,acceptance_progression,final_interview,Next step in your application,"Hello Taylor,

We are pleased to let you know that your application has progressed to the next stage. Please provide your availability for an interview with the hiring team.

The interview team is based in London.",semi_automated,company,hard,,,London,,,
JOB-01888,job_search,acceptance_progression,offer,Offer from Silverline Systems,"We are pleased to offer you the Data Analyst position. The offer details, proposed start date, and terms are available in the candidate portal at https://example.test/offer.",automated,ats,easy,Silverline Systems,,,Data Analyst,,https://example.test/offer.
JOB-01889,job_search,application_notification,application_received,Your application has been submitted,Your application for UX Designer at Horizon Labs was successfully submitted. This confirmation does not indicate a hiring decision. We appreciate your interest and will review your information. Please note that this message is only a confirmation that we received your application.,semi_automated,company,medium,Horizon Labs,,,UX Designer,,
JOB-01890,job_search,application_notification,application_received,Application received — Product Manager,"Thank you for your interest in the Product Manager position at Horizon Labs. We have received your application and our hiring team will review it. We will contact you if there is a suitable next step. Please note that this message is only a confirmation that we received your application.

Best regards,
Dana Wilson",human,recruiter,adversarial,Horizon Labs,Dana Wilson,,Product Manager,,
JOB-01891,job_search,rejection,post_final_interview,Update on your Content Strategist application,"Thank you for applying for the Content Strategist position at Northstar Technologies. After careful consideration, we have decided not to move forward with your application at this time.",human,ats,adversarial,Northstar Technologies,,,Content Strategist,,
JOB-01892,job_search,application_notification,recruiter_acknowledgement,Application status update,Your application for Sales Development Representative is currently under review. We are assessing applications against the requirements of the role and will provide an update when the review is complete.,semi_automated,hiring_manager,easy,,,,Sales Development Representative,,
JOB-01893,job_search,acceptance_progression,second_interview,Interview invitation — Machine Learning Engineer,We have reviewed your application for the Machine Learning Engineer position at Oakridge Financial and would like to invite you to the next stage of the process. Please use https://example.test/schedule to select a convenient time.,semi_automated,recruiter,easy,Oakridge Financial,,,Machine Learning Engineer,,https://example.test/schedule
JOB-01894,job_search,acceptance_progression,recruiter_screen,Assessment invitation,We would like to invite you to complete the next stage of our selection process. The assessment will help the team evaluate your skills for the Sales Development Representative role.,human,hiring_manager,easy,,,,Sales Development Representative,,
JOB-01895,job_search,acceptance_progression,direct_acceptance,Interview invitation — Financial Analyst,We have reviewed your application for the Financial Analyst position at Silverline Systems and would like to invite you to the next stage of the process. Please use https://example.test/schedule to select a convenient time.,automated,hr,medium,Silverline Systems,,,Financial Analyst,,https://example.test/schedule
JOB-01896,job_search,rejection,generic_automated_rejection,Your application with Silverline Systems,We appreciate the time you invested in the recruitment process. We have decided to continue with other candidates whose experience more closely matches the current requirements.,human,recruiter,adversarial,Silverline Systems,,,,,
JOB-01897,job_search,acceptance_progression,first_interview,We'd like to move forward,"Thank you for speaking with us. The team enjoyed learning about your experience and would like to continue the conversation. We would like to arrange the next interview with you.

Best regards,
Emma Davis",automated,ats,medium,,Emma Davis,,,,
JOB-01898,job_search,application_notification,application_submitted,Thanks for applying to Atlas Software,We appreciate your interest in the Software Engineer opportunity. Your application is now with our recruitment team. You do not need to take any further action at this time.,semi_automated,hr,easy,Atlas Software,,,Software Engineer,,
JOB-01899,job_search,rejection,post_interview,Your application with Vertex Consulting,We appreciate the time you invested in the recruitment process. We have decided to continue with other candidates whose experience more closely matches the current requirements.,human,hiring_manager,easy,Vertex Consulting,,,,,
JOB-01900,job_search,acceptance_progression,direct_acceptance,Next step in your application,We are pleased to let you know that your application has progressed to the next stage. Please provide your availability for an interview with the hiring team.,semi_automated,company,easy,,,,,,
JOB-01901,job_search,rejection,post_application_review,Regarding your application,Thank you for speaking with our team about the Financial Analyst role. we will not be progressing your application to the next stage.,automated,hiring_manager,easy,,,,Financial Analyst,,
JOB-01902,job_search,rejection,different_direction,Application outcome,The review for the Content Strategist position is now complete. We will be moving forward with another candidate. Thank you for your interest in Cedar Digital.,human,hiring_manager,medium,Cedar Digital,,,Content Strategist,,
JOB-01903,job_search,acceptance_progression,recruiter_screen,Interview invitation — Operations Specialist,We have reviewed your application for the Operations Specialist position at Redwood Solutions and would like to invite you to the next stage of the process. Please use https://example.test/schedule to select a convenient time.,semi_automated,ats,hard,Redwood Solutions,,,Operations Specialist,,https://example.test/schedule
JOB-01904,job_search,rejection,generic_automated_rejection,Regarding your application,"Thank you for speaking with our team about the Sales Development Representative role. Unfortunately, we will not be progressing your application to the next stage.

Best regards,
Alex Wilson",semi_automated,hiring_manager,medium,,Alex Wilson,,Sales Development Representative,,
JOB-01905,job_search,acceptance_progression,first_interview,Assessment invitation,"We would like to invite you to complete the next stage of our selection process. The assessment will help the team evaluate your skills for the Customer Success Manager role.

Best regards,
Jamie Wilson",human,recruiter,adversarial,,Jamie Wilson,,Customer Success Manager,,
JOB-01906,job_search,application_notification,thank_you_for_applying,Application received — Project Coordinator,Thank you for your interest in the Project Coordinator position at Silverline Systems. We have received your application and our hiring team will review it. We will contact you if there is a suitable next step.,automated,hiring_manager,medium,Silverline Systems,,,Project Coordinator,,
JOB-01907,job_search,rejection,post_final_interview,Update on your Marketing Manager application,"Thank you for applying for the Marketing Manager position at Silverline Systems. After careful consideration, we have will not be progressing with your application at this time.",semi_automated,hiring_manager,adversarial,Silverline Systems,,,Marketing Manager,,
JOB-01908,job_search,acceptance_progression,first_interview,Assessment invitation,We would like to invite you to complete the next stage of our selection process. The assessment will help the team evaluate your skills for the Customer Success Manager role.,semi_automated,hiring_manager,medium,,,,Customer Success Manager,,
JOB-01909,job_search,rejection,other_candidates,Application outcome,The review for the Data Analyst position is now complete. We will be moving forward with another candidate. Thank you for your interest in Northstar Technologies.,human,hr,medium,Northstar Technologies,,,Data Analyst,,
JOB-01910,job_search,application_notification,thank_you_for_applying,Thanks for applying to Cedar Digital,We appreciate your interest in the Product Manager opportunity. Your application is now with our recruitment team. You do not need to take any further action at this time.,automated,ats,hard,Cedar Digital,,,Product Manager,,
JOB-01911,job_search,rejection,post_interview,Update on your Business Analyst application,"Thank you for applying for the Business Analyst position at Aurora Mobility. After careful consideration, we have will not be progressing with your application at this time.

Best regards,
Emma Miller",semi_automated,recruiter,medium,Aurora Mobility,Emma Miller,,Business Analyst,,
JOB-01912,job_search,application_notification,other_application_system,Application status update,Your application for Frontend Developer is currently under review. We are assessing applications against the requirements of the role and will provide an update when the review is complete.,automated,hr,medium,,,,Frontend Developer,,
JOB-01913,job_search,acceptance_progression,availability_request,Next step in your application,We are pleased to let you know that your application has progressed to the next stage. Please provide your availability for an interview with the hiring team.,automated,ats,medium,,,,,,
JOB-01914,job_search,acceptance_progression,second_interview,Offer from BluePeak Analytics,"We are pleased to offer you the Product Manager position. The offer details, proposed start date, and terms are available in the candidate portal at https://example.test/offer.

Best regards,
Riley Khan",automated,hiring_manager,medium,BluePeak Analytics,Riley Khan,,Product Manager,,https://example.test/offer.
JOB-01915,job_search,acceptance_progression,first_interview,Assessment invitation,We would like to invite you to complete the next stage of our selection process. The assessment will help the team evaluate your skills for the Financial Analyst role.,human,ats,easy,,,,Financial Analyst,,
JOB-01916,job_search,rejection,other_candidates,Recruitment update,"We were impressed by your background and appreciated the opportunity to learn more about you. At this stage, however, we have chosen to take the process in a different direction.",semi_automated,hr,medium,,,,,,
JOB-01917,job_search,acceptance_progression,move_forward,Assessment invitation,We would like to invite you to complete the next stage of our selection process. The assessment will help the team evaluate your skills for the Operations Specialist role.,human,hr,easy,,,,Operations Specialist,,
JOB-01918,job_search,rejection,generic_automated_rejection,Recruitment update,"We were impressed by your background and appreciated the opportunity to learn more about you. At this stage, however, we have chosen to take the process in a different direction.",semi_automated,ats,medium,,,,,,
JOB-01919,job_search,acceptance_progression,offer,We'd like to move forward,"Hello Noah,

Thank you for speaking with us. The team enjoyed learning about your experience and would like to continue the conversation. We would like to arrange the next interview with you.

The interview team is based in Stockholm.",semi_automated,hr,medium,,,Stockholm,,,
JOB-01920,job_search,acceptance_progression,move_forward,We'd like to move forward,"Hello Sofia,

Thank you for speaking with us. The team enjoyed learning about your experience and would like to continue the conversation. We would like to arrange the next interview with you.

The interview team is based in Amsterdam.",human,ats,easy,,,Amsterdam,,,
JOB-01921,job_search,acceptance_progression,second_interview,Interview invitation — Content Strategist,We have reviewed your application for the Content Strategist position at Atlas Software and would like to invite you to the next stage of the process. Please use https://example.test/schedule to select a convenient time.,automated,company,medium,Atlas Software,,,Content Strategist,,https://example.test/schedule
JOB-01922,job_search,rejection,post_final_interview,Your application with Northstar Technologies,We appreciate the time you invested in the recruitment process. We have decided to continue with other candidates whose experience more closely matches the current requirements.,human,hr,easy,Northstar Technologies,,,,,
JOB-01923,job_search,rejection,generic_automated_rejection,Application outcome,The review for the Financial Analyst position is now complete. We will be moving forward with another candidate. Thank you for your interest in Aurora Mobility.,automated,hr,medium,Aurora Mobility,,,Financial Analyst,,
JOB-01924,job_search,rejection,post_application_review,Application outcome,The review for the Content Strategist position is now complete. We will be moving forward with another candidate. Thank you for your interest in Meridian Health.,human,hr,medium,Meridian Health,,,Content Strategist,,
JOB-01925,job_search,application_notification,application_received,Application status update,Your application for Frontend Developer is currently under review. We are assessing applications against the requirements of the role and will provide an update when the review is complete.,human,hr,easy,,,,Frontend Developer,,
JOB-01926,job_search,application_notification,application_submitted,Your application has been submitted,Your application for Frontend Developer at Summit Retail was successfully submitted. This confirmation does not indicate a hiring decision. We appreciate your interest and will review your information.,semi_automated,company,hard,Summit Retail,,,Frontend Developer,,
JOB-01927,job_search,acceptance_progression,second_interview,Assessment invitation,"We would like to invite you to complete the next stage of our selection process. The assessment will help the team evaluate your skills for the Customer Success Manager role.

Best regards,
Jordan Larsson",semi_automated,ats,adversarial,,Jordan Larsson,,Customer Success Manager,,
JOB-01928,job_search,acceptance_progression,recruiter_screen,Offer from Summit Retail,"We are pleased to offer you the Product Manager position. The offer details, proposed start date, and terms are available in the candidate portal at https://example.test/offer.

Best regards,
Casey Mitchell",semi_automated,hiring_manager,hard,Summit Retail,Casey Mitchell,,Product Manager,,https://example.test/offer.
JOB-01929,job_search,rejection,generic_automated_rejection,Update on your Product Manager application,"Thank you for applying for the Product Manager position at Cedar Digital. After careful consideration, we have will not be progressing with your application at this time.",semi_automated,recruiter,medium,Cedar Digital,,,Product Manager,,
JOB-01930,job_search,rejection,generic_automated_rejection,Your application with Horizon Labs,We appreciate the time you invested in the recruitment process. We have decided to continue with other candidates whose experience more closely matches the current requirements.,semi_automated,recruiter,hard,Horizon Labs,,,,,
JOB-01931,job_search,rejection,other_candidates,Recruitment update,"We were impressed by your background and appreciated the opportunity to learn more about you. At this stage, however, we have chosen to take the process in a different direction.",semi_automated,company,medium,,,,,,
JOB-01932,job_search,application_notification,application_under_review,More opportunities for you,"Thank you for applying for UX Designer. While your application is being reviewed, you may also be interested in other roles that match your profile at Vertex Consulting.",automated,company,hard,Vertex Consulting,,,UX Designer,,
JOB-01933,job_search,acceptance_progression,first_interview,Interview invitation — Software Engineer,We have reviewed your application for the Software Engineer position at Cedar Digital and would like to invite you to the next stage of the process. Please use https://example.test/schedule to select a convenient time.,human,hr,easy,Cedar Digital,,,Software Engineer,,https://example.test/schedule
JOB-01934,job_search,application_notification,application_under_review,Application received — Sales Development Representative,Thank you for your interest in the Sales Development Representative position at Pinecrest Media. We have received your application and our hiring team will review it. We will contact you if there is a suitable next step. Please note that this message is only a confirmation that we received your application.,automated,company,hard,Pinecrest Media,,,Sales Development Representative,,
JOB-01935,job_search,application_notification,application_under_review,Application received — Sales Development Representative,Thank you for your interest in the Sales Development Representative position at Summit Retail. We have received your application and our hiring team will review it. We will contact you if there is a suitable next step.,automated,ats,medium,Summit Retail,,,Sales Development Representative,,
JOB-01936,job_search,application_notification,thank_you_for_applying,Application status update,Your application for Project Coordinator is currently under review. We are assessing applications against the requirements of the role and will provide an update when the review is complete.,human,recruiter,easy,,,,Project Coordinator,,
JOB-01937,job_search,application_notification,application_recommended_jobs,Your application has been submitted,Your application for Project Coordinator at Northstar Technologies was successfully submitted. This confirmation does not indicate a hiring decision. We appreciate your interest and will review your information.,automated,ats,adversarial,Northstar Technologies,,,Project Coordinator,,
JOB-01938,job_search,rejection,generic_automated_rejection,Your application with Redwood Solutions,We appreciate the time you invested in the recruitment process. We have decided to continue with other candidates whose experience more closely matches the current requirements.,semi_automated,recruiter,easy,Redwood Solutions,,,,,
JOB-01939,job_search,acceptance_progression,move_forward,Offer from Pinecrest Media,"We are pleased to offer you the Software Engineer position. The offer details, proposed start date, and terms are available in the candidate portal at https://example.test/offer.",automated,company,easy,Pinecrest Media,,,Software Engineer,,https://example.test/offer.
JOB-01940,job_search,acceptance_progression,recruiter_screen,Assessment invitation,"Hello Dana,

We would like to invite you to complete the next stage of our selection process. The assessment will help the team evaluate your skills for the UX Designer role.

The interview team is based in Munich.",human,hr,easy,,,Munich,UX Designer,,
JOB-01941,job_search,rejection,post_application_review,Recruitment update,"We were impressed by your background and appreciated the opportunity to learn more about you. At this stage, however, we have chosen to take the process in a different direction.",semi_automated,recruiter,medium,,,,,,
JOB-01942,job_search,application_notification,thank_you_for_applying,Application received — Customer Success Manager,Thank you for your interest in the Customer Success Manager position at Northstar Technologies. We have received your application and our hiring team will review it. We will contact you if there is a suitable next step.,human,hr,medium,Northstar Technologies,,,Customer Success Manager,,
JOB-01943,job_search,acceptance_progression,final_interview,We'd like to move forward,Thank you for speaking with us. The team enjoyed learning about your experience and would like to continue the conversation. We would like to arrange the next interview with you.,human,hr,easy,,,,,,
JOB-01944,job_search,acceptance_progression,first_interview,Offer from Vertex Consulting,"We are pleased to offer you the Content Strategist position. The offer details, proposed start date, and terms are available in the candidate portal at https://example.test/offer.",human,company,easy,Vertex Consulting,,,Content Strategist,,https://example.test/offer.
JOB-01945,job_search,application_notification,application_status_update,Your application has been submitted,"Your application for Business Analyst at Summit Retail was successfully submitted. This confirmation does not indicate a hiring decision. We appreciate your interest and will review your information. Please note that this message is only a confirmation that we received your application.

Best regards,
Dana Garcia",automated,company,adversarial,Summit Retail,Dana Garcia,,Business Analyst,,
JOB-01946,job_search,rejection,other_candidates,Update on your Content Strategist application,"Thank you for applying for the Content Strategist position at Oakridge Financial. After careful consideration, we have decided not to move forward with your application at this time.",semi_automated,company,easy,Oakridge Financial,,,Content Strategist,,
JOB-01947,job_search,rejection,generic_automated_rejection,Application outcome,The review for the Sales Development Representative position is now complete. We will be moving forward with another candidate. Thank you for your interest in Aurora Mobility.,automated,hiring_manager,medium,Aurora Mobility,,,Sales Development Representative,,
JOB-01948,job_search,rejection,post_final_interview,Regarding your application,"Thank you for speaking with our team about the Frontend Developer role. Unfortunately, we will not be progressing your application to the next stage.",semi_automated,ats,hard,,,,Frontend Developer,,
JOB-01949,job_search,acceptance_progression,move_forward,Assessment invitation,We would like to invite you to complete the next stage of our selection process. The assessment will help the team evaluate your skills for the Product Manager role.,semi_automated,hiring_manager,hard,,,,Product Manager,,
JOB-01950,job_search,application_notification,application_submitted,Thanks for applying to Northstar Technologies,We appreciate your interest in the Project Coordinator opportunity. Your application is now with our recruitment team. You do not need to take any further action at this time. Please note that this message is only a confirmation that we received your application.,human,hiring_manager,medium,Northstar Technologies,,,Project Coordinator,,
JOB-01951,job_search,rejection,post_application_review,Application outcome,The review for the Product Manager position is now complete. We will be moving forward with another candidate. Thank you for your interest in Horizon Labs.,automated,ats,hard,Horizon Labs,,,Product Manager,,
JOB-01952,job_search,rejection,generic_automated_rejection,Update on your Operations Specialist application,"Thank you for applying for the Operations Specialist position at Summit Retail. After careful consideration, we have will not be progressing with your application at this time.",automated,hiring_manager,medium,Summit Retail,,,Operations Specialist,,
JOB-01953,job_search,application_notification,application_submitted,Application status update,Your application for Customer Success Manager is currently under review. We are assessing applications against the requirements of the role and will provide an update when the review is complete.,automated,hiring_manager,medium,,,,Customer Success Manager,,
JOB-01954,job_search,rejection,other_candidates,Regarding your application,"Thank you for speaking with our team about the Sales Development Representative role. Unfortunately, we will not be progressing your application to the next stage.",automated,hiring_manager,easy,,,,Sales Development Representative,,
JOB-01955,job_search,rejection,generic_automated_rejection,Regarding your application,"Thank you for speaking with our team about the Operations Specialist role. Unfortunately, we will not be progressing your application to the next stage.",automated,hiring_manager,hard,,,,Operations Specialist,,
JOB-01956,job_search,rejection,different_direction,Your application with Redwood Solutions,We appreciate the time you invested in the recruitment process. We have decided to continue with other candidates whose experience more closely matches the current requirements.,semi_automated,ats,easy,Redwood Solutions,,,,,
JOB-01957,job_search,application_notification,thank_you_for_applying,Application status update,Your application for Frontend Developer is currently under review. We are assessing applications against the requirements of the role and will provide an update when the review is complete.,semi_automated,company,medium,,,,Frontend Developer,,
JOB-01958,job_search,rejection,personalized_recruiter,Recruitment update,"We were impressed by your background and appreciated the opportunity to learn more about you. At this stage, however, we have chosen to take the process in a different direction.",automated,company,medium,,,,,,
JOB-01959,job_search,application_notification,application_recommended_jobs,Application status update,Your application for Product Manager is currently under review. We are assessing applications against the requirements of the role and will provide an update when the review is complete.,human,recruiter,medium,,,,Product Manager,,
JOB-01960,job_search,application_notification,application_received,More opportunities for you,"Thank you for applying for Marketing Manager. While your application is being reviewed, you may also be interested in other roles that match your profile at Redwood Solutions.",automated,recruiter,adversarial,Redwood Solutions,,,Marketing Manager,,
JOB-01961,job_search,application_notification,application_received,Application received — Machine Learning Engineer,Thank you for your interest in the Machine Learning Engineer position at Atlas Software. We have received your application and our hiring team will review it. We will contact you if there is a suitable next step.,semi_automated,company,medium,Atlas Software,,,Machine Learning Engineer,,
JOB-01962,job_search,acceptance_progression,move_forward,We'd like to move forward,"Hello Avery,

Thank you for speaking with us. The team enjoyed learning about your experience and would like to continue the conversation. We would like to arrange the next interview with you.

The interview team is based in Helsinki.",human,hiring_manager,hard,,,Helsinki,,,
JOB-01963,job_search,application_notification,application_submitted,Application received — Frontend Developer,Thank you for your interest in the Frontend Developer position at BrightPath Energy. We have received your application and our hiring team will review it. We will contact you if there is a suitable next step.,human,recruiter,easy,BrightPath Energy,,,Frontend Developer,,
JOB-01964,job_search,application_notification,application_received,Application received — Frontend Developer,Thank you for your interest in the Frontend Developer position at Horizon Labs. We have received your application and our hiring team will review it. We will contact you if there is a suitable next step.,semi_automated,ats,easy,Horizon Labs,,,Frontend Developer,,
JOB-01965,job_search,acceptance_progression,recruiter_screen,We'd like to move forward,Thank you for speaking with us. The team enjoyed learning about your experience and would like to continue the conversation. We would like to arrange the next interview with you.,human,recruiter,easy,,,,,,
JOB-01966,job_search,application_notification,thank_you_for_applying,Application received — Financial Analyst,Thank you for your interest in the Financial Analyst position at Atlas Software. We have received your application and our hiring team will review it. We will contact you if there is a suitable next step.,human,ats,easy,Atlas Software,,,Financial Analyst,,
JOB-01967,job_search,acceptance_progression,recruiter_screen,Offer from Silverline Systems,"We are pleased to offer you the Product Manager position. The offer details, proposed start date, and terms are available in the candidate portal at https://example.test/offer.

Best regards,
Robin Brown",automated,hr,adversarial,Silverline Systems,Robin Brown,,Product Manager,,https://example.test/offer.
JOB-01968,job_search,acceptance_progression,second_interview,We'd like to move forward,"Hello Alex,

Thank you for speaking with us. The team enjoyed learning about your experience and would like to continue the conversation. We would like to arrange the next interview with you.

The interview team is based in Dublin.",automated,recruiter,easy,,,Dublin,,,
JOB-01969,job_search,rejection,personalized_recruiter,Recruitment update,"We were impressed by your background and appreciated the opportunity to learn more about you. At this stage, however, we have chosen to take the process in a different direction.",semi_automated,hr,easy,,,,,,
JOB-01970,job_search,application_notification,application_status_update,Application received — Product Manager,Thank you for your interest in the Product Manager position at Redwood Solutions. We have received your application and our hiring team will review it. We will contact you if there is a suitable next step.,human,ats,easy,Redwood Solutions,,,Product Manager,,
JOB-01971,job_search,application_notification,thank_you_for_applying,Application received — UX Designer,Thank you for your interest in the UX Designer position at Atlas Software. We have received your application and our hiring team will review it. We will contact you if there is a suitable next step.,automated,hiring_manager,hard,Atlas Software,,,UX Designer,,
JOB-01972,job_search,application_notification,thank_you_for_applying,Thanks for applying to Cedar Digital,We appreciate your interest in the Operations Specialist opportunity. Your application is now with our recruitment team. You do not need to take any further action at this time.,automated,hr,adversarial,Cedar Digital,,,Operations Specialist,,
JOB-01973,job_search,rejection,generic_automated_rejection,Your application with BrightPath Energy,We appreciate the time you invested in the recruitment process. We have decided to continue with other candidates whose experience more closely matches the current requirements.,semi_automated,ats,hard,BrightPath Energy,,,,,
JOB-01974,job_search,application_notification,application_under_review,More opportunities for you,"Thank you for applying for Project Coordinator. While your application is being reviewed, you may also be interested in other roles that match your profile at Pinecrest Media.",automated,recruiter,medium,Pinecrest Media,,,Project Coordinator,,
JOB-01975,job_search,rejection,generic_automated_rejection,Recruitment update,"We were impressed by your background and appreciated the opportunity to learn more about you. At this stage, however, we have chosen to take the process in a different direction.",human,ats,hard,,,,,,
JOB-01976,job_search,application_notification,thank_you_for_applying,More opportunities for you,"Thank you for applying for Customer Success Manager. While your application is being reviewed, you may also be interested in other roles that match your profile at Silverline Systems.",semi_automated,company,medium,Silverline Systems,,,Customer Success Manager,,
JOB-01977,job_search,rejection,generic_automated_rejection,Application outcome,The review for the DevOps Engineer position is now complete. We will be moving forward with another candidate. Thank you for your interest in Meridian Health.,semi_automated,hr,medium,Meridian Health,,,DevOps Engineer,,
JOB-01978,job_search,acceptance_progression,second_interview,Assessment invitation,We would like to invite you to complete the next stage of our selection process. The assessment will help the team evaluate your skills for the Marketing Manager role.,semi_automated,company,easy,,,,Marketing Manager,,
JOB-01979,job_search,rejection,post_interview,Regarding your application,"Thank you for speaking with our team about the Software Engineer role. Unfortunately, we will not be progressing your application to the next stage.",human,recruiter,easy,,,,Software Engineer,,
JOB-01980,job_search,rejection,other_candidates,Regarding your application,"Thank you for speaking with our team about the Customer Success Manager role. Unfortunately, we will not be progressing your application to the next stage.",human,ats,easy,,,,Customer Success Manager,,
JOB-01981,job_search,application_notification,application_submitted,More opportunities for you,"Thank you for applying for Business Analyst. While your application is being reviewed, you may also be interested in other roles that match your profile at Northstar Technologies.",semi_automated,hr,hard,Northstar Technologies,,,Business Analyst,,
JOB-01982,job_search,application_notification,thank_you_for_applying,Thanks for applying to Oakridge Financial,We appreciate your interest in the Frontend Developer opportunity. Your application is now with our recruitment team. You do not need to take any further action at this time.,automated,hiring_manager,easy,Oakridge Financial,,,Frontend Developer,,
JOB-01983,job_search,acceptance_progression,assessment,Offer from Pinecrest Media,"We are pleased to offer you the DevOps Engineer position. The offer details, proposed start date, and terms are available in the candidate portal at https://example.test/offer.",semi_automated,hr,easy,Pinecrest Media,,,DevOps Engineer,,https://example.test/offer.
JOB-01984,job_search,rejection,post_application_review,Update on your Content Strategist application,"Thank you for applying for the Content Strategist position at Summit Retail. After careful consideration, we have decided not to move forward with your application at this time.",automated,hr,hard,Summit Retail,,,Content Strategist,,
JOB-01985,job_search,rejection,post_interview,Recruitment update,"We were impressed by your background and appreciated the opportunity to learn more about you. At this stage, however, we have chosen to take the process in a different direction.",automated,hiring_manager,hard,,,,,,
JOB-01986,job_search,acceptance_progression,offer,Assessment invitation,We would like to invite you to complete the next stage of our selection process. The assessment will help the team evaluate your skills for the Frontend Developer role.,automated,hr,hard,,,,Frontend Developer,,
JOB-01987,job_search,application_notification,application_status_update,Thanks for applying to BluePeak Analytics,We appreciate your interest in the Data Analyst opportunity. Your application is now with our recruitment team. You do not need to take any further action at this time.,human,recruiter,medium,BluePeak Analytics,,,Data Analyst,,
JOB-01988,job_search,acceptance_progression,second_interview,Next step in your application,We are pleased to let you know that your application has progressed to the next stage. Please provide your availability for an interview with the hiring team.,semi_automated,hiring_manager,easy,,,,,,
JOB-01989,job_search,acceptance_progression,second_interview,We'd like to move forward,"Hello Emma,

Thank you for speaking with us. The team enjoyed learning about your experience and would like to continue the conversation. We would like to arrange the next interview with you.

The interview team is based in Helsinki.",semi_automated,hr,easy,,,Helsinki,,,
JOB-01990,job_search,acceptance_progression,other_progression,Assessment invitation,We would like to invite you to complete the next stage of our selection process. The assessment will help the team evaluate your skills for the Content Strategist role.,automated,ats,hard,,,,Content Strategist,,
JOB-01991,job_search,rejection,other_candidates,Update on your Frontend Developer application,"Thank you for applying for the Frontend Developer position at Atlas Software. After careful consideration, we have decided not to move forward with your application at this time.",automated,hiring_manager,easy,Atlas Software,,,Frontend Developer,,
JOB-01992,job_search,application_notification,application_submitted,Application status update,Your application for Operations Specialist is currently under review. We are assessing applications against the requirements of the role and will provide an update when the review is complete.,automated,hr,medium,,,,Operations Specialist,,
JOB-01993,job_search,acceptance_progression,first_interview,Assessment invitation,We would like to invite you to complete the next stage of our selection process. The assessment will help the team evaluate your skills for the Operations Specialist role.,human,ats,hard,,,,Operations Specialist,,
JOB-01994,job_search,acceptance_progression,recruiter_screen,Assessment invitation,"Hello Jordan,

We would like to invite you to complete the next stage of our selection process. The assessment will help the team evaluate your skills for the Software Engineer role.

The interview team is based in Munich.",human,hr,easy,,,Munich,Software Engineer,,
JOB-01995,job_search,application_notification,application_submitted,Application received — Operations Specialist,Thank you for your interest in the Operations Specialist position at Silverline Systems. We have received your application and our hiring team will review it. We will contact you if there is a suitable next step.,automated,hr,hard,Silverline Systems,,,Operations Specialist,,
JOB-01996,job_search,acceptance_progression,first_interview,Next step in your application,"Hello Jordan,

We are pleased to let you know that your application has progressed to the next stage. Please provide your availability for an interview with the hiring team.

The interview team is based in Dublin.",semi_automated,ats,hard,,,Dublin,,,
JOB-01997,job_search,rejection,different_direction,Regarding your application,"Thank you for speaking with our team about the Financial Analyst role. Unfortunately, we will not be progressing your application to the next stage.",semi_automated,ats,easy,,,,Financial Analyst,,
JOB-01998,job_search,application_notification,application_status_update,Thanks for applying to Oakridge Financial,We appreciate your interest in the DevOps Engineer opportunity. Your application is now with our recruitment team. You do not need to take any further action at this time.,human,hiring_manager,easy,Oakridge Financial,,,DevOps Engineer,,
JOB-01999,job_search,acceptance_progression,offer,We'd like to move forward,"Hello Chris,

Thank you for speaking with us. The team enjoyed learning about your experience and would like to continue the conversation. We would like to arrange the next interview with you.

The interview team is based in Copenhagen.",automated,hiring_manager,adversarial,,,Copenhagen,,,
JOB-02000,job_search,acceptance_progression,final_interview,Interview invitation — Frontend Developer,We have reviewed your application for the Frontend Developer position at Aurora Mobility and would like to invite you to the next stage of the process. Please use https://example.test/schedule to select a convenient time.,automated,company,easy,Aurora Mobility,,,Frontend Developer,,https://example.test/schedule
